distribution,n,budget,eta,beam_width,candidate_limit,repeats,median_ms,objective
zipf,1000,6,0.15,16,32,3,7.040374999633059,8.266015
hot_middle,1000,6,0.15,16,32,3,11.276249992079102,9.700063
uniform,1000,6,0.15,16,32,3,10.894166000070982,10.0
zipf,10000,6,0.15,16,32,3,12.632291007321328,10.603766
hot_middle,10000,6,0.15,16,32,3,16.987124996376224,13.24627
uniform,10000,6,0.15,16,32,3,17.877582999062724,13.544825
zipf,100000,6,0.15,16,32,3,55.61862500326242,12.958285
hot_middle,100000,6,0.15,16,32,3,59.09479099500459,16.669531
uniform,100000,6,0.15,16,32,3,58.70112498814706,16.760351
