distribution,n,budget,eta,exact,greedy,beam,balanced,weighted,greedy_absolute_objective_gap,beam_absolute_objective_gap,greedy_relative_objective_gap,beam_relative_objective_gap
uniform,8,1,0.00,3.000000,3.000000,3.000000,3.000000,3.000000,0.000000,0.000000,0.000000,0.000000
uniform,8,1,0.15,3.000000,3.000000,3.000000,3.000000,3.000000,0.000000,0.000000,0.000000,0.000000
uniform,8,1,0.30,3.000000,3.000000,3.000000,3.000000,3.000000,0.000000,0.000000,0.000000,0.000000
uniform,8,2,0.00,3.000000,3.000000,3.000000,3.000000,3.000000,0.000000,0.000000,0.000000,0.000000
uniform,8,2,0.15,3.000000,3.000000,3.000000,3.000000,3.000000,0.000000,0.000000,0.000000,0.000000
uniform,8,2,0.30,3.000000,3.000000,3.000000,3.000000,3.000000,0.000000,0.000000,0.000000,0.000000
uniform,8,3,0.00,3.000000,3.000000,3.000000,3.000000,3.000000,0.000000,0.000000,0.000000,0.000000
uniform,8,3,0.15,3.000000,3.000000,3.000000,3.000000,3.000000,0.000000,0.000000,0.000000,0.000000
uniform,8,3,0.30,3.000000,3.000000,3.000000,3.000000,3.000000,0.000000,0.000000,0.000000,0.000000
uniform,8,4,0.00,3.000000,3.000000,3.000000,3.000000,3.000000,0.000000,0.000000,0.000000,0.000000
uniform,8,4,0.15,3.000000,3.000000,3.000000,3.000000,3.000000,0.000000,0.000000,0.000000,0.000000
uniform,8,4,0.30,3.000000,3.000000,3.000000,3.000000,3.000000,0.000000,0.000000,0.000000,0.000000
uniform,12,1,0.00,3.666667,3.666667,3.666667,4.000000,4.000000,0.000000,0.000000,0.000000,0.000000
uniform,12,1,0.15,3.716667,3.716667,3.716667,4.000000,4.000000,0.000000,0.000000,0.000000,0.000000
uniform,12,1,0.30,3.766667,3.766667,3.766667,4.000000,4.000000,0.000000,0.000000,0.000000,0.000000
uniform,12,2,0.00,3.666667,3.666667,3.666667,4.000000,4.000000,0.000000,0.000000,0.000000,0.000000
uniform,12,2,0.15,3.716667,3.716667,3.716667,4.000000,4.000000,0.000000,0.000000,0.000000,0.000000
uniform,12,2,0.30,3.766667,3.766667,3.766667,4.000000,4.000000,0.000000,0.000000,0.000000,0.000000
uniform,12,3,0.00,3.666667,3.666667,3.666667,4.000000,4.000000,0.000000,0.000000,0.000000,0.000000
uniform,12,3,0.15,3.716667,3.716667,3.716667,4.000000,4.000000,0.000000,0.000000,0.000000,0.000000
uniform,12,3,0.30,3.766667,3.766667,3.766667,4.000000,4.000000,0.000000,0.000000,0.000000,0.000000
uniform,12,4,0.00,3.666667,3.666667,3.666667,3.916667,3.916667,0.000000,0.000000,0.000000,0.000000
uniform,12,4,0.15,3.716667,3.716667,3.716667,3.929167,3.929167,0.000000,0.000000,0.000000,0.000000
uniform,12,4,0.30,3.766667,3.766667,3.766667,3.941667,3.941667,0.000000,0.000000,0.000000,0.000000
uniform,16,1,0.00,4.000000,4.000000,4.000000,4.000000,4.000000,0.000000,0.000000,0.000000,0.000000
uniform,16,1,0.15,4.000000,4.000000,4.000000,4.000000,4.000000,0.000000,0.000000,0.000000,0.000000
uniform,16,1,0.30,4.000000,4.000000,4.000000,4.000000,4.000000,0.000000,0.000000,0.000000,0.000000
uniform,16,2,0.00,4.000000,4.000000,4.000000,4.000000,4.000000,0.000000,0.000000,0.000000,0.000000
uniform,16,2,0.15,4.000000,4.000000,4.000000,4.000000,4.000000,0.000000,0.000000,0.000000,0.000000
uniform,16,2,0.30,4.000000,4.000000,4.000000,4.000000,4.000000,0.000000,0.000000,0.000000,0.000000
uniform,16,3,0.00,4.000000,4.000000,4.000000,4.000000,4.000000,0.000000,0.000000,0.000000,0.000000
uniform,16,3,0.15,4.000000,4.000000,4.000000,4.000000,4.000000,0.000000,0.000000,0.000000,0.000000
uniform,16,3,0.30,4.000000,4.000000,4.000000,4.000000,4.000000,0.000000,0.000000,0.000000,0.000000
uniform,16,4,0.00,4.000000,4.000000,4.000000,4.000000,4.000000,0.000000,0.000000,0.000000,0.000000
uniform,16,4,0.15,4.000000,4.000000,4.000000,4.000000,4.000000,0.000000,0.000000,0.000000,0.000000
uniform,16,4,0.30,4.000000,4.000000,4.000000,4.000000,4.000000,0.000000,0.000000,0.000000,0.000000
uniform,20,1,0.00,4.600000,4.600000,4.600000,5.000000,5.000000,0.000000,0.000000,0.000000,0.000000
uniform,20,1,0.15,4.660000,4.660000,4.660000,5.000000,5.000000,0.000000,0.000000,0.000000,0.000000
uniform,20,1,0.30,4.720000,4.720000,4.720000,5.000000,5.000000,0.000000,0.000000,0.000000,0.000000
uniform,20,2,0.00,4.400000,4.600000,4.400000,5.000000,5.000000,0.200000,0.000000,0.045455,0.000000
uniform,20,2,0.15,4.490000,4.660000,4.490000,5.000000,5.000000,0.170000,0.000000,0.037862,0.000000
uniform,20,2,0.30,4.580000,4.720000,4.580000,5.000000,5.000000,0.140000,0.000000,0.030568,0.000000
uniform,20,3,0.00,4.400000,4.600000,4.400000,5.000000,5.000000,0.200000,0.000000,0.045455,0.000000
uniform,20,3,0.15,4.490000,4.660000,4.490000,5.000000,5.000000,0.170000,0.000000,0.037862,0.000000
uniform,20,3,0.30,4.580000,4.720000,4.580000,5.000000,5.000000,0.140000,0.000000,0.030568,0.000000
uniform,20,4,0.00,4.400000,4.600000,4.400000,4.900000,4.900000,0.200000,0.000000,0.045455,0.000000
uniform,20,4,0.15,4.490000,4.660000,4.490000,4.915000,4.915000,0.170000,0.000000,0.037862,0.000000
uniform,20,4,0.30,4.580000,4.720000,4.580000,4.930000,4.930000,0.140000,0.000000,0.030568,0.000000
uniform,24,1,0.00,4.666667,4.666667,4.666667,5.000000,5.000000,0.000000,0.000000,0.000000,0.000000
uniform,24,1,0.15,4.716667,4.716667,4.716667,5.000000,5.000000,0.000000,0.000000,0.000000,0.000000
uniform,24,1,0.30,4.766667,4.766667,4.766667,5.000000,5.000000,0.000000,0.000000,0.000000,0.000000
uniform,24,2,0.00,4.666667,4.666667,4.666667,5.000000,5.000000,0.000000,0.000000,0.000000,0.000000
uniform,24,2,0.15,4.716667,4.716667,4.716667,5.000000,5.000000,0.000000,0.000000,0.000000,0.000000
uniform,24,2,0.30,4.766667,4.766667,4.766667,5.000000,5.000000,0.000000,0.000000,0.000000,0.000000
uniform,24,3,0.00,4.666667,4.666667,4.666667,5.000000,5.000000,0.000000,0.000000,0.000000,0.000000
uniform,24,3,0.15,4.716667,4.716667,4.716667,5.000000,5.000000,0.000000,0.000000,0.000000,0.000000
uniform,24,3,0.30,4.766667,4.766667,4.766667,5.000000,5.000000,0.000000,0.000000,0.000000,0.000000
uniform,24,4,0.00,4.666667,4.666667,4.666667,5.000000,5.000000,0.000000,0.000000,0.000000,0.000000
uniform,24,4,0.15,4.716667,4.716667,4.716667,5.000000,5.000000,0.000000,0.000000,0.000000,0.000000
uniform,24,4,0.30,4.766667,4.766667,4.766667,5.000000,5.000000,0.000000,0.000000,0.000000,0.000000
zipf,8,1,0.00,2.896189,2.896189,2.896189,3.000000,2.896189,0.000000,0.000000,0.000000,0.000000
zipf,8,1,0.15,3.000000,3.000000,3.000000,3.000000,3.061761,0.000000,0.000000,0.000000,0.000000
zipf,8,1,0.30,3.000000,3.000000,3.000000,3.000000,3.227332,0.000000,0.000000,0.000000,0.000000
zipf,8,2,0.00,2.681559,2.896189,2.681559,3.000000,2.896189,0.214630,0.000000,0.080039,0.000000
zipf,8,2,0.15,2.879325,3.000000,2.879325,3.000000,3.061761,0.120675,0.000000,0.041911,0.000000
zipf,8,2,0.30,3.000000,3.000000,3.000000,3.000000,3.227332,0.000000,0.000000,0.000000,0.000000
zipf,8,3,0.00,2.681559,2.896189,2.681559,3.000000,2.681559,0.214630,0.000000,0.080039,0.000000
zipf,8,3,0.15,2.879325,3.000000,2.879325,3.000000,2.879325,0.120675,0.000000,0.041911,0.000000
zipf,8,3,0.30,3.000000,3.000000,3.000000,3.000000,3.077092,0.000000,0.000000,0.000000,0.000000
zipf,8,4,0.00,2.681559,2.896189,2.681559,3.000000,2.681559,0.214630,0.000000,0.080039,0.000000
zipf,8,4,0.15,2.879325,3.000000,2.879325,3.000000,2.879325,0.120675,0.000000,0.041911,0.000000
zipf,8,4,0.30,3.000000,3.000000,3.000000,3.000000,3.077092,0.000000,0.000000,0.000000,0.000000
zipf,12,1,0.00,3.328652,3.328652,3.328652,4.000000,3.549889,0.000000,0.000000,0.000000,0.000000
zipf,12,1,0.15,3.429354,3.429354,3.429354,4.000000,3.767406,0.000000,0.000000,0.000000,0.000000
zipf,12,1,0.30,3.530057,3.530057,3.530057,4.000000,3.984922,0.000000,0.000000,0.000000,0.000000
zipf,12,2,0.00,3.173934,3.328652,3.173934,4.000000,3.297462,0.154718,0.000000,0.048746,0.000000
zipf,12,2,0.15,3.429354,3.429354,3.429354,4.000000,3.552843,0.000000,0.000000,0.000000,0.000000
zipf,12,2,0.30,3.530057,3.530057,3.530057,4.000000,3.808224,0.000000,0.000000,0.000000,0.000000
zipf,12,3,0.00,3.157438,3.328652,3.157438,4.000000,3.297462,0.171214,0.000000,0.054226,0.000000
zipf,12,3,0.15,3.315225,3.429354,3.315225,4.000000,3.552843,0.114129,0.000000,0.034426,0.000000
zipf,12,3,0.30,3.436068,3.530057,3.436068,4.000000,3.808224,0.093989,0.000000,0.027354,0.000000
zipf,12,4,0.00,3.157438,3.328652,3.157438,3.973146,3.297462,0.171214,0.000000,0.054226,0.000000
zipf,12,4,0.15,3.315225,3.429354,3.315225,3.977174,3.552843,0.114129,0.000000,0.034426,0.000000
zipf,12,4,0.30,3.436068,3.530057,3.436068,3.981202,3.808224,0.093989,0.000000,0.027354,0.000000
zipf,16,1,0.00,3.668926,3.668926,3.668926,4.000000,3.915421,0.000000,0.000000,0.000000,0.000000
zipf,16,1,0.15,3.868587,3.868587,3.868587,4.000000,4.078108,0.000000,0.000000,0.000000,0.000000
zipf,16,1,0.30,4.000000,4.000000,4.000000,4.000000,4.240795,0.000000,0.000000,0.000000,0.000000
zipf,16,2,0.00,3.579836,3.663226,3.579836,4.000000,3.619627,0.083390,0.000000,0.023294,0.000000
zipf,16,2,0.15,3.792860,3.868587,3.792860,4.000000,3.826683,0.075727,0.000000,0.019966,0.000000
zipf,16,2,0.30,4.000000,4.000000,4.000000,4.000000,4.033739,0.000000,0.000000,0.000000,0.000000
zipf,16,3,0.00,3.496380,3.504765,3.496380,4.000000,3.628012,0.008385,0.000000,0.002398,0.000000
zipf,16,3,0.15,3.721923,3.868587,3.721923,4.000000,3.983810,0.146665,0.000000,0.039406,0.000000
zipf,16,3,0.30,3.947466,4.000000,3.947466,4.000000,4.339609,0.052534,0.000000,0.013308,0.000000
zipf,16,4,0.00,3.456588,3.504765,3.456588,4.000000,3.628012,0.048177,0.000000,0.013938,0.000000
zipf,16,4,0.15,3.688100,3.868587,3.688100,4.000000,3.983810,0.180487,0.000000,0.048938,0.000000
zipf,16,4,0.30,3.919612,4.000000,3.919612,4.000000,4.339609,0.080388,0.000000,0.020509,0.000000
zipf,20,1,0.00,3.841865,3.841865,3.841865,5.000000,4.471262,0.000000,0.000000,0.000000,0.000000
zipf,20,1,0.15,4.015586,4.015586,4.015586,5.000000,4.700573,0.000000,0.000000,0.000000,0.000000
zipf,20,1,0.30,4.189306,4.189306,4.189306,5.000000,4.929884,0.000000,0.000000,0.000000,0.000000
zipf,20,2,0.00,3.804177,3.841865,3.804177,5.000000,4.193310,0.037689,0.000000,0.009907,0.000000
zipf,20,2,0.15,3.988022,4.015586,3.988022,5.000000,4.464314,0.027564,0.000000,0.006912,0.000000
zipf,20,2,0.30,4.166606,4.189306,4.166606,5.000000,4.735317,0.022699,0.000000,0.005448,0.000000
zipf,20,3,0.00,3.726052,3.841865,3.726052,5.000000,3.947455,0.115813,0.000000,0.031082,0.000000
zipf,20,3,0.15,3.917144,4.015586,3.917144,5.000000,4.255336,0.098441,0.000000,0.025131,0.000000
zipf,20,3,0.30,4.108236,4.189306,4.108236,5.000000,4.563218,0.081069,0.000000,0.019733,0.000000
zipf,20,4,0.00,3.724531,3.841865,3.724531,4.971473,3.947455,0.117334,0.000000,0.031503,0.000000
zipf,20,4,0.15,3.917144,4.015586,3.917144,4.975752,4.255336,0.098441,0.000000,0.025131,0.000000
zipf,20,4,0.30,4.108236,4.189306,4.108236,4.980031,4.563218,0.081069,0.000000,0.019733,0.000000
zipf,24,1,0.00,4.280221,4.280221,4.280221,5.000000,4.543416,0.000000,0.000000,0.000000,0.000000
zipf,24,1,0.15,4.388187,4.388187,4.388187,5.000000,4.761904,0.000000,0.000000,0.000000,0.000000
zipf,24,1,0.30,4.496154,4.496154,4.496154,5.000000,4.980391,0.000000,0.000000,0.000000,0.000000
zipf,24,2,0.00,4.008705,4.205500,4.008705,5.000000,4.279739,0.196795,0.000000,0.049092,0.000000
zipf,24,2,0.15,4.307399,4.324675,4.307399,5.000000,4.537778,0.017276,0.000000,0.004011,0.000000
zipf,24,2,0.30,4.443850,4.443850,4.443850,5.000000,4.795817,0.000000,0.000000,0.000000,0.000000
zipf,24,3,0.00,3.933984,4.205500,3.933984,5.000000,4.014905,0.271516,0.000000,0.069018,0.000000
zipf,24,3,0.15,4.193361,4.324675,4.193361,5.000000,4.312669,0.131313,0.000000,0.031315,0.000000
zipf,24,3,0.30,4.335709,4.443850,4.335709,5.000000,4.610434,0.108140,0.000000,0.024942,0.000000
zipf,24,4,0.00,3.895730,4.205500,3.898357,5.000000,3.895730,0.309770,0.002627,0.079515,0.000674
zipf,24,4,0.15,4.193361,4.324675,4.193361,5.000000,4.211371,0.131313,0.000000,0.031315,0.000000
zipf,24,4,0.30,4.335709,4.443850,4.335709,5.000000,4.527011,0.108140,0.000000,0.024942,0.000000
hot_middle,8,1,0.00,3.000000,3.000000,3.000000,3.000000,3.000000,0.000000,0.000000,0.000000,0.000000
hot_middle,8,1,0.15,3.000000,3.000000,3.000000,3.000000,3.000000,0.000000,0.000000,0.000000,0.000000
hot_middle,8,1,0.30,3.000000,3.000000,3.000000,3.000000,3.000000,0.000000,0.000000,0.000000,0.000000
hot_middle,8,2,0.00,2.730769,3.000000,2.730769,3.000000,2.730769,0.269231,0.000000,0.098592,0.000000
hot_middle,8,2,0.15,2.921154,3.000000,2.921154,3.000000,2.921154,0.078846,0.000000,0.026991,0.000000
hot_middle,8,2,0.30,3.000000,3.000000,3.000000,3.000000,3.111538,0.000000,0.000000,0.000000,0.000000
hot_middle,8,3,0.00,2.461538,3.000000,2.461538,3.000000,2.461538,0.538462,0.000000,0.218750,0.000000
hot_middle,8,3,0.15,2.692308,3.000000,2.692308,3.000000,2.692308,0.307692,0.000000,0.114286,0.000000
hot_middle,8,3,0.30,2.923077,3.000000,2.923077,3.000000,2.923077,0.076923,0.000000,0.026316,0.000000
hot_middle,8,4,0.00,2.423077,3.000000,2.423077,3.000000,2.461538,0.576923,0.000000,0.238095,0.000000
hot_middle,8,4,0.15,2.659615,3.000000,2.659615,3.000000,2.692308,0.340385,0.000000,0.127983,0.000000
hot_middle,8,4,0.30,2.896154,3.000000,2.896154,3.000000,2.923077,0.103846,0.000000,0.035857,0.000000
hot_middle,12,1,0.00,3.916667,3.916667,3.916667,4.000000,4.000000,0.000000,0.000000,0.000000,0.000000
hot_middle,12,1,0.15,3.929167,3.929167,3.929167,4.000000,4.000000,0.000000,0.000000,0.000000,0.000000
hot_middle,12,1,0.30,3.941667,3.941667,3.941667,4.000000,4.000000,0.000000,0.000000,0.000000,0.000000
hot_middle,12,2,0.00,3.583333,3.916667,3.583333,4.000000,3.875000,0.333333,0.000000,0.093023,0.000000
hot_middle,12,2,0.15,3.645833,3.929167,3.645833,4.000000,4.043750,0.283333,0.000000,0.077714,0.000000
hot_middle,12,2,0.30,3.708333,3.941667,3.708333,4.000000,4.212500,0.233333,0.000000,0.062921,0.000000
hot_middle,12,3,0.00,3.166667,3.916667,3.166667,4.000000,3.750000,0.750000,0.000000,0.236842,0.000000
hot_middle,12,3,0.15,3.291667,3.929167,3.291667,4.000000,3.937500,0.637500,0.000000,0.193671,0.000000
hot_middle,12,3,0.30,3.416667,3.941667,3.416667,4.000000,4.125000,0.525000,0.000000,0.153659,0.000000
hot_middle,12,4,0.00,3.041667,3.916667,3.041667,3.979167,3.333333,0.875000,0.000000,0.287671,0.000000
hot_middle,12,4,0.15,3.291667,3.929167,3.291667,3.982292,3.583333,0.637500,0.000000,0.193671,0.000000
hot_middle,12,4,0.30,3.416667,3.941667,3.416667,3.985417,3.833333,0.525000,0.000000,0.153659,0.000000
hot_middle,16,1,0.00,4.000000,4.000000,4.000000,4.000000,4.000000,0.000000,0.000000,0.000000,0.000000
hot_middle,16,1,0.15,4.000000,4.000000,4.000000,4.000000,4.000000,0.000000,0.000000,0.000000,0.000000
hot_middle,16,1,0.30,4.000000,4.000000,4.000000,4.000000,4.000000,0.000000,0.000000,0.000000,0.000000
hot_middle,16,2,0.00,3.730769,4.000000,3.730769,4.000000,3.923077,0.269231,0.000000,0.072165,0.000000
hot_middle,16,2,0.15,3.921154,4.000000,3.921154,4.000000,4.084615,0.078846,0.000000,0.020108,0.000000
hot_middle,16,2,0.30,4.000000,4.000000,4.000000,4.000000,4.246154,0.000000,0.000000,0.000000,0.000000
hot_middle,16,3,0.00,3.461538,4.000000,3.461538,4.000000,3.846154,0.538462,0.000000,0.155556,0.000000
hot_middle,16,3,0.15,3.692308,4.000000,3.692308,4.000000,4.019231,0.307692,0.000000,0.083333,0.000000
hot_middle,16,3,0.30,3.923077,4.000000,3.923077,4.000000,4.192308,0.076923,0.000000,0.019608,0.000000
hot_middle,16,4,0.00,3.384615,4.000000,3.384615,4.000000,3.576923,0.615385,0.000000,0.181818,0.000000
hot_middle,16,4,0.15,3.659615,4.000000,3.659615,4.000000,3.940385,0.340385,0.000000,0.093011,0.000000
hot_middle,16,4,0.30,3.896154,4.000000,3.896154,4.000000,4.303846,0.103846,0.000000,0.026654,0.000000
hot_middle,20,1,0.00,4.770270,4.770270,4.770270,5.000000,5.000000,0.000000,0.000000,0.000000,0.000000
hot_middle,20,1,0.15,4.804730,4.804730,4.804730,5.000000,5.000000,0.000000,0.000000,0.000000,0.000000
hot_middle,20,1,0.30,4.839189,4.839189,4.839189,5.000000,5.000000,0.000000,0.000000,0.000000,0.000000
hot_middle,20,2,0.00,4.229730,4.229730,4.229730,5.000000,4.459459,0.000000,0.000000,0.000000,0.000000
hot_middle,20,2,0.15,4.345270,4.345270,4.345270,5.000000,4.540541,0.000000,0.000000,0.000000,0.000000
hot_middle,20,2,0.30,4.460811,4.460811,4.460811,5.000000,4.621622,0.000000,0.000000,0.000000,0.000000
hot_middle,20,3,0.00,3.918919,4.054054,3.918919,5.000000,3.918919,0.135135,-0.000000,0.034483,-0.000000
hot_middle,20,3,0.15,4.081081,4.195946,4.081081,5.000000,4.081081,0.114865,0.000000,0.028146,0.000000
hot_middle,20,3,0.30,4.243243,4.337838,4.243243,5.000000,4.243243,0.094595,-0.000000,0.022293,-0.000000
hot_middle,20,4,0.00,3.743243,3.878378,3.743243,4.972973,3.918919,0.135135,0.000000,0.036101,0.000000
hot_middle,20,4,0.15,4.081081,4.195946,4.081081,4.977027,4.081081,0.114865,0.000000,0.028146,0.000000
hot_middle,20,4,0.30,4.243243,4.337838,4.243243,4.981081,4.243243,0.094595,-0.000000,0.022293,-0.000000
hot_middle,24,1,0.00,4.916667,4.916667,4.916667,5.000000,5.000000,0.000000,0.000000,0.000000,0.000000
hot_middle,24,1,0.15,4.929167,4.929167,4.929167,5.000000,5.000000,0.000000,0.000000,0.000000,0.000000
hot_middle,24,1,0.30,4.941667,4.941667,4.941667,5.000000,5.000000,0.000000,0.000000,0.000000,0.000000
hot_middle,24,2,0.00,4.583333,4.916667,4.583333,5.000000,4.875000,0.333333,0.000000,0.072727,0.000000
hot_middle,24,2,0.15,4.645833,4.929167,4.645833,5.000000,5.043750,0.283333,0.000000,0.060987,0.000000
hot_middle,24,2,0.30,4.708333,4.941667,4.708333,5.000000,5.212500,0.233333,0.000000,0.049558,0.000000
hot_middle,24,3,0.00,4.166667,4.916667,4.166667,5.000000,4.750000,0.750000,0.000000,0.180000,0.000000
hot_middle,24,3,0.15,4.291667,4.929167,4.291667,5.000000,4.937500,0.637500,0.000000,0.148544,0.000000
hot_middle,24,3,0.30,4.416667,4.941667,4.416667,5.000000,5.125000,0.525000,0.000000,0.118868,0.000000
hot_middle,24,4,0.00,4.041667,4.916667,4.041667,5.000000,4.625000,0.875000,0.000000,0.216495,0.000000
hot_middle,24,4,0.15,4.291667,4.929167,4.291667,5.000000,4.981250,0.637500,0.000000,0.148544,0.000000
hot_middle,24,4,0.30,4.416667,4.941667,4.416667,5.000000,5.337500,0.525000,0.000000,0.118868,0.000000
hot_tail,8,1,0.00,2.545455,2.545455,2.545455,3.000000,2.909091,0.000000,0.000000,0.000000,0.000000
hot_tail,8,1,0.15,2.763636,2.763636,2.763636,3.000000,3.072727,0.000000,0.000000,0.000000,0.000000
hot_tail,8,1,0.30,2.981818,2.981818,2.981818,3.000000,3.236364,0.000000,0.000000,0.000000,0.000000
hot_tail,8,2,0.00,2.454545,2.454545,2.454545,3.000000,2.454545,0.000000,0.000000,0.000000,0.000000
hot_tail,8,2,0.15,2.686364,2.686364,2.686364,3.000000,2.836364,0.000000,0.000000,0.000000,0.000000
hot_tail,8,2,0.30,2.918182,2.918182,2.918182,3.000000,3.218182,0.000000,0.000000,0.000000,0.000000
hot_tail,8,3,0.00,2.363636,2.454545,2.363636,3.000000,2.454545,0.090909,0.000000,0.038462,0.000000
hot_tail,8,3,0.15,2.686364,2.686364,2.686364,3.000000,2.836364,0.000000,0.000000,0.000000,0.000000
hot_tail,8,3,0.30,2.918182,2.918182,2.918182,3.000000,3.218182,0.000000,0.000000,0.000000,0.000000
hot_tail,8,4,0.00,2.363636,2.454545,2.363636,3.000000,2.454545,0.090909,0.000000,0.038462,0.000000
hot_tail,8,4,0.15,2.686364,2.686364,2.686364,3.000000,2.836364,0.000000,0.000000,0.000000,0.000000
hot_tail,8,4,0.30,2.918182,2.918182,2.918182,3.000000,3.218182,0.000000,0.000000,0.000000,0.000000
hot_tail,12,1,0.00,3.242424,3.242424,3.242424,4.000000,3.545455,0.000000,0.000000,0.000000,0.000000
hot_tail,12,1,0.15,3.356061,3.356061,3.356061,4.000000,3.763636,0.000000,0.000000,0.000000,0.000000
hot_tail,12,1,0.30,3.469697,3.469697,3.469697,4.000000,3.981818,0.000000,0.000000,0.000000,0.000000
hot_tail,12,2,0.00,3.000000,3.242424,3.000000,4.000000,3.000000,0.242424,0.000000,0.080808,0.000000
hot_tail,12,2,0.15,3.300000,3.356061,3.300000,4.000000,3.300000,0.056061,0.000000,0.016988,0.000000
hot_tail,12,2,0.30,3.469697,3.469697,3.469697,4.000000,3.600000,0.000000,0.000000,0.000000,0.000000
hot_tail,12,3,0.00,2.969697,3.242424,2.969697,4.000000,3.000000,0.272727,0.000000,0.091837,0.000000
hot_tail,12,3,0.15,3.300000,3.356061,3.300000,4.000000,3.300000,0.056061,0.000000,0.016988,0.000000
hot_tail,12,3,0.30,3.469697,3.469697,3.469697,4.000000,3.600000,0.000000,0.000000,0.000000,0.000000
hot_tail,12,4,0.00,2.909091,3.242424,2.909091,3.757576,3.000000,0.333333,0.000000,0.114583,0.000000
hot_tail,12,4,0.15,3.300000,3.356061,3.300000,3.793939,3.300000,0.056061,0.000000,0.016988,0.000000
hot_tail,12,4,0.30,3.469697,3.469697,3.469697,3.830303,3.600000,0.000000,0.000000,0.000000,0.000000
hot_tail,16,1,0.00,3.545455,3.545455,3.545455,4.000000,3.909091,0.000000,0.000000,0.000000,0.000000
hot_tail,16,1,0.15,3.763636,3.763636,3.763636,4.000000,4.072727,0.000000,0.000000,0.000000,0.000000
hot_tail,16,1,0.30,3.981818,3.981818,3.981818,4.000000,4.236364,0.000000,0.000000,0.000000,0.000000
hot_tail,16,2,0.00,3.454545,3.454545,3.454545,4.000000,3.727273,0.000000,-0.000000,0.000000,-0.000000
hot_tail,16,2,0.15,3.686364,3.686364,3.686364,4.000000,3.918182,0.000000,0.000000,0.000000,0.000000
hot_tail,16,2,0.30,3.918182,3.918182,3.918182,4.000000,4.109091,0.000000,0.000000,0.000000,0.000000
hot_tail,16,3,0.00,3.363636,3.454545,3.363636,4.000000,3.727273,0.090909,0.000000,0.027027,0.000000
hot_tail,16,3,0.15,3.686364,3.686364,3.686364,4.000000,4.068182,0.000000,0.000000,0.000000,0.000000
hot_tail,16,3,0.30,3.918182,3.918182,3.918182,4.000000,4.409091,0.000000,0.000000,0.000000,0.000000
hot_tail,16,4,0.00,3.363636,3.454545,3.363636,4.000000,3.727273,0.090909,-0.000000,0.027027,-0.000000
hot_tail,16,4,0.15,3.609091,3.686364,3.686364,4.000000,4.068182,0.077273,0.077273,0.021411,0.021411
hot_tail,16,4,0.30,3.854545,3.918182,3.918182,4.000000,4.409091,0.063636,0.063636,0.016509,0.016509
hot_tail,20,1,0.00,3.836364,3.836364,3.836364,5.000000,4.690909,0.000000,0.000000,0.000000,0.000000
hot_tail,20,1,0.15,4.010909,4.010909,4.010909,5.000000,4.887273,0.000000,0.000000,0.000000,0.000000
hot_tail,20,1,0.30,4.185455,4.185455,4.185455,5.000000,5.083636,0.000000,0.000000,0.000000,0.000000
hot_tail,20,2,0.00,3.672727,3.672727,3.672727,5.000000,3.818182,0.000000,0.000000,0.000000,0.000000
hot_tail,20,2,0.15,4.010909,4.010909,4.010909,5.000000,4.145455,0.000000,0.000000,0.000000,0.000000
hot_tail,20,2,0.30,4.185455,4.185455,4.185455,5.000000,4.472727,0.000000,0.000000,0.000000,0.000000
hot_tail,20,3,0.00,3.672727,3.672727,3.672727,5.000000,3.672727,0.000000,0.000000,0.000000,0.000000
hot_tail,20,3,0.15,4.010909,4.010909,4.010909,5.000000,4.021818,0.000000,0.000000,0.000000,0.000000
hot_tail,20,3,0.30,4.185455,4.185455,4.185455,5.000000,4.370909,0.000000,0.000000,0.000000,0.000000
hot_tail,20,4,0.00,3.672727,3.672727,3.672727,4.709091,3.672727,0.000000,0.000000,0.000000,0.000000
hot_tail,20,4,0.15,4.010909,4.010909,4.010909,4.752727,4.021818,0.000000,0.000000,0.000000,0.000000
hot_tail,20,4,0.30,4.185455,4.185455,4.185455,4.796364,4.370909,0.000000,0.000000,0.000000,0.000000
hot_tail,24,1,0.00,4.242424,4.242424,4.242424,5.000000,4.545455,0.000000,0.000000,0.000000,0.000000
hot_tail,24,1,0.15,4.356061,4.356061,4.356061,5.000000,4.763636,0.000000,0.000000,0.000000,0.000000
hot_tail,24,1,0.30,4.469697,4.469697,4.469697,5.000000,4.981818,0.000000,0.000000,0.000000,0.000000
hot_tail,24,2,0.00,4.000000,4.242424,4.000000,5.000000,4.287879,0.242424,0.000000,0.060606,0.000000
hot_tail,24,2,0.15,4.300000,4.356061,4.300000,5.000000,4.694697,0.056061,0.000000,0.013037,0.000000
hot_tail,24,2,0.30,4.469697,4.469697,4.469697,5.000000,5.101515,0.000000,0.000000,0.000000,0.000000
hot_tail,24,3,0.00,3.969697,4.242424,3.969697,5.000000,4.287879,0.272727,0.000000,0.068702,0.000000
hot_tail,24,3,0.15,4.300000,4.356061,4.300000,5.000000,4.694697,0.056061,0.000000,0.013037,0.000000
hot_tail,24,3,0.30,4.469697,4.469697,4.469697,5.000000,5.101515,0.000000,0.000000,0.000000,0.000000
hot_tail,24,4,0.00,3.909091,4.242424,3.909091,5.000000,4.166667,0.333333,0.000000,0.085271,0.000000
hot_tail,24,4,0.15,4.222727,4.356061,4.222727,5.000000,4.591667,0.133333,0.000000,0.031575,0.000000
hot_tail,24,4,0.30,4.406061,4.469697,4.406061,5.000000,5.016667,0.063636,0.000000,0.014443,0.000000
