workload_type,workload,n,budget,eta,solver,beam_width,repeats,median_ms,p95_ms,peak_memory_mb,objective
synthetic,uniform,32,6,0.15,greedy,0,5,1.2223339999763994,1.6940830000748974,0.06121063232421875,5.0
synthetic,uniform,32,6,0.15,beam,1,5,10.335083000427403,11.404457999560691,0.2533073425292969,5.0
synthetic,uniform,32,6,0.15,beam,4,5,38.81116599950474,40.74937499990483,0.37862491607666016,5.0
synthetic,uniform,32,6,0.15,beam,16,5,157.09408300062933,163.23087499949906,0.8167343139648438,5.0
synthetic,uniform,32,6,0.15,beam,32,5,328.2302500001606,365.816083000027,1.4402389526367188,5.0
synthetic,uniform,32,6,0.15,balanced,0,5,0.0797079992480576,0.1253750006071641,0.0037603378295898438,5.0
synthetic,uniform,32,6,0.15,weighted,0,5,0.16095800037874142,0.18445900059305131,0.0052623748779296875,5.0
synthetic,uniform,32,6,0.15,binary_search,0,5,0.18033300057140877,0.1875830002973089,0.009261131286621094,5.0
synthetic,uniform,32,6,0.15,learned_segment,0,5,0.08020799941732548,0.09779199990589404,0.0039348602294921875,5.5484375
synthetic,uniform,64,6,0.15,greedy,0,5,4.1947500003516325,4.564959000163071,0.1390380859375,6.0
synthetic,uniform,64,6,0.15,beam,1,5,31.217041000672907,31.491583000388346,0.3470458984375,6.0
synthetic,uniform,64,6,0.15,beam,4,5,111.49470800046402,127.05412499963131,0.6201925277709961,6.0
synthetic,uniform,64,6,0.15,beam,16,5,474.8002500000439,501.9720000000234,1.871847152709961,6.0
synthetic,uniform,64,6,0.15,beam,32,5,979.4795829993745,986.6320410001208,3.7201004028320312,6.0
synthetic,uniform,64,6,0.15,balanced,0,5,0.14712499978486449,0.1767089997883886,0.006857872009277344,6.0
synthetic,uniform,64,6,0.15,weighted,0,5,0.2757500005827751,0.28258299971639644,0.009366989135742188,6.0
synthetic,uniform,64,6,0.15,binary_search,0,5,0.44341700049699284,0.4530420001174207,0.031165122985839844,6.0
synthetic,uniform,64,6,0.15,learned_segment,0,5,0.1527499998701387,0.16008399961719988,0.0069713592529296875,6.8671875
synthetic,uniform,128,6,0.15,greedy,0,5,14.468875000602566,14.831666999270965,0.35724639892578125,7.0
synthetic,uniform,128,6,0.15,beam,1,5,101.76154199962184,106.94333300034486,0.80517578125,7.0
synthetic,uniform,128,6,0.15,beam,4,5,365.4093329996613,370.8005839998805,1.4102115631103516,7.0
synthetic,uniform,128,6,0.15,beam,16,5,1519.7041669998725,1529.5787499999278,4.336289405822754,7.0
synthetic,uniform,128,6,0.15,beam,32,5,3096.2732090001737,3114.96816700037,8.175285339355469,7.0
synthetic,uniform,128,6,0.15,balanced,0,5,0.3027499997187988,0.36220799938746495,0.013869285583496094,7.0
synthetic,uniform,128,6,0.15,weighted,0,5,0.5379160002121353,0.5497080001077848,0.018331527709960938,7.0
synthetic,uniform,128,6,0.15,binary_search,0,5,0.9974159993362264,1.0269169997627614,0.0816335678100586,7.0
synthetic,uniform,128,6,0.15,learned_segment,0,5,0.30737499946553726,0.3232909994039801,0.014043807983398438,7.873828125
synthetic,uniform,256,6,0.15,greedy,0,5,59.61999999999534,62.500625000211585,0.9303579330444336,8.0
synthetic,uniform,256,6,0.15,beam,1,5,375.2969999995912,384.14749999992637,1.903228759765625,8.0
synthetic,uniform,256,6,0.15,beam,4,5,1372.0322500003022,1415.0220829997124,3.4269351959228516,8.0
synthetic,uniform,256,6,0.15,beam,16,5,5622.698000000128,5757.3057500003415,9.43919849395752,8.0
synthetic,uniform,256,6,0.15,beam,32,5,11570.562583999163,12055.59833299958,17.457355499267578,8.0
synthetic,uniform,256,6,0.15,balanced,0,5,0.6531669996547862,0.7017919997451827,0.028418540954589844,8.0
synthetic,uniform,256,6,0.15,weighted,0,5,1.1020000001735752,1.1111249996247352,0.03678703308105469,8.0
synthetic,uniform,256,6,0.15,binary_search,0,5,2.1276670004226617,2.1524579997276305,0.18309688568115234,8.0
synthetic,uniform,256,6,0.15,learned_segment,0,5,0.6709170002068277,0.6769999999960419,0.029020309448242188,8.8771484375
synthetic,uniform,512,6,0.15,greedy,0,5,241.47091699978773,251.8681249994188,2.8212156295776367,9.0
synthetic,uniform,512,6,0.15,beam,1,5,1544.5874580000236,1581.6266660003748,4.833837509155273,9.0
synthetic,uniform,512,6,0.15,beam,4,5,5690.379041999222,5736.039917000198,7.969595909118652,9.0
synthetic,uniform,512,6,0.15,beam,16,5,22340.630624999903,23222.69604200028,20.3772611618042,9.0
synthetic,uniform,512,6,0.15,beam,32,5,45162.96962500019,45898.891417000414,36.96835899353027,9.0
synthetic,uniform,512,6,0.15,balanced,0,5,0.7045840002319892,0.7668340003874619,0.053717613220214844,9.0
synthetic,uniform,512,6,0.15,weighted,0,5,1.1735420002878527,1.1817089998658048,0.06989860534667969,9.0
synthetic,uniform,512,6,0.15,binary_search,0,5,2.600083999823255,2.6837080004042946,0.3942708969116211,9.0
synthetic,uniform,512,6,0.15,learned_segment,0,5,0.7239579999804846,0.728291000086756,0.05383110046386719,9.877148437499999
synthetic,zipf,32,6,0.15,greedy,0,5,1.3808339999741293,1.516500000434462,0.09997367858886719,4.6910172997189905
synthetic,zipf,32,6,0.15,beam,1,5,5.55274999987887,5.595208999693568,0.2537803649902344,4.558124389385699
synthetic,zipf,32,6,0.15,beam,4,5,20.79029200012883,20.92841600006068,0.3480043411254883,4.558124389385699
synthetic,zipf,32,6,0.15,beam,16,5,85.00700000058714,85.35783299976174,0.6702919006347656,4.470858876033632
synthetic,zipf,32,6,0.15,beam,32,5,180.69999999988795,195.95570800083806,1.6725492477416992,4.470858876033632
synthetic,zipf,32,6,0.15,balanced,0,5,0.042749999920488335,0.058708999858936295,0.0037298202514648438,5.0
synthetic,zipf,32,6,0.15,weighted,0,5,0.08008400072867516,0.0914170004762127,0.0050411224365234375,4.8471106751424395
synthetic,zipf,32,6,0.15,binary_search,0,5,0.10099999963131268,0.10879199999180855,0.009261131286621094,5.0
synthetic,zipf,32,6,0.15,learned_segment,0,5,0.04437499956111424,0.04625000019586878,0.0038661956787109375,5.4141532841847155
synthetic,zipf,64,6,0.15,greedy,0,5,4.7145829994406085,4.886583000370592,0.2541332244873047,5.506851553479009
synthetic,zipf,64,6,0.15,beam,1,5,17.073707999770704,17.1314170002006,0.34723663330078125,5.506851553479009
synthetic,zipf,64,6,0.15,beam,4,5,60.55449999985285,60.63937500039174,0.48282909393310547,5.265214838187396
synthetic,zipf,64,6,0.15,beam,16,5,257.64833299945167,259.76024999999936,1.9304370880126953,5.293025305847676
synthetic,zipf,64,6,0.15,beam,32,5,540.379416000178,556.5925000000789,3.825042724609375,5.265214838187396
synthetic,zipf,64,6,0.15,balanced,0,5,0.08233399967139121,0.09804199999052798,0.006857872009277344,6.0
synthetic,zipf,64,6,0.15,weighted,0,5,0.1351669998257421,0.14550000014423858,0.009145736694335938,5.68843592577454
synthetic,zipf,64,6,0.15,binary_search,0,5,0.24012499943637522,0.2454999994370155,0.031165122985839844,6.0
synthetic,zipf,64,6,0.15,learned_segment,0,5,0.0838330006445176,0.0903329992070212,0.0073986053466796875,6.969815614150102
synthetic,zipf,128,6,0.15,greedy,0,5,24.96104199963156,25.538083000355982,0.4863424301147461,6.255056314006814
synthetic,zipf,128,6,0.15,beam,1,5,54.554708000068786,54.73299999994197,0.6948299407958984,6.176832773808592
synthetic,zipf,128,6,0.15,beam,4,5,196.81575000049634,204.15795799999614,1.2746992111206055,6.132969980775975
synthetic,zipf,128,6,0.15,beam,16,5,817.9879579993212,840.2889169992704,4.490365982055664,6.129968546403901
synthetic,zipf,128,6,0.15,beam,32,5,1660.8256670006085,1661.8095839994567,8.23033332824707,6.104906754247517
synthetic,zipf,128,6,0.15,balanced,0,5,0.16541599961783504,0.1928749998114654,0.013869285583496094,7.0
synthetic,zipf,128,6,0.15,weighted,0,5,0.26995799998985603,0.29004099997109734,0.018331527709960938,6.31670624102645
synthetic,zipf,128,6,0.15,binary_search,0,5,0.547790999917197,0.5588329995589447,0.0816335678100586,7.0
synthetic,zipf,128,6,0.15,learned_segment,0,5,0.17366700012644287,0.17995899997913511,0.014287948608398438,7.9749679346789275
synthetic,zipf,256,6,0.15,greedy,0,5,135.4298749993177,137.63695800025744,1.3579015731811523,7.047742737889871
synthetic,zipf,256,6,0.15,beam,1,5,209.66245899944624,213.43195800000103,1.9075384140014648,6.97834756133135
synthetic,zipf,256,6,0.15,beam,4,5,739.8428340002283,757.0511249996343,3.4262170791625977,6.889736125055123
synthetic,zipf,256,6,0.15,beam,16,5,2962.6177080008347,3106.8432080001003,9.458661079406738,6.889736125055123
synthetic,zipf,256,6,0.15,beam,32,5,5967.743916000472,5969.6222500006115,17.545778274536133,6.8751355661068585
synthetic,zipf,256,6,0.15,balanced,0,5,0.3707089999807067,0.3984589993706322,0.028418540954589844,8.0
synthetic,zipf,256,6,0.15,weighted,0,5,0.6001660003676079,0.6207910000739503,0.03678703308105469,7.2750111783605895
synthetic,zipf,256,6,0.15,binary_search,0,5,1.1744169996745768,1.2025830001221038,0.1831502914428711,8.0
synthetic,zipf,256,6,0.15,learned_segment,0,5,0.37024999983259477,0.37208300000202144,0.028776168823242188,8.9783797661121
synthetic,zipf,512,6,0.15,greedy,0,5,849.7516249999535,866.0257089995866,4.308362007141113,7.6689805807222715
synthetic,zipf,512,6,0.15,beam,1,5,825.1216660000864,861.8917089997922,4.831506729125977,7.6689805807222715
synthetic,zipf,512,6,0.15,beam,4,5,3028.5024579998208,3131.3368749997608,7.951441764831543,7.700628064118986
synthetic,zipf,512,6,0.15,beam,16,5,11982.473250000112,12228.858833000231,20.36601161956787,7.623271666056548
synthetic,zipf,512,6,0.15,beam,32,5,24104.961833000743,24544.702125000185,36.91066551208496,7.624346422335836
synthetic,zipf,512,6,0.15,balanced,0,5,0.7622089997312287,0.8569580004404997,0.053717613220214844,9.0
synthetic,zipf,512,6,0.15,weighted,0,5,1.2800829999832786,1.2850410003011348,0.06989860534667969,7.927491663858817
synthetic,zipf,512,6,0.15,binary_search,0,5,2.672500000699074,2.7956250005445327,0.3942708969116211,9.0
synthetic,zipf,512,6,0.15,learned_segment,0,5,0.7631660000697593,0.7747090003249468,0.05383110046386719,9.980554625768477
synthetic,hot_middle,32,6,0.15,greedy,0,5,0.6786249996366678,0.7140830002754228,0.05190277099609375,5.0
synthetic,hot_middle,32,6,0.15,beam,1,5,5.709583000680141,6.104375000177242,0.2533073425292969,5.0
synthetic,hot_middle,32,6,0.15,beam,4,5,21.297625000443077,21.811666999383306,0.34853363037109375,4.655327868852459
synthetic,hot_middle,32,6,0.15,beam,16,5,87.51258299980691,94.21279199978017,0.6802530288696289,4.655327868852459
synthetic,hot_middle,32,6,0.15,beam,32,5,184.90645800011407,190.38487499983603,1.4338979721069336,4.655327868852459
synthetic,hot_middle,32,6,0.15,balanced,0,5,0.04191700008959742,0.05741700078942813,0.0037298202514648438,5.0
synthetic,hot_middle,32,6,0.15,weighted,0,5,0.0860840000314056,0.09308300013799453,0.0052623748779296875,4.840163934426229
synthetic,hot_middle,32,6,0.15,binary_search,0,5,0.09662499996920815,0.09841700011747889,0.009261131286621094,5.0
synthetic,hot_middle,32,6,0.15,learned_segment,0,5,0.04545799947663909,0.6616660002691788,0.0038661956787109375,5.5680327868852455
synthetic,hot_middle,64,6,0.15,greedy,0,5,2.209833000051731,2.4051250002230518,0.138916015625,6.0
synthetic,hot_middle,64,6,0.15,beam,1,5,17.466207999859762,17.76170799985266,0.3470458984375,6.0
synthetic,hot_middle,64,6,0.15,beam,4,5,64.06362500001705,65.43079200037027,0.5342750549316406,5.655327868852458
synthetic,hot_middle,64,6,0.15,beam,16,5,267.23287500044535,288.4567499995683,2.0711116790771484,5.655327868852458
synthetic,hot_middle,64,6,0.15,beam,32,5,536.2782499996683,553.3962080007768,3.752678871154785,5.655327868852458
synthetic,hot_middle,64,6,0.15,balanced,0,5,0.07916600043245126,0.09620799937692937,0.006857872009277344,6.0
synthetic,hot_middle,64,6,0.15,weighted,0,5,0.14779100001760526,0.15754200012452202,0.009366989135742188,6.118852459016393
synthetic,hot_middle,64,6,0.15,binary_search,0,5,0.2421669996692799,0.24354099969059462,0.031165122985839844,6.0
synthetic,hot_middle,64,6,0.15,learned_segment,0,5,0.08216700007324107,0.08587499996792758,0.0069713592529296875,6.965163934426229
synthetic,hot_middle,128,6,0.15,greedy,0,5,7.981875000041327,8.033791000343626,0.35540771484375,7.0
synthetic,hot_middle,128,6,0.15,beam,1,5,54.812000000310945,59.673457999451784,0.8207054138183594,7.0
synthetic,hot_middle,128,6,0.15,beam,4,5,196.57025000014983,213.56158300022798,1.5576200485229492,6.68804347826087
synthetic,hot_middle,128,6,0.15,beam,16,5,816.3519169993378,822.419500000251,4.478965759277344,6.68804347826087
synthetic,hot_middle,128,6,0.15,beam,32,5,1672.2757500001535,1711.4528339998287,8.312239646911621,6.68804347826087
synthetic,hot_middle,128,6,0.15,balanced,0,5,0.1624589995117276,0.180582999746548,0.013869285583496094,7.0
synthetic,hot_middle,128,6,0.15,weighted,0,5,0.28520899923023535,0.2930839991677203,0.018331527709960938,7.180731225296443
synthetic,hot_middle,128,6,0.15,binary_search,0,5,0.533082999936596,0.5442920000859885,0.0816335678100586,7.0
synthetic,hot_middle,128,6,0.15,learned_segment,0,5,0.16629200035822578,0.17433300035918364,0.014043807983398438,7.96808300395257
synthetic,hot_middle,256,6,0.15,greedy,0,5,32.5485840003239,34.42754200023046,0.9299907684326172,8.0
synthetic,hot_middle,256,6,0.15,beam,1,5,207.1495000000141,215.48475000054168,1.903228759765625,8.0
synthetic,hot_middle,256,6,0.15,beam,4,5,749.2229169993152,765.1193749998129,3.431367874145508,7.688043478260869
synthetic,hot_middle,256,6,0.15,beam,16,5,3007.3018330003833,3042.119458000343,9.40158462524414,7.688043478260869
synthetic,hot_middle,256,6,0.15,beam,32,5,5971.411707999323,6127.700125000047,17.612564086914062,7.688043478260869
synthetic,hot_middle,256,6,0.15,balanced,0,5,0.3632500001913286,0.3890409998348332,0.028418540954589844,8.0
synthetic,hot_middle,256,6,0.15,weighted,0,5,0.614833000327053,0.6363330003296142,0.03678703308105469,8.084980237154149
synthetic,hot_middle,256,6,0.15,binary_search,0,5,1.1629999999058782,1.2274169994270778,0.18309688568115234,8.0
synthetic,hot_middle,256,6,0.15,learned_segment,0,5,0.3667089995360584,0.3683749991978402,0.029081344604492188,8.968922924901186
synthetic,hot_middle,512,6,0.15,greedy,0,5,133.61724999958824,136.28637500005425,2.821108818054199,9.0
synthetic,hot_middle,512,6,0.15,beam,1,5,828.9215419999891,846.3927499997226,4.835721015930176,9.0
synthetic,hot_middle,512,6,0.15,beam,4,5,3049.6162500003265,3103.107750000163,7.947670936584473,8.695861900097944
synthetic,hot_middle,512,6,0.15,beam,16,5,12160.0614580002,12335.465041000134,20.27843952178955,8.695861900097944
synthetic,hot_middle,512,6,0.15,beam,32,5,24330.00274999995,24817.5405410002,37.10331916809082,8.695861900097944
synthetic,hot_middle,512,6,0.15,balanced,0,5,0.7258750001710723,0.8369999995920807,0.053717613220214844,9.0
synthetic,hot_middle,512,6,0.15,weighted,0,5,1.2535420000858721,1.2755420002577011,0.06989860534667969,9.07688540646425
synthetic,hot_middle,512,6,0.15,binary_search,0,5,2.6557080000202404,2.726875000007567,0.3942708969116211,9.0
synthetic,hot_middle,512,6,0.15,learned_segment,0,5,0.7488329993066145,0.7606250001117587,0.05383110046386719,9.969196865817826
synthetic,hot_tail,32,6,0.15,greedy,0,5,2.3148340005718637,2.458541999658337,0.15282726287841797,4.6863636363636365
synthetic,hot_tail,32,6,0.15,beam,1,5,5.617417000394198,5.940915999417484,0.2537117004394531,4.6863636363636365
synthetic,hot_tail,32,6,0.15,beam,4,5,21.17462499973044,21.283791000314523,0.32735157012939453,4.6863636363636365
synthetic,hot_tail,32,6,0.15,beam,16,5,85.62191700002586,85.66204199996719,0.6352767944335938,4.6863636363636365
synthetic,hot_tail,32,6,0.15,beam,32,5,185.60912500015547,197.064040999976,1.488917350769043,4.6090909090909085
synthetic,hot_tail,32,6,0.15,balanced,0,5,0.04329200055508409,0.059375000091677066,0.0037298202514648438,5.0
synthetic,hot_tail,32,6,0.15,weighted,0,5,0.08737499956623651,0.09183299971482484,0.0052623748779296875,4.836363636363636
synthetic,hot_tail,32,6,0.15,binary_search,0,5,0.09883299935609102,0.10041600035037845,0.009261131286621094,5.0
synthetic,hot_tail,32,6,0.15,learned_segment,0,5,0.046499999371008016,0.048999999307852704,0.0038661956787109375,5.497727272727273
synthetic,hot_tail,64,6,0.15,greedy,0,5,7.422749999932421,7.465415999831748,0.3475494384765625,5.6863636363636365
synthetic,hot_tail,64,6,0.15,beam,1,5,17.131458000221755,22.07008300047164,0.3470458984375,5.6863636363636365
synthetic,hot_tail,64,6,0.15,beam,4,5,61.215958000502724,61.68495800011442,0.48244190216064453,5.6863636363636365
synthetic,hot_tail,64,6,0.15,beam,16,5,257.0333749999918,263.0637920001391,2.0151891708374023,5.6863636363636365
synthetic,hot_tail,64,6,0.15,beam,32,5,536.9132499999978,544.8285420006869,3.738980293273926,5.6863636363636365
synthetic,hot_tail,64,6,0.15,balanced,0,5,0.08166699990397319,0.09700000009615906,0.006857872009277344,6.0
synthetic,hot_tail,64,6,0.15,weighted,0,5,0.14954199923522538,0.15900000016699778,0.009366989135742188,6.1840909090909095
synthetic,hot_tail,64,6,0.15,binary_search,0,5,0.24195900004997384,0.2522920003684703,0.031111717224121094,6.0
synthetic,hot_tail,64,6,0.15,learned_segment,0,5,0.08216599962906912,0.08749999960855348,0.0069713592529296875,6.613636363636363
synthetic,hot_tail,128,6,0.15,greedy,0,5,24.58004100026301,25.017709000167088,0.4841756820678711,6.686363636363636
synthetic,hot_tail,128,6,0.15,beam,1,5,54.261958000097366,54.576042000007874,0.6946163177490234,6.686363636363636
synthetic,hot_tail,128,6,0.15,beam,4,5,199.0811660007239,202.2295420001683,1.335495948791504,6.686363636363636
synthetic,hot_tail,128,6,0.15,beam,16,5,810.9607500000493,840.9256669992828,4.466490745544434,6.686363636363636
synthetic,hot_tail,128,6,0.15,beam,32,5,1654.7557920002873,1697.635167000044,8.271431922912598,6.686363636363636
synthetic,hot_tail,128,6,0.15,balanced,0,5,0.16354200033674715,0.18812500002240995,0.013869285583496094,7.0
synthetic,hot_tail,128,6,0.15,weighted,0,5,0.2974580002046423,0.30341599995153956,0.018331527709960938,7.184090909090909
synthetic,hot_tail,128,6,0.15,binary_search,0,5,0.5375829996410175,0.5578330001299037,0.0816335678100586,7.0
synthetic,hot_tail,128,6,0.15,learned_segment,0,5,0.1679580000200076,0.18066700067720376,0.013982772827148438,7.632954545454545
synthetic,hot_tail,256,6,0.15,greedy,0,5,97.62058399974194,99.9400840000817,1.2070636749267578,7.6863636363636365
synthetic,hot_tail,256,6,0.15,beam,1,5,204.7147919993222,207.25083300021652,1.8910017013549805,7.6863636363636365
synthetic,hot_tail,256,6,0.15,beam,4,5,743.4095420003359,759.2686250000042,3.4161596298217773,7.6863636363636365
synthetic,hot_tail,256,6,0.15,beam,16,5,2964.9397089997365,3040.9353750001173,9.450434684753418,7.6863636363636365
synthetic,hot_tail,256,6,0.15,beam,32,5,6248.725874999764,6406.81583300011,17.46306610107422,7.6863636363636365
synthetic,hot_tail,256,6,0.15,balanced,0,5,0.369458999557537,0.41733299985935446,0.028418540954589844,8.0
synthetic,hot_tail,256,6,0.15,weighted,0,5,0.6237919997147401,0.6442079993576044,0.03678703308105469,8.19375
synthetic,hot_tail,256,6,0.15,binary_search,0,5,1.185292000627669,1.249041999471956,0.18309688568115234,8.0
synthetic,hot_tail,256,6,0.15,learned_segment,0,5,0.3688750002766028,0.3796250002778834,0.028776168823242188,8.642613636363636
synthetic,hot_tail,512,6,0.15,greedy,0,5,428.0472919999738,494.40879200028576,3.420442581176758,8.686363636363637
synthetic,hot_tail,512,6,0.15,beam,1,5,850.1465830004236,918.5755839998819,4.825559616088867,8.686363636363637
synthetic,hot_tail,512,6,0.15,beam,4,5,3249.2574170000807,3312.5600000003033,7.947778701782227,8.686363636363637
synthetic,hot_tail,512,6,0.15,beam,16,5,12248.7724169996,13782.802208000248,20.381174087524414,8.686363636363637
synthetic,hot_tail,512,6,0.15,beam,32,5,24133.488208000017,24420.305624999855,36.9548282623291,8.686363636363637
synthetic,hot_tail,512,6,0.15,balanced,0,5,0.7521659999838448,1.494666999860783,0.053717613220214844,9.0
synthetic,hot_tail,512,6,0.15,weighted,0,5,1.1398750002626912,1.4892919998601428,0.06989860534667969,9.19375
synthetic,hot_tail,512,6,0.15,binary_search,0,5,2.643417000399495,2.702875000068161,0.3942708969116211,9.0
synthetic,hot_tail,512,6,0.15,learned_segment,0,5,0.759167000069283,0.7793750000928412,0.05383110046386719,9.642613636363636
synthetic,dirichlet,32,6,0.15,greedy,0,5,0.6548749997818959,0.6991250002101879,0.05190277099609375,5.0
synthetic,dirichlet,32,6,0.15,beam,1,5,5.684458999894559,5.966540999907011,0.2533073425292969,5.0
synthetic,dirichlet,32,6,0.15,beam,4,5,20.972125000298547,21.40429100018082,0.34897804260253906,5.0
synthetic,dirichlet,32,6,0.15,beam,16,5,85.58650000031776,102.14120900036505,0.8816823959350586,5.0
synthetic,dirichlet,32,6,0.15,beam,32,5,179.85729100018943,198.09600000007777,1.516829490661621,5.0
synthetic,dirichlet,32,6,0.15,balanced,0,5,0.04204199922241969,0.05558399971050676,0.0037298202514648438,5.0
synthetic,dirichlet,32,6,0.15,weighted,0,5,0.08604100003140047,0.09579199922882253,0.0052623748779296875,5.221714731942093
synthetic,dirichlet,32,6,0.15,binary_search,0,5,0.09858399971562903,0.10254199969494948,0.009261131286621094,5.0
synthetic,dirichlet,32,6,0.15,learned_segment,0,5,0.04333400011091726,0.04658399939216906,0.0038661956787109375,5.6068812408808135
synthetic,dirichlet,64,6,0.15,greedy,0,5,2.2414579998439876,2.479750000020431,0.138916015625,6.0
synthetic,dirichlet,64,6,0.15,beam,1,5,17.045874999894295,17.14754200020252,0.3470458984375,6.0
synthetic,dirichlet,64,6,0.15,beam,4,5,60.78841599992302,70.85920800000167,0.6957464218139648,6.0
synthetic,dirichlet,64,6,0.15,beam,16,5,257.8456669998559,273.5133329997552,1.9864616394042969,6.0
synthetic,dirichlet,64,6,0.15,beam,32,5,529.1055830002733,533.3297909992325,3.698004722595215,6.0
synthetic,dirichlet,64,6,0.15,balanced,0,5,0.0793330000306014,0.09683299958851421,0.006857872009277344,6.0
synthetic,dirichlet,64,6,0.15,weighted,0,5,0.14850000025035115,0.16149999919434777,0.009366989135742188,6.5050401728986476
synthetic,dirichlet,64,6,0.15,binary_search,0,5,0.24149999990186188,0.24612500055809505,0.031165122985839844,6.0
synthetic,dirichlet,64,6,0.15,learned_segment,0,5,0.08391600022150669,0.0927499995668768,0.0069713592529296875,6.917506732599376
synthetic,dirichlet,128,6,0.15,greedy,0,5,7.888375000220549,10.499791999791341,0.36322021484375,7.0
synthetic,dirichlet,128,6,0.15,beam,1,5,54.316583999934664,56.40170799961197,0.8206386566162109,7.0
synthetic,dirichlet,128,6,0.15,beam,4,5,196.0490410001512,208.00758299992594,1.4839582443237305,7.0
synthetic,dirichlet,128,6,0.15,beam,16,5,819.7770840006342,824.8981249998906,4.294253349304199,7.0
synthetic,dirichlet,128,6,0.15,beam,32,5,1670.3834999998435,1692.9009589994166,8.285459518432617,7.0
synthetic,dirichlet,128,6,0.15,balanced,0,5,0.16033300016715657,0.18329099930269876,0.013869285583496094,7.0
synthetic,dirichlet,128,6,0.15,weighted,0,5,0.2848329995686072,0.3023750005013426,0.018331527709960938,7.557065887388498
synthetic,dirichlet,128,6,0.15,binary_search,0,5,0.5376670005716733,0.5468330000439892,0.0816335678100586,7.0
synthetic,dirichlet,128,6,0.15,learned_segment,0,5,0.17033299991453532,0.172709000253235,0.014532089233398438,7.915200190356567
synthetic,dirichlet,256,6,0.15,greedy,0,5,32.037332999607315,32.41191599954618,0.9307241439819336,8.0
synthetic,dirichlet,256,6,0.15,beam,1,5,206.65562500016676,211.3673750000089,1.6600608825683594,8.0
synthetic,dirichlet,256,6,0.15,beam,4,5,750.9752500000104,832.4775420005608,3.230264663696289,8.0
synthetic,dirichlet,256,6,0.15,beam,16,5,2975.3264580003815,3001.428874999874,9.450190544128418,8.0
synthetic,dirichlet,256,6,0.15,beam,32,5,5933.792499999981,6099.554917000205,17.457355499267578,8.0
synthetic,dirichlet,256,6,0.15,balanced,0,5,0.36087499938730616,0.3987079999205889,0.028418540954589844,8.0
synthetic,dirichlet,256,6,0.15,weighted,0,5,0.6023330006428296,0.6199160006872262,0.03678703308105469,8.578617282535772
synthetic,dirichlet,256,6,0.15,binary_search,0,5,1.171375000012631,1.1840830002256553,0.18309688568115234,8.0
synthetic,dirichlet,256,6,0.15,learned_segment,0,5,0.3655420005088672,0.3754999997909181,0.029020309448242188,8.88241280161492
synthetic,dirichlet,512,6,0.15,greedy,0,5,131.8469580000965,132.5856660005229,2.8211851119995117,9.0
synthetic,dirichlet,512,6,0.15,beam,1,5,826.8775000005917,872.4211250000735,4.845358848571777,9.0
synthetic,dirichlet,512,6,0.15,beam,4,5,3121.6323329999796,3230.097874999956,7.946038246154785,9.0
synthetic,dirichlet,512,6,0.15,beam,16,5,12215.091874999416,12318.902750000234,20.212346076965332,9.0
synthetic,dirichlet,512,6,0.15,beam,32,5,24475.212458999522,26487.494334000075,36.946106910705566,9.0
synthetic,dirichlet,512,6,0.15,balanced,0,5,0.7372090003627818,2.2230419999687,0.053717613220214844,9.0
synthetic,dirichlet,512,6,0.15,weighted,0,5,1.2091669996152632,1.6248749998339918,0.06989860534667969,9.575254086261332
synthetic,dirichlet,512,6,0.15,binary_search,0,5,2.6335840002502664,2.674792000107118,0.3942708969116211,9.0
synthetic,dirichlet,512,6,0.15,learned_segment,0,5,0.743208000130835,0.9374589999424643,0.05383110046386719,9.882910284846158
synthetic,two_hot_blocks,32,6,0.15,greedy,0,5,0.6541249995279941,0.6764580002709408,0.051971435546875,4.999999999999999
synthetic,two_hot_blocks,32,6,0.15,beam,1,5,5.590165999819874,5.905500000153552,0.2539939880371094,4.866666666666665
synthetic,two_hot_blocks,32,6,0.15,beam,4,5,20.742790999975114,21.4050419999694,0.34796810150146484,4.45
synthetic,two_hot_blocks,32,6,0.15,beam,16,5,84.53429200017126,84.7616660003041,0.6447982788085938,4.252777777777777
synthetic,two_hot_blocks,32,6,0.15,beam,32,5,186.94400000003952,209.2509580006663,1.363389015197754,4.252777777777777
synthetic,two_hot_blocks,32,6,0.15,balanced,0,5,0.0457500000266009,0.05766699996456737,0.0037298202514648438,4.999999999999999
synthetic,two_hot_blocks,32,6,0.15,weighted,0,5,0.08799999977782136,0.09708299967314815,0.0052623748779296875,4.378703703703703
synthetic,two_hot_blocks,32,6,0.15,binary_search,0,5,0.09825000051932875,0.1037499996527913,0.009261131286621094,4.999999999999999
synthetic,two_hot_blocks,32,6,0.15,learned_segment,0,5,0.043417000597401056,0.047667000217188615,0.0038661956787109375,5.716666666666667
synthetic,two_hot_blocks,64,6,0.15,greedy,0,5,2.3147500005507027,2.488583999365801,0.13916015625,6.0
synthetic,two_hot_blocks,64,6,0.15,beam,1,5,17.49170899984165,17.63566699992225,0.3470458984375,5.866666666666666
synthetic,two_hot_blocks,64,6,0.15,beam,4,5,61.73145799948543,62.334915999599616,0.4840126037597656,5.45
synthetic,two_hot_blocks,64,6,0.15,beam,16,5,261.3271660002283,267.2324169998319,1.7781562805175781,5.45
synthetic,two_hot_blocks,64,6,0.15,beam,32,5,542.5601670003743,639.8020840006211,3.6712961196899414,5.252777777777777
synthetic,two_hot_blocks,64,6,0.15,balanced,0,5,0.08208300005208002,0.09774999944056617,0.006857872009277344,6.0
synthetic,two_hot_blocks,64,6,0.15,weighted,0,5,0.14808400010224432,0.15962500037858263,0.009366989135742188,6.284259259259259
synthetic,two_hot_blocks,64,6,0.15,binary_search,0,5,0.24270899939438095,0.24537500030419324,0.031165122985839844,6.0
synthetic,two_hot_blocks,64,6,0.15,learned_segment,0,5,0.08266700024250895,0.08920799973566318,0.0069713592529296875,6.960648148148147
synthetic,two_hot_blocks,128,6,0.15,greedy,0,5,7.979832999808423,8.213042000534188,0.35540771484375,7.0
synthetic,two_hot_blocks,128,6,0.15,beam,1,5,54.25466599990614,54.31250000037835,0.6948299407958984,6.866666666666667
synthetic,two_hot_blocks,128,6,0.15,beam,4,5,196.2926250007513,211.12383299987414,1.5059614181518555,6.560185185185185
synthetic,two_hot_blocks,128,6,0.15,beam,16,5,818.5325830008878,879.737582999951,4.391385078430176,6.449999999999999
synthetic,two_hot_blocks,128,6,0.15,beam,32,5,1701.3285419998283,1752.103625000018,8.11205005645752,6.449999999999999
synthetic,two_hot_blocks,128,6,0.15,balanced,0,5,0.1642500001253211,0.19120900014968356,0.013869285583496094,7.0
synthetic,two_hot_blocks,128,6,0.15,weighted,0,5,0.293457999759994,0.29791700035275426,0.018331527709960938,7.087499999999999
synthetic,two_hot_blocks,128,6,0.15,binary_search,0,5,0.533542000084708,0.5479169994941913,0.0816335678100586,7.0
synthetic,two_hot_blocks,128,6,0.15,learned_segment,0,5,0.16654199953336501,0.17233400012628408,0.014165878295898438,7.96261574074074
synthetic,two_hot_blocks,256,6,0.15,greedy,0,5,31.816207999327162,32.52558300027886,0.9303112030029297,8.0
synthetic,two_hot_blocks,256,6,0.15,beam,1,5,206.56916700045258,212.83854099965538,1.899744987487793,7.866666666666665
synthetic,two_hot_blocks,256,6,0.15,beam,4,5,762.0535839996592,862.4289999997927,3.327080726623535,7.866666666666665
synthetic,two_hot_blocks,256,6,0.15,beam,16,5,3078.4535000002506,3856.4474999993763,9.429851531982422,7.45
synthetic,two_hot_blocks,256,6,0.15,beam,32,5,6024.7775830002865,7518.78674999989,17.287349700927734,7.45
synthetic,two_hot_blocks,256,6,0.15,balanced,0,5,0.3585419999581063,0.398457999835955,0.028418540954589844,8.0
synthetic,two_hot_blocks,256,6,0.15,weighted,0,5,0.5999579998388072,0.6127090000518365,0.03678703308105469,8.146527777777777
synthetic,two_hot_blocks,256,6,0.15,binary_search,0,5,1.15666700003203,1.1747500002456945,0.18309688568115234,8.0
synthetic,two_hot_blocks,256,6,0.15,learned_segment,0,5,0.36587500017049024,0.3726250006366172,0.028776168823242188,8.963599537037037
synthetic,two_hot_blocks,512,6,0.15,greedy,0,5,133.60424999973475,135.21579200005363,2.821857452392578,9.0
synthetic,two_hot_blocks,512,6,0.15,beam,1,5,846.893750000163,864.876457999344,4.833974838256836,8.866666666666667
synthetic,two_hot_blocks,512,6,0.15,beam,4,5,3187.827124999785,3310.483999999633,7.9566545486450195,8.866666666666667
synthetic,two_hot_blocks,512,6,0.15,beam,16,5,12074.107082999944,12210.984833000111,20.35392189025879,8.560185185185185
synthetic,two_hot_blocks,512,6,0.15,beam,32,5,24196.388458998626,24675.444583999706,36.8868522644043,8.548379629629629
synthetic,two_hot_blocks,512,6,0.15,balanced,0,5,0.7361250009125797,0.7932089993119007,0.053717613220214844,9.0
synthetic,two_hot_blocks,512,6,0.15,weighted,0,5,1.2079589996574214,1.211541999509791,0.06989860534667969,9.278356481481481
synthetic,two_hot_blocks,512,6,0.15,binary_search,0,5,2.5998749988502823,2.693208998607588,0.3942708969116211,9.0
synthetic,two_hot_blocks,512,6,0.15,learned_segment,0,5,0.7280829995579552,0.7535000004281756,0.05383110046386719,9.963599537037037
synthetic,alternating_hot,32,6,0.15,greedy,0,5,0.6502910000563134,0.6765830003132578,0.05214691162109375,5.0
synthetic,alternating_hot,32,6,0.15,beam,1,5,5.831625001519569,8.419583000431885,0.2533073425292969,5.0
synthetic,alternating_hot,32,6,0.15,beam,4,5,21.340082999813603,22.385083000699524,0.3937807083129883,5.0
synthetic,alternating_hot,32,6,0.15,beam,16,5,84.9774170001183,87.94070799922338,0.8159627914428711,5.0
synthetic,alternating_hot,32,6,0.15,beam,32,5,179.01658300070267,188.01062499915133,1.4398021697998047,5.0
synthetic,alternating_hot,32,6,0.15,balanced,0,5,0.042499999835854396,0.054042000556364655,0.0037298202514648438,5.0
synthetic,alternating_hot,32,6,0.15,weighted,0,5,0.08849999903759453,0.0975419989117654,0.0052623748779296875,5.0
synthetic,alternating_hot,32,6,0.15,binary_search,0,5,0.10191700130235404,0.10341699999116827,0.009261131286621094,5.0
synthetic,alternating_hot,32,6,0.15,learned_segment,0,5,0.043957999878330156,0.049666999984765425,0.0038661956787109375,5.57328629032258
synthetic,alternating_hot,64,6,0.15,greedy,0,5,2.272124998853542,2.4718750009924406,0.13909912109375,6.0
synthetic,alternating_hot,64,6,0.15,beam,1,5,17.252167001061025,19.747874999666237,0.3587074279785156,6.0
synthetic,alternating_hot,64,6,0.15,beam,4,5,60.99674999859417,63.676708999992115,0.646061897277832,6.0
synthetic,alternating_hot,64,6,0.15,beam,16,5,257.0985410002322,266.3291670014587,1.9551725387573242,6.0
synthetic,alternating_hot,64,6,0.15,beam,32,5,528.097374999561,531.9827500006795,3.7201004028320312,6.0
synthetic,alternating_hot,64,6,0.15,balanced,0,5,0.08129200068651699,0.09470800068811513,0.006857872009277344,6.0
synthetic,alternating_hot,64,6,0.15,weighted,0,5,0.14420799925574102,0.15250000069499947,0.009366989135742188,6.0
synthetic,alternating_hot,64,6,0.15,binary_search,0,5,0.24333300098078325,0.25762499899428803,0.031165122985839844,6.0
synthetic,alternating_hot,64,6,0.15,learned_segment,0,5,0.08175000039045699,0.09062500066647772,0.0069713592529296875,6.8671875
synthetic,alternating_hot,128,6,0.15,greedy,0,5,7.956249999551801,8.070750000115368,0.35540771484375,7.0
synthetic,alternating_hot,128,6,0.15,beam,1,5,54.1720000001078,54.413750000094296,0.6941661834716797,7.0
synthetic,alternating_hot,128,6,0.15,beam,4,5,195.08116699944367,200.01837499876274,1.283346176147461,7.0
synthetic,alternating_hot,128,6,0.15,beam,16,5,827.6582500002405,833.6760830006824,4.440973281860352,7.0
synthetic,alternating_hot,128,6,0.15,beam,32,5,1677.9159590005293,1690.6617080003343,8.332245826721191,7.0
synthetic,alternating_hot,128,6,0.15,balanced,0,5,0.1649999994697282,0.1904580003611045,0.013869285583496094,7.0
synthetic,alternating_hot,128,6,0.15,weighted,0,5,0.2906660010921769,0.2949170011561364,0.018331527709960938,7.0
synthetic,alternating_hot,128,6,0.15,binary_search,0,5,0.5312920002324972,0.5704579998564441,0.0816335678100586,7.0
synthetic,alternating_hot,128,6,0.15,learned_segment,0,5,0.16562500059080776,0.17287499940721318,0.014104843139648438,7.880040322580646
synthetic,alternating_hot,256,6,0.15,greedy,0,5,31.92729100010183,32.466791999468114,0.9306249618530273,8.0
synthetic,alternating_hot,256,6,0.15,beam,1,5,205.039291000503,206.00283299972943,1.662541389465332,8.0
synthetic,alternating_hot,256,6,0.15,beam,4,5,741.1064580010134,761.3470000014786,3.429025650024414,8.0
synthetic,alternating_hot,256,6,0.15,beam,16,5,3012.3832500012213,3041.1209169997164,9.439550399780273,8.0
synthetic,alternating_hot,256,6,0.15,beam,32,5,6147.376082999472,6214.863584000341,17.330573081970215,8.0
synthetic,alternating_hot,256,6,0.15,balanced,0,5,0.37045799945190083,0.4068750004080357,0.028418540954589844,8.0
synthetic,alternating_hot,256,6,0.15,weighted,0,5,0.6285420004132902,0.6692500010103686,0.03678703308105469,8.0
synthetic,alternating_hot,256,6,0.15,binary_search,0,5,1.165207999292761,1.1849160000565462,0.18309688568115234,8.0
synthetic,alternating_hot,256,6,0.15,learned_segment,0,5,0.3646670011221431,0.37570799941022415,0.029020309448242188,8.880254536290323
synthetic,alternating_hot,512,6,0.15,greedy,0,5,131.85008300024492,135.00250000106462,2.8218727111816406,9.000000000000002
synthetic,alternating_hot,512,6,0.15,beam,1,5,835.6002500004251,855.1170829996408,4.830411911010742,9.000000000000002
synthetic,alternating_hot,512,6,0.15,beam,4,5,3145.021333999466,3162.1999590006453,7.9522809982299805,9.000000000000002
synthetic,alternating_hot,512,6,0.15,beam,16,5,12275.945665998734,12437.5135829996,20.394783973693848,9.000000000000002
synthetic,alternating_hot,512,6,0.15,beam,32,5,24621.952583000166,24771.783083000628,36.97047233581543,9.000000000000002
synthetic,alternating_hot,512,6,0.15,balanced,0,5,0.7317500003409805,0.7839579993742518,0.053717613220214844,9.000000000000002
synthetic,alternating_hot,512,6,0.15,weighted,0,5,1.2106250014767284,1.2311669997870922,0.06989860534667969,9.000000000000002
synthetic,alternating_hot,512,6,0.15,binary_search,0,5,2.6269169993611285,2.7416250013629906,0.3942708969116211,9.000000000000002
synthetic,alternating_hot,512,6,0.15,learned_segment,0,5,0.7322500005102484,0.7713750001130393,0.05383110046386719,9.877148437499999
real,movielens_100k,32,6,0.15,greedy,0,5,0.6545000014739344,0.6850830013718223,0.05196380615234375,5.0
real,movielens_100k,32,6,0.15,beam,1,5,5.678958999851602,5.9478749990375945,0.2533073425292969,5.0
real,movielens_100k,32,6,0.15,beam,4,5,20.977083999241586,21.46766599980765,0.34913063049316406,4.7637855
real,movielens_100k,32,6,0.15,beam,16,5,85.66091700049583,94.14016699884087,0.7605819702148438,4.7637855
real,movielens_100k,32,6,0.15,beam,32,5,182.57237500074552,189.47387499974866,1.4451446533203125,4.7637855
real,movielens_100k,32,6,0.15,balanced,0,5,0.043000000005122274,0.05595800030278042,0.0037298202514648438,5.0
real,movielens_100k,32,6,0.15,weighted,0,5,0.08479099960823078,0.09512500037089922,0.0052623748779296875,5.0158534999999995
real,movielens_100k,32,6,0.15,binary_search,0,5,0.09333300113212317,0.0959999997576233,0.009261131286621094,5.0
real,movielens_100k,32,6,0.15,learned_segment,0,5,0.04391699985717423,0.05050000072515104,0.0038661956787109375,5.5338005
real,movielens_100k,64,6,0.15,greedy,0,5,2.291332999448059,2.4216670008172514,0.1390380859375,6.0
real,movielens_100k,64,6,0.15,beam,1,5,17.08508400042774,17.30137499907869,0.3470458984375,6.0
real,movielens_100k,64,6,0.15,beam,4,5,61.61820799934503,70.10566699864285,0.6848955154418945,5.7637855
real,movielens_100k,64,6,0.15,beam,16,5,255.15483299932384,275.6270410009165,1.9308958053588867,5.7637855
real,movielens_100k,64,6,0.15,beam,32,5,528.4924159986986,548.7486250003712,3.8101110458374023,5.757402
real,movielens_100k,64,6,0.15,balanced,0,5,0.08150000030582305,0.09658400085754693,0.006857872009277344,6.0
real,movielens_100k,64,6,0.15,weighted,0,5,0.14991699936217628,0.15824999900360126,0.009366989135742188,6.1966825
real,movielens_100k,64,6,0.15,binary_search,0,5,0.2430829990771599,0.247291000050609,0.031165122985839844,6.0
real,movielens_100k,64,6,0.15,learned_segment,0,5,0.08787499973550439,0.08958400030678604,0.0069713592529296875,6.992809
real,movielens_100k,128,6,0.15,greedy,0,5,8.01270800002385,8.134959000017261,0.35540771484375,7.0
real,movielens_100k,128,6,0.15,beam,1,5,54.9566669997148,58.67908399886801,0.8198146820068359,7.0
real,movielens_100k,128,6,0.15,beam,4,5,194.80329200087,209.09616700009792,1.4115324020385742,6.7637855
real,movielens_100k,128,6,0.15,beam,16,5,813.1767920003767,817.9245830015134,4.308254241943359,6.7637855
real,movielens_100k,128,6,0.15,beam,32,5,1663.4059579992027,1684.5429580007476,8.219400405883789,6.757402
real,movielens_100k,128,6,0.15,balanced,0,5,0.16387499999837019,0.1833749993238598,0.013869285583496094,7.0
real,movielens_100k,128,6,0.15,weighted,0,5,0.2957920005428605,0.30445899938058574,0.018331527709960938,7.210869
real,movielens_100k,128,6,0.15,binary_search,0,5,0.5380420006986242,0.5545000003621681,0.0816335678100586,7.0
real,movielens_100k,128,6,0.15,learned_segment,0,5,0.16504199993505608,0.1689589989837259,0.013982772827148438,7.993438
real,movielens_100k,256,6,0.15,greedy,0,5,31.70516700083681,32.120916999701876,0.9302501678466797,8.0
real,movielens_100k,256,6,0.15,beam,1,5,204.19491699976788,217.20912499949918,1.8977842330932617,8.0
real,movielens_100k,256,6,0.15,beam,4,5,742.2072909994313,754.0712080008234,3.276063919067383,7.763785499999999
real,movielens_100k,256,6,0.15,beam,16,5,3050.127667000197,3175.657167001191,9.43950366973877,7.763785499999999
real,movielens_100k,256,6,0.15,beam,32,5,6258.929708999858,6451.50724999985,17.466012001037598,7.757402
real,movielens_100k,256,6,0.15,balanced,0,5,0.3713330006576143,0.4111660000489792,0.028418540954589844,8.0
real,movielens_100k,256,6,0.15,weighted,0,5,0.6417080003302544,0.712208000550163,0.03678703308105469,8.191395499999999
real,movielens_100k,256,6,0.15,binary_search,0,5,1.1847080004372401,1.2042500002280576,0.18309688568115234,8.0
real,movielens_100k,256,6,0.15,learned_segment,0,5,0.37608300044666976,0.3811249989666976,0.028776168823242188,8.993786499999999
real,movielens_100k,512,6,0.15,greedy,0,5,133.90020900078525,141.39929200064216,2.821857452392578,9.0
real,movielens_100k,512,6,0.15,beam,1,5,871.5418749998207,890.247957999236,4.833311080932617,9.0
real,movielens_100k,512,6,0.15,beam,4,5,3075.919208000414,3141.9485840015113,7.9483442306518555,8.7637855
real,movielens_100k,512,6,0.15,beam,16,5,12236.976374999358,13675.136750000092,20.378040313720703,8.7637855
real,movielens_100k,512,6,0.15,beam,32,5,24055.839583001216,24391.34979099981,36.96687030792236,8.757401999999999
real,movielens_100k,512,6,0.15,balanced,0,5,0.7597090007038787,0.8105420001811581,0.053717613220214844,9.0
real,movielens_100k,512,6,0.15,weighted,0,5,1.250874998731888,1.260459001059644,0.06989860534667969,9.1981275
real,movielens_100k,512,6,0.15,binary_search,0,5,2.652999999554595,2.7418329991633072,0.3942708969116211,9.0
real,movielens_100k,512,6,0.15,learned_segment,0,5,0.7339589992625406,0.7412089998979354,0.05383110046386719,9.993786499999999
real,uci_online_retail,32,6,0.15,greedy,0,5,0.6582500009244541,0.6699580007989425,0.05202484130859375,5.0
real,uci_online_retail,32,6,0.15,beam,1,5,5.556625001190696,5.85920800040185,0.2533073425292969,5.0
real,uci_online_retail,32,6,0.15,beam,4,5,20.793458999833092,21.270834000461036,0.34870338439941406,5.0
real,uci_online_retail,32,6,0.15,beam,16,5,85.61612500125193,85.7518329994491,0.6348648071289062,5.0
real,uci_online_retail,32,6,0.15,beam,32,5,183.55316699853574,189.82133400095336,1.4294347763061523,5.0
real,uci_online_retail,32,6,0.15,balanced,0,5,0.04195800102024805,0.05404199873737525,0.0037298202514648438,5.0
real,uci_online_retail,32,6,0.15,weighted,0,5,0.08733299910090864,0.09166699965135194,0.0052623748779296875,5.4461583707426335
real,uci_online_retail,32,6,0.15,binary_search,0,5,0.09708300058264285,0.09862499973678496,0.009261131286621094,5.0
real,uci_online_retail,32,6,0.15,learned_segment,0,5,0.04337499922257848,0.04450000051292591,0.0038661956787109375,5.613095890153119
real,uci_online_retail,64,6,0.15,greedy,0,5,2.2333750002871966,2.314208999450784,0.1400146484375,6.0
real,uci_online_retail,64,6,0.15,beam,1,5,16.95600000130071,16.985833000944695,0.3470458984375,6.0
real,uci_online_retail,64,6,0.15,beam,4,5,60.56979200002388,60.825292001027265,0.4807929992675781,6.0
real,uci_online_retail,64,6,0.15,beam,16,5,256.7476669992175,269.36291699894355,2.0146169662475586,6.0
real,uci_online_retail,64,6,0.15,beam,32,5,533.8177499997983,539.951791999556,3.7505035400390625,6.0
real,uci_online_retail,64,6,0.15,balanced,0,5,0.08233299922721926,0.09575000149197876,0.006857872009277344,6.0
real,uci_online_retail,64,6,0.15,weighted,0,5,0.14349999946716707,0.150040999869816,0.009366989135742188,6.35117554608167
real,uci_online_retail,64,6,0.15,binary_search,0,5,0.24133300030371174,0.24741699962760322,0.031165122985839844,6.0
real,uci_online_retail,64,6,0.15,learned_segment,0,5,0.08337500003108289,0.08841700037010014,0.0075206756591796875,6.954922969780815
real,uci_online_retail,128,6,0.15,greedy,0,5,7.8867079992051,8.206415999666206,0.35540771484375,7.0
real,uci_online_retail,128,6,0.15,beam,1,5,53.90020800041384,58.18695900052262,0.6941661834716797,7.0
real,uci_online_retail,128,6,0.15,beam,4,5,195.51645800129336,202.85141699969245,1.3350458145141602,7.0
real,uci_online_retail,128,6,0.15,beam,16,5,828.1797090003238,848.5758330007229,4.440973281860352,7.0
real,uci_online_retail,128,6,0.15,beam,32,5,1659.5039999992878,1685.2748339988466,8.157169342041016,7.0
real,uci_online_retail,128,6,0.15,balanced,0,5,0.16524999955436215,0.18799999998009298,0.013869285583496094,7.0
real,uci_online_retail,128,6,0.15,weighted,0,5,0.293332999717677,0.2983330014103558,0.018331527709960938,7.5263146898557265
real,uci_online_retail,128,6,0.15,binary_search,0,5,0.5462079989229096,0.5515829998330446,0.0816335678100586,7.0
real,uci_online_retail,128,6,0.15,learned_segment,0,5,0.16783399951236788,0.17329199908999726,0.014104843139648438,7.958041164346819
real,uci_online_retail,256,6,0.15,greedy,0,5,31.66554199924576,32.72724999987986,0.9306783676147461,8.0
real,uci_online_retail,256,6,0.15,beam,1,5,203.2252499993774,215.5925839997508,1.9065914154052734,8.0
real,uci_online_retail,256,6,0.15,beam,4,5,742.1758330001467,749.7767909990216,3.2393274307250977,8.0
real,uci_online_retail,256,6,0.15,beam,16,5,2976.708750000398,3060.523332998855,9.267144203186035,8.0
real,uci_online_retail,256,6,0.15,beam,32,5,6003.253000000768,6025.851999998849,17.457355499267578,8.0
real,uci_online_retail,256,6,0.15,balanced,0,5,0.3627919995778939,0.38529199991899077,0.028418540954589844,8.0
real,uci_online_retail,256,6,0.15,weighted,0,5,0.5866249994141981,0.6013750007696217,0.03678703308105469,8.469214169419427
real,uci_online_retail,256,6,0.15,binary_search,0,5,1.1612920006882632,1.1869169993588002,0.18309688568115234,8.0
real,uci_online_retail,256,6,0.15,learned_segment,0,5,0.36329199974716175,0.3698330001498107,0.028654098510742188,8.960930573985715
real,uci_online_retail,512,6,0.15,greedy,0,5,133.09658400066837,133.54495899875474,2.821796417236328,9.0
real,uci_online_retail,512,6,0.15,beam,1,5,841.1690419998195,864.7244589992624,4.828005790710449,9.0
real,uci_online_retail,512,6,0.15,beam,4,5,3074.4945829992503,3081.130208000104,7.9518842697143555,9.0
real,uci_online_retail,512,6,0.15,beam,16,5,12207.090709000113,12339.893957998356,20.38479995727539,9.0
real,uci_online_retail,512,6,0.15,beam,32,5,24298.765542000183,24525.74445800019,36.95463848114014,9.0
real,uci_online_retail,512,6,0.15,balanced,0,5,0.7322920009755762,0.7837499997549457,0.053717613220214844,9.0
real,uci_online_retail,512,6,0.15,weighted,0,5,1.1828329988929909,1.1898749999090796,0.06989860534667969,9.361222884139398
real,uci_online_retail,512,6,0.15,binary_search,0,5,2.5935829999070847,2.7057090010202955,0.3942708969116211,9.0
real,uci_online_retail,512,6,0.15,learned_segment,0,5,0.7276659998751711,0.7325000005948823,0.05383110046386719,9.960930573985713
real,wikimedia_pageviews,32,6,0.15,greedy,0,5,3.3740830003807787,3.465416999461013,0.1924428939819336,4.7742717616371895
real,wikimedia_pageviews,32,6,0.15,beam,1,5,5.547208000280079,5.567416999838315,0.2539710998535156,4.654282795313358
real,wikimedia_pageviews,32,6,0.15,beam,4,5,20.972750000510132,21.01225000114937,0.3231697082519531,4.654282795313358
real,wikimedia_pageviews,32,6,0.15,beam,16,5,85.7824590002565,99.60837499966146,0.8564529418945312,4.646566767755425
real,wikimedia_pageviews,32,6,0.15,beam,32,5,178.91816699921037,185.91895800091152,1.4945201873779297,4.646566767755425
real,wikimedia_pageviews,32,6,0.15,balanced,0,5,0.041917000999092124,0.05566700019699056,0.0037298202514648438,5.0
real,wikimedia_pageviews,32,6,0.15,weighted,0,5,0.08891700053936802,0.09470799886912573,0.0052623748779296875,4.921098586422726
real,wikimedia_pageviews,32,6,0.15,binary_search,0,5,0.09737499931361526,0.10070799908135086,0.009261131286621094,5.0
real,wikimedia_pageviews,32,6,0.15,learned_segment,0,5,0.04379199890536256,0.04670899943448603,0.0038661956787109375,5.434713362422086
real,wikimedia_pageviews,64,6,0.15,greedy,0,5,7.414749999952619,7.462707999366103,0.3475494384765625,5.826890619772183
real,wikimedia_pageviews,64,6,0.15,beam,1,5,16.95054200172308,19.38608300042688,0.3595314025878906,5.767545217025791
real,wikimedia_pageviews,64,6,0.15,beam,4,5,60.25087499983783,62.61100000119768,0.6492118835449219,5.767704968802991
real,wikimedia_pageviews,64,6,0.15,beam,16,5,255.44533399988723,262.32237499971234,1.9690837860107422,5.646566767755426
real,wikimedia_pageviews,64,6,0.15,beam,32,5,529.4647090013314,535.129332998622,3.7365856170654297,5.646566767755426
real,wikimedia_pageviews,64,6,0.15,balanced,0,5,0.08233299922721926,0.09766699986357708,0.006857872009277344,6.0
real,wikimedia_pageviews,64,6,0.15,weighted,0,5,0.1405000002705492,0.14820800060988404,0.009366989135742188,6.222740328887933
real,wikimedia_pageviews,64,6,0.15,binary_search,0,5,0.23766599952068646,0.23912500000733417,0.031165122985839844,6.0
real,wikimedia_pageviews,64,6,0.15,learned_segment,0,5,0.08316599996760488,0.08754199916438665,0.0075206756591796875,6.945510725256447
real,wikimedia_pageviews,128,6,0.15,greedy,0,5,24.79700000003504,25.400499998795567,0.4882659912109375,6.826890619772183
real,wikimedia_pageviews,128,6,0.15,beam,1,5,53.930707999825245,54.799542000182555,0.6941661834716797,6.767545217025791
real,wikimedia_pageviews,128,6,0.15,beam,4,5,197.0014580001589,200.32645900028,1.3377113342285156,6.767545217025791
real,wikimedia_pageviews,128,6,0.15,beam,16,5,824.9004999997851,832.393000000593,4.462560653686523,6.633152007255732
real,wikimedia_pageviews,128,6,0.15,beam,32,5,1673.1959160006227,1683.1236250000075,8.266468048095703,6.646566767755426
real,wikimedia_pageviews,128,6,0.15,balanced,0,5,0.15829199946892913,0.18274999820278026,0.013869285583496094,7.0
real,wikimedia_pageviews,128,6,0.15,weighted,0,5,0.28929200016136747,0.2964159994007787,0.018331527709960938,7.079497656462524
real,wikimedia_pageviews,128,6,0.15,binary_search,0,5,0.5341250016499544,0.5439169999590376,0.0816335678100586,7.0
real,wikimedia_pageviews,128,6,0.15,learned_segment,0,5,0.16391700046369806,0.1788749996194383,0.014165878295898438,7.948428556774701
real,wikimedia_pageviews,256,6,0.15,greedy,0,5,98.02604099968448,134.10470800045005,1.2048273086547852,7.826890619772183
real,wikimedia_pageviews,256,6,0.15,beam,1,5,211.1492919993907,299.92466699877696,1.8977909088134766,7.826890619772183
real,wikimedia_pageviews,256,6,0.15,beam,4,5,744.8225830012234,754.097291999642,3.415273666381836,7.767545217025791
real,wikimedia_pageviews,256,6,0.15,beam,16,5,3014.6389579986135,3139.374999998836,9.488057136535645,7.633152007255731
real,wikimedia_pageviews,256,6,0.15,beam,32,5,6049.889415999132,6114.854208999532,17.364730834960938,7.633152007255731
real,wikimedia_pageviews,256,6,0.15,balanced,0,5,0.3582909994293004,0.39012500019453,0.028418540954589844,8.0
real,wikimedia_pageviews,256,6,0.15,weighted,0,5,0.616082999840728,0.6288330005190801,0.03678703308105469,8.214564064067115
real,wikimedia_pageviews,256,6,0.15,binary_search,0,5,1.165207999292761,1.2028749988530762,0.18309688568115234,8.0
real,wikimedia_pageviews,256,6,0.15,learned_segment,0,5,0.36304099921835586,0.37145900023460854,0.028776168823242188,8.949882164193768
real,wikimedia_pageviews,512,6,0.15,greedy,0,5,406.2939590003225,417.56566599906364,3.4014482498168945,8.826890619772183
real,wikimedia_pageviews,512,6,0.15,beam,1,5,833.9023749995249,843.0345830001897,4.832226753234863,8.826890619772183
real,wikimedia_pageviews,512,6,0.15,beam,4,5,3066.5808329995343,3393.7465410017467,7.9529523849487305,8.767545217025791
real,wikimedia_pageviews,512,6,0.15,beam,16,5,12205.127875000471,12257.622332999745,20.377516746520996,8.654282795313357
real,wikimedia_pageviews,512,6,0.15,beam,32,5,24590.467709000222,26994.179792000068,36.926544189453125,8.633152007255731
real,wikimedia_pageviews,512,6,0.15,balanced,0,5,0.7457909996446688,0.7875410010456108,0.053717613220214844,9.0
real,wikimedia_pageviews,512,6,0.15,weighted,0,5,1.213791998452507,1.2296669992792886,0.06989860534667969,9.190143191919875
real,wikimedia_pageviews,512,6,0.15,binary_search,0,5,2.6653749991965014,2.7157090007676743,0.3942708969116211,9.0
real,wikimedia_pageviews,512,6,0.15,learned_segment,0,5,0.7530000002589077,0.7679589998588199,0.05383110046386719,9.949882164193768
