dataset,workload,method,sample_keys,source_keys,queries,repeats,budget,median_ns_per_query,p95_batch_ns_per_query,build_ms,index_bytes,correct
sosd_books_200m,uniform,std_lower_bound,20000,200000000,100000,7,0,44.651,47.268,0.000,0,true
sosd_books_200m,uniform,eytzinger,20000,200000000,100000,7,0,33.624,35.837,0.000,160008,true
sosd_books_200m,uniform,interpolation_guarded,20000,200000000,100000,7,0,849.268,855.832,0.000,0,true
sosd_books_200m,uniform,certigap_partial,20000,200000000,100000,7,16,44.502,46.432,102.042,240,true
sosd_books_200m,uniform,sosd_radix_spline,20000,200000000,100000,7,0,27.035,28.075,0.317,1048900,true
sosd_books_200m,zipf_1_15,std_lower_bound,20000,200000000,100000,7,0,48.385,50.798,0.000,0,true
sosd_books_200m,zipf_1_15,eytzinger,20000,200000000,100000,7,0,22.078,23.724,0.000,160008,true
sosd_books_200m,zipf_1_15,interpolation_guarded,20000,200000000,100000,7,0,369.365,615.946,0.000,0,true
sosd_books_200m,zipf_1_15,certigap_partial,20000,200000000,100000,7,16,54.499,60.962,64.508,1392,true
sosd_books_200m,zipf_1_15,sosd_radix_spline,20000,200000000,100000,7,0,32.221,35.315,0.317,1048900,true
sosd_books_200m,hotspot_80_20,std_lower_bound,20000,200000000,100000,7,0,43.220,44.384,0.000,0,true
sosd_books_200m,hotspot_80_20,eytzinger,20000,200000000,100000,7,0,27.748,28.239,0.000,160008,true
sosd_books_200m,hotspot_80_20,interpolation_guarded,20000,200000000,100000,7,0,772.829,776.595,0.000,0,true
sosd_books_200m,hotspot_80_20,certigap_partial,20000,200000000,100000,7,16,37.747,40.545,80.559,144,true
sosd_books_200m,hotspot_80_20,sosd_radix_spline,20000,200000000,100000,7,0,22.753,26.358,0.317,1048900,true
sosd_books_200m,latest_biased,std_lower_bound,20000,200000000,100000,7,0,42.337,43.806,0.000,0,true
sosd_books_200m,latest_biased,eytzinger,20000,200000000,100000,7,0,18.126,19.794,0.000,160008,true
sosd_books_200m,latest_biased,interpolation_guarded,20000,200000000,100000,7,0,809.941,813.212,0.000,0,true
sosd_books_200m,latest_biased,certigap_partial,20000,200000000,100000,7,16,53.946,57.142,86.581,1392,true
sosd_books_200m,latest_biased,sosd_radix_spline,20000,200000000,100000,7,0,22.085,22.721,0.317,1048900,true
sosd_fb_200m,uniform,std_lower_bound,20000,200000000,100000,7,0,44.203,46.755,0.000,0,true
sosd_fb_200m,uniform,eytzinger,20000,200000000,100000,7,0,33.808,34.737,0.000,160008,true
sosd_fb_200m,uniform,interpolation_guarded,20000,200000000,100000,7,0,772.921,776.820,0.000,0,true
sosd_fb_200m,uniform,certigap_partial,20000,200000000,100000,7,16,44.890,48.108,90.862,240,true
sosd_fb_200m,uniform,sosd_radix_spline,20000,200000000,100000,7,0,21.580,23.767,0.275,1048756,true
sosd_fb_200m,zipf_1_15,std_lower_bound,20000,200000000,100000,7,0,48.142,49.960,0.000,0,true
sosd_fb_200m,zipf_1_15,eytzinger,20000,200000000,100000,7,0,21.630,23.725,0.000,160008,true
sosd_fb_200m,zipf_1_15,interpolation_guarded,20000,200000000,100000,7,0,422.766,425.866,0.000,0,true
sosd_fb_200m,zipf_1_15,certigap_partial,20000,200000000,100000,7,16,47.960,52.178,60.217,1392,true
sosd_fb_200m,zipf_1_15,sosd_radix_spline,20000,200000000,100000,7,0,24.703,26.765,0.275,1048756,true
sosd_fb_200m,hotspot_80_20,std_lower_bound,20000,200000000,100000,7,0,43.867,45.762,0.000,0,true
sosd_fb_200m,hotspot_80_20,eytzinger,20000,200000000,100000,7,0,27.171,28.741,0.000,160008,true
sosd_fb_200m,hotspot_80_20,interpolation_guarded,20000,200000000,100000,7,0,766.361,771.243,0.000,0,true
sosd_fb_200m,hotspot_80_20,certigap_partial,20000,200000000,100000,7,16,37.401,39.760,94.267,144,true
sosd_fb_200m,hotspot_80_20,sosd_radix_spline,20000,200000000,100000,7,0,20.380,20.842,0.275,1048756,true
sosd_fb_200m,latest_biased,std_lower_bound,20000,200000000,100000,7,0,42.368,44.420,0.000,0,true
sosd_fb_200m,latest_biased,eytzinger,20000,200000000,100000,7,0,18.092,18.990,0.000,160008,true
sosd_fb_200m,latest_biased,interpolation_guarded,20000,200000000,100000,7,0,770.805,772.987,0.000,0,true
sosd_fb_200m,latest_biased,certigap_partial,20000,200000000,100000,7,16,55.268,57.248,81.137,1392,true
sosd_fb_200m,latest_biased,sosd_radix_spline,20000,200000000,100000,7,0,23.640,26.259,0.275,1048756,true
sosd_osm_200m,uniform,std_lower_bound,20000,200000000,100000,7,0,44.388,46.475,0.000,0,true
sosd_osm_200m,uniform,eytzinger,20000,200000000,100000,7,0,33.915,35.342,0.000,160008,true
sosd_osm_200m,uniform,interpolation_guarded,20000,200000000,100000,7,0,725.187,727.346,0.000,0,true
sosd_osm_200m,uniform,certigap_partial,20000,200000000,100000,7,16,44.148,46.462,96.974,240,true
sosd_osm_200m,uniform,sosd_radix_spline,20000,200000000,100000,7,0,26.013,27.503,0.364,782304,true
sosd_osm_200m,zipf_1_15,std_lower_bound,20000,200000000,100000,7,0,48.593,49.968,0.000,0,true
sosd_osm_200m,zipf_1_15,eytzinger,20000,200000000,100000,7,0,22.049,24.122,0.000,160008,true
sosd_osm_200m,zipf_1_15,interpolation_guarded,20000,200000000,100000,7,0,325.630,328.040,0.000,0,true
sosd_osm_200m,zipf_1_15,certigap_partial,20000,200000000,100000,7,16,44.911,49.008,63.974,1392,true
sosd_osm_200m,zipf_1_15,sosd_radix_spline,20000,200000000,100000,7,0,20.488,22.398,0.364,782304,true
sosd_osm_200m,hotspot_80_20,std_lower_bound,20000,200000000,100000,7,0,43.644,46.410,0.000,0,true
sosd_osm_200m,hotspot_80_20,eytzinger,20000,200000000,100000,7,0,27.059,28.870,0.000,160008,true
sosd_osm_200m,hotspot_80_20,interpolation_guarded,20000,200000000,100000,7,0,593.156,596.101,0.000,0,true
sosd_osm_200m,hotspot_80_20,certigap_partial,20000,200000000,100000,7,16,36.920,38.154,97.845,144,true
sosd_osm_200m,hotspot_80_20,sosd_radix_spline,20000,200000000,100000,7,0,23.255,23.816,0.364,782304,true
sosd_osm_200m,latest_biased,std_lower_bound,20000,200000000,100000,7,0,42.990,44.129,0.000,0,true
sosd_osm_200m,latest_biased,eytzinger,20000,200000000,100000,7,0,17.860,18.441,0.000,160008,true
sosd_osm_200m,latest_biased,interpolation_guarded,20000,200000000,100000,7,0,713.763,715.016,0.000,0,true
sosd_osm_200m,latest_biased,certigap_partial,20000,200000000,100000,7,16,55.643,56.793,86.299,1392,true
sosd_osm_200m,latest_biased,sosd_radix_spline,20000,200000000,100000,7,0,22.229,24.039,0.364,782304,true
sosd_wiki_200m,uniform,std_lower_bound,20000,200000000,100000,7,0,44.656,46.203,0.000,0,true
sosd_wiki_200m,uniform,eytzinger,20000,200000000,100000,7,0,33.693,37.929,0.000,160008,true
sosd_wiki_200m,uniform,interpolation_guarded,20000,200000000,100000,7,0,648.379,651.411,0.000,0,true
sosd_wiki_200m,uniform,certigap_partial,20000,200000000,100000,7,16,44.429,46.139,102.046,240,true
sosd_wiki_200m,uniform,sosd_radix_spline,20000,200000000,100000,7,0,28.827,30.713,0.263,924484,true
sosd_wiki_200m,zipf_1_15,std_lower_bound,20000,200000000,100000,7,0,48.882,50.157,0.000,0,true
sosd_wiki_200m,zipf_1_15,eytzinger,20000,200000000,100000,7,0,21.965,23.337,0.000,160008,true
sosd_wiki_200m,zipf_1_15,interpolation_guarded,20000,200000000,100000,7,0,341.672,345.543,0.000,0,true
sosd_wiki_200m,zipf_1_15,certigap_partial,20000,200000000,100000,7,16,47.895,49.823,59.623,1392,true
sosd_wiki_200m,zipf_1_15,sosd_radix_spline,20000,200000000,100000,7,0,22.439,26.948,0.263,924484,true
sosd_wiki_200m,hotspot_80_20,std_lower_bound,20000,200000000,100000,7,0,43.307,46.127,0.000,0,true
sosd_wiki_200m,hotspot_80_20,eytzinger,20000,200000000,100000,7,0,27.224,28.768,0.000,160008,true
sosd_wiki_200m,hotspot_80_20,interpolation_guarded,20000,200000000,100000,7,0,702.590,709.031,0.000,0,true
sosd_wiki_200m,hotspot_80_20,certigap_partial,20000,200000000,100000,7,16,36.898,39.277,93.648,144,true
sosd_wiki_200m,hotspot_80_20,sosd_radix_spline,20000,200000000,100000,7,0,26.363,33.508,0.263,924484,true
sosd_wiki_200m,latest_biased,std_lower_bound,20000,200000000,100000,7,0,42.776,44.462,0.000,0,true
sosd_wiki_200m,latest_biased,eytzinger,20000,200000000,100000,7,0,17.970,19.980,0.000,160008,true
sosd_wiki_200m,latest_biased,interpolation_guarded,20000,200000000,100000,7,0,388.768,391.245,0.000,0,true
sosd_wiki_200m,latest_biased,certigap_partial,20000,200000000,100000,7,16,55.413,57.160,87.531,1392,true
sosd_wiki_200m,latest_biased,sosd_radix_spline,20000,200000000,100000,7,0,23.389,26.385,0.263,924484,true
