distribution,n,budget,eta,solver,objective,average_cost,max_cost,time_ms,absolute_objective_gap_vs_exact,relative_objective_gap_vs_exact
uniform,8,2,0.00,exact,3.000000,3.000000,3.000000,0.272167,0.000000,0.000000
uniform,8,2,0.00,beam,3.000000,3.000000,3.000000,0.470417,0.000000,0.000000
uniform,8,2,0.00,greedy,3.000000,3.000000,3.000000,0.047500,0.000000,0.000000
uniform,8,2,0.00,balanced,3.000000,3.000000,3.000000,0.008625,0.000000,0.000000
uniform,8,2,0.00,weighted,3.000000,3.000000,3.000000,0.011583,0.000000,0.000000
uniform,8,2,0.15,exact,3.000000,3.000000,3.000000,0.187416,0.000000,0.000000
uniform,8,2,0.15,beam,3.000000,3.000000,3.000000,0.463209,0.000000,0.000000
uniform,8,2,0.15,greedy,3.000000,3.000000,3.000000,0.048375,0.000000,0.000000
uniform,8,2,0.15,balanced,3.000000,3.000000,3.000000,0.008750,0.000000,0.000000
uniform,8,2,0.15,weighted,3.000000,3.000000,3.000000,0.011375,0.000000,0.000000
uniform,8,2,0.30,exact,3.000000,3.000000,3.000000,0.193458,0.000000,0.000000
uniform,8,2,0.30,beam,3.000000,3.000000,3.000000,0.457709,0.000000,0.000000
uniform,8,2,0.30,greedy,3.000000,3.000000,3.000000,0.047583,0.000000,0.000000
uniform,8,2,0.30,balanced,3.000000,3.000000,3.000000,0.008500,0.000000,0.000000
uniform,8,2,0.30,weighted,3.000000,3.000000,3.000000,0.011708,0.000000,0.000000
uniform,8,3,0.00,exact,3.000000,3.000000,3.000000,0.460417,0.000000,0.000000
uniform,8,3,0.00,beam,3.000000,3.000000,3.000000,1.387458,0.000000,0.000000
uniform,8,3,0.00,greedy,3.000000,3.000000,3.000000,0.048000,0.000000,0.000000
uniform,8,3,0.00,balanced,3.000000,3.000000,3.000000,0.010833,0.000000,0.000000
uniform,8,3,0.00,weighted,3.000000,3.000000,3.000000,0.014041,0.000000,0.000000
uniform,8,3,0.15,exact,3.000000,3.000000,3.000000,0.468167,0.000000,0.000000
uniform,8,3,0.15,beam,3.000000,3.000000,3.000000,1.395500,0.000000,0.000000
uniform,8,3,0.15,greedy,3.000000,3.000000,3.000000,0.048750,0.000000,0.000000
uniform,8,3,0.15,balanced,3.000000,3.000000,3.000000,0.010542,0.000000,0.000000
uniform,8,3,0.15,weighted,3.000000,3.000000,3.000000,0.014125,0.000000,0.000000
uniform,8,3,0.30,exact,3.000000,3.000000,3.000000,0.477667,0.000000,0.000000
uniform,8,3,0.30,beam,3.000000,3.000000,3.000000,1.394417,0.000000,0.000000
uniform,8,3,0.30,greedy,3.000000,3.000000,3.000000,0.048583,0.000000,0.000000
uniform,8,3,0.30,balanced,3.000000,3.000000,3.000000,0.010333,0.000000,0.000000
uniform,8,3,0.30,weighted,3.000000,3.000000,3.000000,0.014500,0.000000,0.000000
uniform,8,4,0.00,exact,3.000000,3.000000,3.000000,0.920125,0.000000,0.000000
uniform,8,4,0.00,beam,3.000000,3.000000,3.000000,2.306250,0.000000,0.000000
uniform,8,4,0.00,greedy,3.000000,3.000000,3.000000,0.048750,0.000000,0.000000
uniform,8,4,0.00,balanced,3.000000,3.000000,3.000000,0.012625,0.000000,0.000000
uniform,8,4,0.00,weighted,3.000000,3.000000,3.000000,0.016500,0.000000,0.000000
uniform,8,4,0.15,exact,3.000000,3.000000,3.000000,0.874083,0.000000,0.000000
uniform,8,4,0.15,beam,3.000000,3.000000,3.000000,2.326833,0.000000,0.000000
uniform,8,4,0.15,greedy,3.000000,3.000000,3.000000,0.048500,0.000000,0.000000
uniform,8,4,0.15,balanced,3.000000,3.000000,3.000000,0.015875,0.000000,0.000000
uniform,8,4,0.15,weighted,3.000000,3.000000,3.000000,0.017750,0.000000,0.000000
uniform,8,4,0.30,exact,3.000000,3.000000,3.000000,0.872500,0.000000,0.000000
uniform,8,4,0.30,beam,3.000000,3.000000,3.000000,2.333291,0.000000,0.000000
uniform,8,4,0.30,greedy,3.000000,3.000000,3.000000,0.049084,0.000000,0.000000
uniform,8,4,0.30,balanced,3.000000,3.000000,3.000000,0.012542,0.000000,0.000000
uniform,8,4,0.30,weighted,3.000000,3.000000,3.000000,0.016625,0.000000,0.000000
uniform,12,2,0.00,exact,3.666667,3.666667,4.000000,0.406875,0.000000,0.000000
uniform,12,2,0.00,beam,3.666667,3.666667,4.000000,1.208584,0.000000,0.000000
uniform,12,2,0.00,greedy,3.666667,3.666667,4.000000,0.164167,0.000000,0.000000
uniform,12,2,0.00,balanced,4.000000,4.000000,4.000000,0.009583,0.333333,0.090909
uniform,12,2,0.00,weighted,4.000000,4.000000,4.000000,0.012958,0.333333,0.090909
uniform,12,2,0.15,exact,3.716667,3.666667,4.000000,0.401459,0.000000,0.000000
uniform,12,2,0.15,beam,3.716667,3.666667,4.000000,1.213875,0.000000,0.000000
uniform,12,2,0.15,greedy,3.716667,3.666667,4.000000,0.166208,0.000000,0.000000
uniform,12,2,0.15,balanced,4.000000,4.000000,4.000000,0.009500,0.283333,0.076233
uniform,12,2,0.15,weighted,4.000000,4.000000,4.000000,0.013459,0.283333,0.076233
uniform,12,2,0.30,exact,3.766667,3.666667,4.000000,0.422250,0.000000,0.000000
uniform,12,2,0.30,beam,3.766667,3.666667,4.000000,1.198083,0.000000,0.000000
uniform,12,2,0.30,greedy,3.766667,3.666667,4.000000,0.168042,0.000000,0.000000
uniform,12,2,0.30,balanced,4.000000,4.000000,4.000000,0.009750,0.233333,0.061947
uniform,12,2,0.30,weighted,4.000000,4.000000,4.000000,0.013041,0.233333,0.061947
uniform,12,3,0.00,exact,3.666667,3.666667,4.000000,1.212875,0.000000,0.000000
uniform,12,3,0.00,beam,3.666667,3.666667,4.000000,3.203458,0.000000,0.000000
uniform,12,3,0.00,greedy,3.666667,3.666667,4.000000,0.167459,0.000000,0.000000
uniform,12,3,0.00,balanced,4.000000,4.000000,4.000000,0.011667,0.333333,0.090909
uniform,12,3,0.00,weighted,4.000000,4.000000,4.000000,0.016166,0.333333,0.090909
uniform,12,3,0.15,exact,3.716667,3.666667,4.000000,1.234584,0.000000,0.000000
uniform,12,3,0.15,beam,3.716667,3.666667,4.000000,3.217584,0.000000,0.000000
uniform,12,3,0.15,greedy,3.716667,3.666667,4.000000,0.165375,0.000000,0.000000
uniform,12,3,0.15,balanced,4.000000,4.000000,4.000000,0.011208,0.283333,0.076233
uniform,12,3,0.15,weighted,4.000000,4.000000,4.000000,0.015792,0.283333,0.076233
uniform,12,3,0.30,exact,3.766667,3.666667,4.000000,1.211250,0.000000,0.000000
uniform,12,3,0.30,beam,3.766667,3.666667,4.000000,3.294583,0.000000,0.000000
uniform,12,3,0.30,greedy,3.766667,3.666667,4.000000,0.167084,0.000000,0.000000
uniform,12,3,0.30,balanced,4.000000,4.000000,4.000000,0.011458,0.233333,0.061947
uniform,12,3,0.30,weighted,4.000000,4.000000,4.000000,0.015791,0.233333,0.061947
uniform,12,4,0.00,exact,3.666667,3.666667,4.000000,2.463000,0.000000,0.000000
uniform,12,4,0.00,beam,3.666667,3.666667,4.000000,5.163000,0.000000,0.000000
uniform,12,4,0.00,greedy,3.666667,3.666667,4.000000,0.166125,0.000000,0.000000
uniform,12,4,0.00,balanced,3.916667,3.916667,4.000000,0.013375,0.250000,0.068182
uniform,12,4,0.00,weighted,3.916667,3.916667,4.000000,0.018458,0.250000,0.068182
uniform,12,4,0.15,exact,3.716667,3.666667,4.000000,2.466958,0.000000,0.000000
uniform,12,4,0.15,beam,3.716667,3.666667,4.000000,5.122083,0.000000,0.000000
uniform,12,4,0.15,greedy,3.716667,3.666667,4.000000,0.165792,0.000000,0.000000
uniform,12,4,0.15,balanced,3.929167,3.916667,4.000000,0.013792,0.212500,0.057175
uniform,12,4,0.15,weighted,3.929167,3.916667,4.000000,0.018583,0.212500,0.057175
uniform,12,4,0.30,exact,3.766667,3.666667,4.000000,2.465459,0.000000,0.000000
uniform,12,4,0.30,beam,3.766667,3.666667,4.000000,5.265500,0.000000,0.000000
uniform,12,4,0.30,greedy,3.766667,3.666667,4.000000,0.166125,0.000000,0.000000
uniform,12,4,0.30,balanced,3.941667,3.916667,4.000000,0.013375,0.175000,0.046460
uniform,12,4,0.30,weighted,3.941667,3.916667,4.000000,0.018417,0.175000,0.046460
uniform,16,2,0.00,exact,4.000000,4.000000,4.000000,0.700708,0.000000,0.000000
uniform,16,2,0.00,beam,4.000000,4.000000,4.000000,2.603292,0.000000,0.000000
uniform,16,2,0.00,greedy,4.000000,4.000000,4.000000,0.114000,0.000000,0.000000
uniform,16,2,0.00,balanced,4.000000,4.000000,4.000000,0.010541,0.000000,0.000000
uniform,16,2,0.00,weighted,4.000000,4.000000,4.000000,0.014917,0.000000,0.000000
uniform,16,2,0.15,exact,4.000000,4.000000,4.000000,0.701167,0.000000,0.000000
uniform,16,2,0.15,beam,4.000000,4.000000,4.000000,2.617000,0.000000,0.000000
uniform,16,2,0.15,greedy,4.000000,4.000000,4.000000,0.115583,0.000000,0.000000
uniform,16,2,0.15,balanced,4.000000,4.000000,4.000000,0.010542,0.000000,0.000000
uniform,16,2,0.15,weighted,4.000000,4.000000,4.000000,0.014958,0.000000,0.000000
uniform,16,2,0.30,exact,4.000000,4.000000,4.000000,0.703083,0.000000,0.000000
uniform,16,2,0.30,beam,4.000000,4.000000,4.000000,2.610333,0.000000,0.000000
uniform,16,2,0.30,greedy,4.000000,4.000000,4.000000,0.114875,0.000000,0.000000
uniform,16,2,0.30,balanced,4.000000,4.000000,4.000000,0.010375,0.000000,0.000000
uniform,16,2,0.30,weighted,4.000000,4.000000,4.000000,0.014667,0.000000,0.000000
uniform,16,3,0.00,exact,4.000000,4.000000,4.000000,2.486792,0.000000,0.000000
uniform,16,3,0.00,beam,4.000000,4.000000,4.000000,5.672917,0.000000,0.000000
uniform,16,3,0.00,greedy,4.000000,4.000000,4.000000,0.115292,0.000000,0.000000
uniform,16,3,0.00,balanced,4.000000,4.000000,4.000000,0.012250,0.000000,0.000000
uniform,16,3,0.00,weighted,4.000000,4.000000,4.000000,0.017875,0.000000,0.000000
uniform,16,3,0.15,exact,4.000000,4.000000,4.000000,2.478167,0.000000,0.000000
uniform,16,3,0.15,beam,4.000000,4.000000,4.000000,5.595000,0.000000,0.000000
uniform,16,3,0.15,greedy,4.000000,4.000000,4.000000,0.114625,0.000000,0.000000
uniform,16,3,0.15,balanced,4.000000,4.000000,4.000000,0.012708,0.000000,0.000000
uniform,16,3,0.15,weighted,4.000000,4.000000,4.000000,0.017875,0.000000,0.000000
uniform,16,3,0.30,exact,4.000000,4.000000,4.000000,2.467166,0.000000,0.000000
uniform,16,3,0.30,beam,4.000000,4.000000,4.000000,5.622500,0.000000,0.000000
uniform,16,3,0.30,greedy,4.000000,4.000000,4.000000,0.114166,0.000000,0.000000
uniform,16,3,0.30,balanced,4.000000,4.000000,4.000000,0.012084,0.000000,0.000000
uniform,16,3,0.30,weighted,4.000000,4.000000,4.000000,0.017500,0.000000,0.000000
uniform,16,4,0.00,exact,4.000000,4.000000,4.000000,5.336375,0.000000,0.000000
uniform,16,4,0.00,beam,4.000000,4.000000,4.000000,8.873416,0.000000,0.000000
uniform,16,4,0.00,greedy,4.000000,4.000000,4.000000,0.115791,0.000000,0.000000
uniform,16,4,0.00,balanced,4.000000,4.000000,4.000000,0.014500,0.000000,0.000000
uniform,16,4,0.00,weighted,4.000000,4.000000,4.000000,0.020208,0.000000,0.000000
uniform,16,4,0.15,exact,4.000000,4.000000,4.000000,5.217500,0.000000,0.000000
uniform,16,4,0.15,beam,4.000000,4.000000,4.000000,8.713042,0.000000,0.000000
uniform,16,4,0.15,greedy,4.000000,4.000000,4.000000,0.114708,0.000000,0.000000
uniform,16,4,0.15,balanced,4.000000,4.000000,4.000000,0.013917,0.000000,0.000000
uniform,16,4,0.15,weighted,4.000000,4.000000,4.000000,0.020333,0.000000,0.000000
uniform,16,4,0.30,exact,4.000000,4.000000,4.000000,5.355000,0.000000,0.000000
uniform,16,4,0.30,beam,4.000000,4.000000,4.000000,8.849334,0.000000,0.000000
uniform,16,4,0.30,greedy,4.000000,4.000000,4.000000,0.114583,0.000000,0.000000
uniform,16,4,0.30,balanced,4.000000,4.000000,4.000000,0.013834,0.000000,0.000000
uniform,16,4,0.30,weighted,4.000000,4.000000,4.000000,0.020125,0.000000,0.000000
uniform,20,2,0.00,exact,4.400000,4.400000,5.000000,1.069000,0.000000,0.000000
uniform,20,2,0.00,beam,4.400000,4.400000,5.000000,3.682417,0.000000,0.000000
uniform,20,2,0.00,greedy,4.600000,4.600000,5.000000,0.332625,0.200000,0.045455
uniform,20,2,0.00,balanced,5.000000,5.000000,5.000000,0.011083,0.600000,0.136364
uniform,20,2,0.00,weighted,5.000000,5.000000,5.000000,0.016334,0.600000,0.136364
uniform,20,2,0.15,exact,4.490000,4.400000,5.000000,1.075708,0.000000,0.000000
uniform,20,2,0.15,beam,4.490000,4.400000,5.000000,3.768667,0.000000,0.000000
uniform,20,2,0.15,greedy,4.660000,4.600000,5.000000,0.328917,0.170000,0.037862
uniform,20,2,0.15,balanced,5.000000,5.000000,5.000000,0.011167,0.510000,0.113586
uniform,20,2,0.15,weighted,5.000000,5.000000,5.000000,0.016542,0.510000,0.113586
uniform,20,2,0.30,exact,4.580000,4.400000,5.000000,1.067125,0.000000,0.000000
uniform,20,2,0.30,beam,4.580000,4.400000,5.000000,3.755583,0.000000,0.000000
uniform,20,2,0.30,greedy,4.720000,4.600000,5.000000,0.331542,0.140000,0.030568
uniform,20,2,0.30,balanced,5.000000,5.000000,5.000000,0.011458,0.420000,0.091703
uniform,20,2,0.30,weighted,5.000000,5.000000,5.000000,0.016459,0.420000,0.091703
uniform,20,3,0.00,exact,4.400000,4.400000,5.000000,4.360000,0.000000,0.000000
uniform,20,3,0.00,beam,4.400000,4.400000,5.000000,7.844834,0.000000,0.000000
uniform,20,3,0.00,greedy,4.600000,4.600000,5.000000,0.334417,0.200000,0.045455
uniform,20,3,0.00,balanced,5.000000,5.000000,5.000000,0.013334,0.600000,0.136364
uniform,20,3,0.00,weighted,5.000000,5.000000,5.000000,0.020083,0.600000,0.136364
uniform,20,3,0.15,exact,4.490000,4.400000,5.000000,4.581125,0.000000,0.000000
uniform,20,3,0.15,beam,4.490000,4.400000,5.000000,7.788917,0.000000,0.000000
uniform,20,3,0.15,greedy,4.660000,4.600000,5.000000,0.331833,0.170000,0.037862
uniform,20,3,0.15,balanced,5.000000,5.000000,5.000000,0.012958,0.510000,0.113586
uniform,20,3,0.15,weighted,5.000000,5.000000,5.000000,0.019709,0.510000,0.113586
uniform,20,3,0.30,exact,4.580000,4.400000,5.000000,4.400250,0.000000,0.000000
uniform,20,3,0.30,beam,4.580000,4.400000,5.000000,7.921291,0.000000,0.000000
uniform,20,3,0.30,greedy,4.720000,4.600000,5.000000,0.333708,0.140000,0.030568
uniform,20,3,0.30,balanced,5.000000,5.000000,5.000000,0.013000,0.420000,0.091703
uniform,20,3,0.30,weighted,5.000000,5.000000,5.000000,0.019875,0.420000,0.091703
uniform,20,4,0.00,exact,4.400000,4.400000,5.000000,10.104625,0.000000,0.000000
uniform,20,4,0.00,beam,4.400000,4.400000,5.000000,12.198542,0.000000,0.000000
uniform,20,4,0.00,greedy,4.600000,4.600000,5.000000,0.335208,0.200000,0.045455
uniform,20,4,0.00,balanced,4.900000,4.900000,5.000000,0.015500,0.500000,0.113636
uniform,20,4,0.00,weighted,4.900000,4.900000,5.000000,0.023042,0.500000,0.113636
uniform,20,4,0.15,exact,4.490000,4.400000,5.000000,9.913375,0.000000,0.000000
uniform,20,4,0.15,beam,4.490000,4.400000,5.000000,11.998083,0.000000,0.000000
uniform,20,4,0.15,greedy,4.660000,4.600000,5.000000,0.332458,0.170000,0.037862
uniform,20,4,0.15,balanced,4.915000,4.900000,5.000000,0.015042,0.425000,0.094655
uniform,20,4,0.15,weighted,4.915000,4.900000,5.000000,0.022208,0.425000,0.094655
uniform,20,4,0.30,exact,4.580000,4.400000,5.000000,10.027417,0.000000,0.000000
uniform,20,4,0.30,beam,4.580000,4.400000,5.000000,12.063041,0.000000,0.000000
uniform,20,4,0.30,greedy,4.720000,4.600000,5.000000,0.331625,0.140000,0.030568
uniform,20,4,0.30,balanced,4.930000,4.900000,5.000000,0.015542,0.350000,0.076419
uniform,20,4,0.30,weighted,4.930000,4.900000,5.000000,0.022208,0.350000,0.076419
zipf,8,2,0.00,exact,2.681559,2.681559,4.000000,0.192917,0.000000,0.000000
zipf,8,2,0.00,beam,2.681559,2.681559,4.000000,0.467792,0.000000,0.000000
zipf,8,2,0.00,greedy,2.896189,2.896189,4.000000,0.096791,0.214630,0.080039
zipf,8,2,0.00,balanced,3.000000,3.000000,3.000000,0.008542,0.318441,0.118752
zipf,8,2,0.00,weighted,2.896189,2.896189,4.000000,0.011125,0.214630,0.080039
zipf,8,2,0.15,exact,2.879325,2.681559,4.000000,0.191542,0.000000,0.000000
zipf,8,2,0.15,beam,2.879325,2.681559,4.000000,0.464083,0.000000,0.000000
zipf,8,2,0.15,greedy,3.000000,3.000000,3.000000,0.048667,0.120675,0.041911
zipf,8,2,0.15,balanced,3.000000,3.000000,3.000000,0.008750,0.120675,0.041911
zipf,8,2,0.15,weighted,3.061761,2.896189,4.000000,0.011250,0.182435,0.063360
zipf,8,2,0.30,exact,3.000000,3.000000,3.000000,0.187333,0.000000,0.000000
zipf,8,2,0.30,beam,3.000000,3.000000,3.000000,0.459458,0.000000,0.000000
zipf,8,2,0.30,greedy,3.000000,3.000000,3.000000,0.048167,0.000000,0.000000
zipf,8,2,0.30,balanced,3.000000,3.000000,3.000000,0.008583,0.000000,0.000000
zipf,8,2,0.30,weighted,3.227332,2.896189,4.000000,0.011125,0.227332,0.075777
zipf,8,3,0.00,exact,2.681559,2.681559,4.000000,0.478083,0.000000,0.000000
zipf,8,3,0.00,beam,2.681559,2.681559,4.000000,1.417875,0.000000,0.000000
zipf,8,3,0.00,greedy,2.896189,2.896189,4.000000,0.100500,0.214630,0.080039
zipf,8,3,0.00,balanced,3.000000,3.000000,3.000000,0.010875,0.318441,0.118752
zipf,8,3,0.00,weighted,2.681559,2.681559,4.000000,0.014625,0.000000,0.000000
zipf,8,3,0.15,exact,2.879325,2.681559,4.000000,0.467542,0.000000,0.000000
zipf,8,3,0.15,beam,2.879325,2.681559,4.000000,1.421167,0.000000,0.000000
zipf,8,3,0.15,greedy,3.000000,3.000000,3.000000,0.048500,0.120675,0.041911
zipf,8,3,0.15,balanced,3.000000,3.000000,3.000000,0.010667,0.120675,0.041911
zipf,8,3,0.15,weighted,2.879325,2.681559,4.000000,0.014000,0.000000,0.000000
zipf,8,3,0.30,exact,3.000000,3.000000,3.000000,0.483459,0.000000,0.000000
zipf,8,3,0.30,beam,3.000000,3.000000,3.000000,1.410125,0.000000,0.000000
zipf,8,3,0.30,greedy,3.000000,3.000000,3.000000,0.048416,0.000000,0.000000
zipf,8,3,0.30,balanced,3.000000,3.000000,3.000000,0.010500,0.000000,0.000000
zipf,8,3,0.30,weighted,3.077092,2.681559,4.000000,0.014167,0.077092,0.025697
zipf,8,4,0.00,exact,2.681559,2.681559,4.000000,0.908292,0.000000,0.000000
zipf,8,4,0.00,beam,2.681559,2.681559,4.000000,2.306167,0.000000,0.000000
zipf,8,4,0.00,greedy,2.896189,2.896189,4.000000,0.098916,0.214630,0.080039
zipf,8,4,0.00,balanced,3.000000,3.000000,3.000000,0.012833,0.318441,0.118752
zipf,8,4,0.00,weighted,2.681559,2.681559,4.000000,0.014416,0.000000,0.000000
zipf,8,4,0.15,exact,2.879325,2.681559,4.000000,0.916292,0.000000,0.000000
zipf,8,4,0.15,beam,2.879325,2.681559,4.000000,2.369833,0.000000,0.000000
zipf,8,4,0.15,greedy,3.000000,3.000000,3.000000,0.049500,0.120675,0.041911
zipf,8,4,0.15,balanced,3.000000,3.000000,3.000000,0.012667,0.120675,0.041911
zipf,8,4,0.15,weighted,2.879325,2.681559,4.000000,0.014292,0.000000,0.000000
zipf,8,4,0.30,exact,3.000000,3.000000,3.000000,0.909250,0.000000,0.000000
zipf,8,4,0.30,beam,3.000000,3.000000,3.000000,2.313292,0.000000,0.000000
zipf,8,4,0.30,greedy,3.000000,3.000000,3.000000,0.047958,0.000000,0.000000
zipf,8,4,0.30,balanced,3.000000,3.000000,3.000000,0.012042,0.000000,0.000000
zipf,8,4,0.30,weighted,3.077092,2.681559,4.000000,0.014458,0.077092,0.025697
zipf,12,2,0.00,exact,3.173934,3.173934,5.000000,0.431333,0.000000,0.000000
zipf,12,2,0.00,beam,3.173934,3.173934,5.000000,1.204791,0.000000,0.000000
zipf,12,2,0.00,greedy,3.328652,3.328652,4.000000,0.165709,0.154718,0.048746
zipf,12,2,0.00,balanced,4.000000,4.000000,4.000000,0.009583,0.826066,0.260266
zipf,12,2,0.00,weighted,3.297462,3.297462,5.000000,0.014250,0.123528,0.038920
zipf,12,2,0.15,exact,3.429354,3.328652,4.000000,0.422959,0.000000,0.000000
zipf,12,2,0.15,beam,3.429354,3.328652,4.000000,1.196125,0.000000,0.000000
zipf,12,2,0.15,greedy,3.429354,3.328652,4.000000,0.164958,0.000000,0.000000
zipf,12,2,0.15,balanced,4.000000,4.000000,4.000000,0.009750,0.570646,0.166400
zipf,12,2,0.15,weighted,3.552843,3.297462,5.000000,0.013583,0.123488,0.036009
zipf,12,2,0.30,exact,3.530057,3.328652,4.000000,0.399667,0.000000,0.000000
zipf,12,2,0.30,beam,3.530057,3.328652,4.000000,1.188541,0.000000,0.000000
zipf,12,2,0.30,greedy,3.530057,3.328652,4.000000,0.167292,0.000000,0.000000
zipf,12,2,0.30,balanced,4.000000,4.000000,4.000000,0.009625,0.469943,0.133126
zipf,12,2,0.30,weighted,3.808224,3.297462,5.000000,0.013208,0.278167,0.078800
zipf,12,3,0.00,exact,3.157438,3.157438,5.000000,1.253542,0.000000,0.000000
zipf,12,3,0.00,beam,3.157438,3.157438,5.000000,3.235708,0.000000,0.000000
zipf,12,3,0.00,greedy,3.328652,3.328652,4.000000,0.165459,0.171214,0.054226
zipf,12,3,0.00,balanced,4.000000,4.000000,4.000000,0.011750,0.842562,0.266850
zipf,12,3,0.00,weighted,3.297462,3.297462,5.000000,0.015833,0.140024,0.044347
zipf,12,3,0.15,exact,3.315225,3.194383,4.000000,1.257042,0.000000,0.000000
zipf,12,3,0.15,beam,3.315225,3.194383,4.000000,3.256833,0.000000,0.000000
zipf,12,3,0.15,greedy,3.429354,3.328652,4.000000,0.164375,0.114129,0.034426
zipf,12,3,0.15,balanced,4.000000,4.000000,4.000000,0.011500,0.684775,0.206554
zipf,12,3,0.15,weighted,3.552843,3.297462,5.000000,0.015958,0.237618,0.071675
zipf,12,3,0.30,exact,3.436068,3.194383,4.000000,1.220750,0.000000,0.000000
zipf,12,3,0.30,beam,3.436068,3.194383,4.000000,3.254292,0.000000,0.000000
zipf,12,3,0.30,greedy,3.530057,3.328652,4.000000,0.167875,0.093989,0.027354
zipf,12,3,0.30,balanced,4.000000,4.000000,4.000000,0.011875,0.563932,0.164121
zipf,12,3,0.30,weighted,3.808224,3.297462,5.000000,0.016250,0.372156,0.108309
zipf,12,4,0.00,exact,3.157438,3.157438,5.000000,2.833292,0.000000,0.000000
zipf,12,4,0.00,beam,3.157438,3.157438,5.000000,5.150083,0.000000,0.000000
zipf,12,4,0.00,greedy,3.328652,3.328652,4.000000,0.168083,0.171214,0.054226
zipf,12,4,0.00,balanced,3.973146,3.973146,4.000000,0.013709,0.815708,0.258345
zipf,12,4,0.00,weighted,3.297462,3.297462,5.000000,0.019166,0.140024,0.044347
zipf,12,4,0.15,exact,3.315225,3.194383,4.000000,2.535791,0.000000,0.000000
zipf,12,4,0.15,beam,3.315225,3.194383,4.000000,5.187375,0.000000,0.000000
zipf,12,4,0.15,greedy,3.429354,3.328652,4.000000,0.169084,0.114129,0.034426
zipf,12,4,0.15,balanced,3.977174,3.973146,4.000000,0.013666,0.661949,0.199669
zipf,12,4,0.15,weighted,3.552843,3.297462,5.000000,0.019417,0.237618,0.071675
zipf,12,4,0.30,exact,3.436068,3.194383,4.000000,2.500667,0.000000,0.000000
zipf,12,4,0.30,beam,3.436068,3.194383,4.000000,5.191500,0.000000,0.000000
zipf,12,4,0.30,greedy,3.530057,3.328652,4.000000,0.164083,0.093989,0.027354
zipf,12,4,0.30,balanced,3.981202,3.973146,4.000000,0.013292,0.545134,0.158651
zipf,12,4,0.30,weighted,3.808224,3.297462,5.000000,0.018917,0.372156,0.108309
zipf,16,2,0.00,exact,3.579836,3.579836,5.000000,0.724542,0.000000,0.000000
zipf,16,2,0.00,beam,3.579836,3.579836,5.000000,2.603000,0.000000,0.000000
zipf,16,2,0.00,greedy,3.663226,3.663226,6.000000,0.243375,0.083390,0.023294
zipf,16,2,0.00,balanced,4.000000,4.000000,4.000000,0.010458,0.420164,0.117370
zipf,16,2,0.00,weighted,3.619627,3.619627,5.000000,0.014500,0.039791,0.011115
zipf,16,2,0.15,exact,3.792860,3.579836,5.000000,0.701291,0.000000,0.000000
zipf,16,2,0.15,beam,3.792860,3.579836,5.000000,2.621667,0.000000,0.000000
zipf,16,2,0.15,greedy,3.868587,3.668926,5.000000,0.240584,0.075727,0.019966
zipf,16,2,0.15,balanced,4.000000,4.000000,4.000000,0.010375,0.207140,0.054613
zipf,16,2,0.15,weighted,3.826683,3.619627,5.000000,0.014584,0.033823,0.008917
zipf,16,2,0.30,exact,4.000000,4.000000,4.000000,0.700583,0.000000,0.000000
zipf,16,2,0.30,beam,4.000000,4.000000,4.000000,2.573709,0.000000,0.000000
zipf,16,2,0.30,greedy,4.000000,4.000000,4.000000,0.115125,0.000000,0.000000
zipf,16,2,0.30,balanced,4.000000,4.000000,4.000000,0.010500,0.000000,0.000000
zipf,16,2,0.30,weighted,4.033739,3.619627,5.000000,0.014250,0.033739,0.008435
zipf,16,3,0.00,exact,3.496380,3.496380,5.000000,2.520250,0.000000,0.000000
zipf,16,3,0.00,beam,3.496380,3.496380,5.000000,5.607792,0.000000,0.000000
zipf,16,3,0.00,greedy,3.504765,3.504765,6.000000,0.389167,0.008385,0.002398
zipf,16,3,0.00,balanced,4.000000,4.000000,4.000000,0.012667,0.503620,0.144041
zipf,16,3,0.00,weighted,3.628012,3.628012,6.000000,0.017750,0.131633,0.037648
zipf,16,3,0.15,exact,3.721923,3.496380,5.000000,2.532333,0.000000,0.000000
zipf,16,3,0.15,beam,3.721923,3.496380,5.000000,5.556583,0.000000,0.000000
zipf,16,3,0.15,greedy,3.868587,3.668926,5.000000,0.242208,0.146665,0.039406
zipf,16,3,0.15,balanced,4.000000,4.000000,4.000000,0.012667,0.278077,0.074713
zipf,16,3,0.15,weighted,3.983810,3.628012,6.000000,0.017917,0.261888,0.070364
zipf,16,3,0.30,exact,3.947466,3.496380,5.000000,2.568416,0.000000,0.000000
zipf,16,3,0.30,beam,3.947466,3.496380,5.000000,5.635209,0.000000,0.000000
zipf,16,3,0.30,greedy,4.000000,4.000000,4.000000,0.116583,0.052534,0.013308
zipf,16,3,0.30,balanced,4.000000,4.000000,4.000000,0.012250,0.052534,0.013308
zipf,16,3,0.30,weighted,4.339609,3.628012,6.000000,0.018000,0.392143,0.099340
zipf,16,4,0.00,exact,3.456588,3.456588,5.000000,5.568750,0.000000,0.000000
zipf,16,4,0.00,beam,3.456588,3.456588,5.000000,8.811917,0.000000,0.000000
zipf,16,4,0.00,greedy,3.504765,3.504765,6.000000,0.549500,0.048177,0.013938
zipf,16,4,0.00,balanced,4.000000,4.000000,4.000000,0.014583,0.543412,0.157210
zipf,16,4,0.00,weighted,3.628012,3.628012,6.000000,0.018167,0.171424,0.049593
zipf,16,4,0.15,exact,3.688100,3.456588,5.000000,5.604750,0.000000,0.000000
zipf,16,4,0.15,beam,3.688100,3.456588,5.000000,8.794959,0.000000,0.000000
zipf,16,4,0.15,greedy,3.868587,3.668926,5.000000,0.242250,0.180487,0.048938
zipf,16,4,0.15,balanced,4.000000,4.000000,4.000000,0.014084,0.311900,0.084569
zipf,16,4,0.15,weighted,3.983810,3.628012,6.000000,0.017334,0.295711,0.080180
zipf,16,4,0.30,exact,3.919612,3.456588,5.000000,5.454125,0.000000,0.000000
zipf,16,4,0.30,beam,3.919612,3.456588,5.000000,8.773917,0.000000,0.000000
zipf,16,4,0.30,greedy,4.000000,4.000000,4.000000,0.115250,0.080388,0.020509
zipf,16,4,0.30,balanced,4.000000,4.000000,4.000000,0.013917,0.080388,0.020509
zipf,16,4,0.30,weighted,4.339609,3.628012,6.000000,0.018000,0.419997,0.107153
zipf,20,2,0.00,exact,3.804177,3.804177,6.000000,1.095209,0.000000,0.000000
zipf,20,2,0.00,beam,3.804177,3.804177,6.000000,3.683708,0.000000,0.000000
zipf,20,2,0.00,greedy,3.841865,3.841865,5.000000,0.335250,0.037689,0.009907
zipf,20,2,0.00,balanced,5.000000,5.000000,5.000000,0.011584,1.195823,0.314345
zipf,20,2,0.00,weighted,4.193310,4.193310,6.000000,0.016083,0.389133,0.102291
zipf,20,2,0.15,exact,3.988022,3.809438,5.000000,1.089958,0.000000,0.000000
zipf,20,2,0.15,beam,3.988022,3.809438,5.000000,3.749000,0.000000,0.000000
zipf,20,2,0.15,greedy,4.015586,3.841865,5.000000,0.335167,0.027564,0.006912
zipf,20,2,0.15,balanced,5.000000,5.000000,5.000000,0.011250,1.011978,0.253754
zipf,20,2,0.15,weighted,4.464314,4.193310,6.000000,0.016125,0.476292,0.119431
zipf,20,2,0.30,exact,4.166606,3.809438,5.000000,1.103459,0.000000,0.000000
zipf,20,2,0.30,beam,4.166606,3.809438,5.000000,3.736792,0.000000,0.000000
zipf,20,2,0.30,greedy,4.189306,3.841865,5.000000,0.330458,0.022699,0.005448
zipf,20,2,0.30,balanced,5.000000,5.000000,5.000000,0.011375,0.833394,0.200017
zipf,20,2,0.30,weighted,4.735317,4.193310,6.000000,0.015583,0.568711,0.136493
zipf,20,3,0.00,exact,3.726052,3.726052,5.000000,4.376042,0.000000,0.000000
zipf,20,3,0.00,beam,3.726052,3.726052,5.000000,7.846375,0.000000,0.000000
zipf,20,3,0.00,greedy,3.841865,3.841865,5.000000,0.339042,0.115813,0.031082
zipf,20,3,0.00,balanced,5.000000,5.000000,5.000000,0.013375,1.273948,0.341903
zipf,20,3,0.00,weighted,3.947455,3.947455,6.000000,0.020208,0.221403,0.059420
zipf,20,3,0.15,exact,3.917144,3.726052,5.000000,4.386083,0.000000,0.000000
zipf,20,3,0.15,beam,3.917144,3.726052,5.000000,7.906417,0.000000,0.000000
zipf,20,3,0.15,greedy,4.015586,3.841865,5.000000,0.334584,0.098441,0.025131
zipf,20,3,0.15,balanced,5.000000,5.000000,5.000000,0.013000,1.082856,0.276440
zipf,20,3,0.15,weighted,4.255336,3.947455,6.000000,0.019375,0.338192,0.086336
zipf,20,3,0.30,exact,4.108236,3.726052,5.000000,4.474125,0.000000,0.000000
zipf,20,3,0.30,beam,4.108236,3.726052,5.000000,7.908541,0.000000,0.000000
zipf,20,3,0.30,greedy,4.189306,3.841865,5.000000,0.347459,0.081069,0.019733
zipf,20,3,0.30,balanced,5.000000,5.000000,5.000000,0.013667,0.891764,0.217067
zipf,20,3,0.30,weighted,4.563218,3.947455,6.000000,0.020250,0.454982,0.110749
zipf,20,4,0.00,exact,3.724531,3.724531,6.000000,10.355375,0.000000,0.000000
zipf,20,4,0.00,beam,3.724531,3.724531,6.000000,12.245042,0.000000,0.000000
zipf,20,4,0.00,greedy,3.841865,3.841865,5.000000,0.340959,0.117334,0.031503
zipf,20,4,0.00,balanced,4.971473,4.971473,5.000000,0.014917,1.246942,0.334792
zipf,20,4,0.00,weighted,3.947455,3.947455,6.000000,0.019667,0.222923,0.059853
zipf,20,4,0.15,exact,3.917144,3.726052,5.000000,10.144375,0.000000,0.000000
zipf,20,4,0.15,beam,3.917144,3.726052,5.000000,12.185000,0.000000,0.000000
zipf,20,4,0.15,greedy,4.015586,3.841865,5.000000,0.329000,0.098441,0.025131
zipf,20,4,0.15,balanced,4.975752,4.971473,5.000000,0.015417,1.058608,0.270250
zipf,20,4,0.15,weighted,4.255336,3.947455,6.000000,0.019958,0.338192,0.086336
zipf,20,4,0.30,exact,4.108236,3.726052,5.000000,10.355000,0.000000,0.000000
zipf,20,4,0.30,beam,4.108236,3.726052,5.000000,12.106791,0.000000,0.000000
zipf,20,4,0.30,greedy,4.189306,3.841865,5.000000,0.354667,0.081069,0.019733
zipf,20,4,0.30,balanced,4.980031,4.971473,5.000000,0.015083,0.871795,0.212207
zipf,20,4,0.30,weighted,4.563218,3.947455,6.000000,0.019250,0.454982,0.110749
hot_middle,8,2,0.00,exact,2.730769,2.730769,4.000000,0.258917,0.000000,0.000000
hot_middle,8,2,0.00,beam,2.730769,2.730769,4.000000,0.492042,0.000000,0.000000
hot_middle,8,2,0.00,greedy,3.000000,3.000000,3.000000,0.048542,0.269231,0.098592
hot_middle,8,2,0.00,balanced,3.000000,3.000000,3.000000,0.008916,0.269231,0.098592
hot_middle,8,2,0.00,weighted,2.730769,2.730769,4.000000,0.011583,0.000000,0.000000
hot_middle,8,2,0.15,exact,2.921154,2.730769,4.000000,0.206292,0.000000,0.000000
hot_middle,8,2,0.15,beam,2.921154,2.730769,4.000000,0.499416,0.000000,0.000000
hot_middle,8,2,0.15,greedy,3.000000,3.000000,3.000000,0.048125,0.078846,0.026991
hot_middle,8,2,0.15,balanced,3.000000,3.000000,3.000000,0.008625,0.078846,0.026991
hot_middle,8,2,0.15,weighted,2.921154,2.730769,4.000000,0.011666,0.000000,0.000000
hot_middle,8,2,0.30,exact,3.000000,3.000000,3.000000,0.205417,0.000000,0.000000
hot_middle,8,2,0.30,beam,3.000000,3.000000,3.000000,0.495958,0.000000,0.000000
hot_middle,8,2,0.30,greedy,3.000000,3.000000,3.000000,0.048292,0.000000,0.000000
hot_middle,8,2,0.30,balanced,3.000000,3.000000,3.000000,0.008875,0.000000,0.000000
hot_middle,8,2,0.30,weighted,3.111538,2.730769,4.000000,0.011583,0.111538,0.037179
hot_middle,8,3,0.00,exact,2.461538,2.461538,4.000000,0.532292,0.000000,0.000000
hot_middle,8,3,0.00,beam,2.461538,2.461538,4.000000,1.416667,0.000000,0.000000
hot_middle,8,3,0.00,greedy,3.000000,3.000000,3.000000,0.048750,0.538462,0.218750
hot_middle,8,3,0.00,balanced,3.000000,3.000000,3.000000,0.010708,0.538462,0.218750
hot_middle,8,3,0.00,weighted,2.461538,2.461538,4.000000,0.014333,0.000000,0.000000
hot_middle,8,3,0.15,exact,2.692308,2.461538,4.000000,0.522834,0.000000,0.000000
hot_middle,8,3,0.15,beam,2.692308,2.461538,4.000000,1.402458,0.000000,0.000000
hot_middle,8,3,0.15,greedy,3.000000,3.000000,3.000000,0.048708,0.307692,0.114286
hot_middle,8,3,0.15,balanced,3.000000,3.000000,3.000000,0.011209,0.307692,0.114286
hot_middle,8,3,0.15,weighted,2.692308,2.461538,4.000000,0.014542,0.000000,0.000000
hot_middle,8,3,0.30,exact,2.923077,2.461538,4.000000,0.506083,0.000000,0.000000
hot_middle,8,3,0.30,beam,2.923077,2.461538,4.000000,1.403667,0.000000,0.000000
hot_middle,8,3,0.30,greedy,3.000000,3.000000,3.000000,0.048709,0.076923,0.026316
hot_middle,8,3,0.30,balanced,3.000000,3.000000,3.000000,0.010167,0.076923,0.026316
hot_middle,8,3,0.30,weighted,2.923077,2.461538,4.000000,0.013792,0.000000,0.000000
hot_middle,8,4,0.00,exact,2.423077,2.423077,4.000000,0.935417,0.000000,0.000000
hot_middle,8,4,0.00,beam,2.423077,2.423077,4.000000,2.307584,0.000000,0.000000
hot_middle,8,4,0.00,greedy,3.000000,3.000000,3.000000,0.048333,0.576923,0.238095
hot_middle,8,4,0.00,balanced,3.000000,3.000000,3.000000,0.012750,0.576923,0.238095
hot_middle,8,4,0.00,weighted,2.461538,2.461538,4.000000,0.014750,0.038462,0.015873
hot_middle,8,4,0.15,exact,2.659615,2.423077,4.000000,0.935625,0.000000,0.000000
hot_middle,8,4,0.15,beam,2.659615,2.423077,4.000000,2.297833,0.000000,0.000000
hot_middle,8,4,0.15,greedy,3.000000,3.000000,3.000000,0.048333,0.340385,0.127983
hot_middle,8,4,0.15,balanced,3.000000,3.000000,3.000000,0.012917,0.340385,0.127983
hot_middle,8,4,0.15,weighted,2.692308,2.461538,4.000000,0.014250,0.032692,0.012292
hot_middle,8,4,0.30,exact,2.896154,2.423077,4.000000,0.941375,0.000000,0.000000
hot_middle,8,4,0.30,beam,2.896154,2.423077,4.000000,2.425625,0.000000,0.000000
hot_middle,8,4,0.30,greedy,3.000000,3.000000,3.000000,0.048958,0.103846,0.035857
hot_middle,8,4,0.30,balanced,3.000000,3.000000,3.000000,0.012792,0.103846,0.035857
hot_middle,8,4,0.30,weighted,2.923077,2.461538,4.000000,0.014292,0.026923,0.009296
hot_middle,12,2,0.00,exact,3.583333,3.583333,4.000000,0.406750,0.000000,0.000000
hot_middle,12,2,0.00,beam,3.583333,3.583333,4.000000,1.214291,0.000000,0.000000
hot_middle,12,2,0.00,greedy,3.916667,3.916667,4.000000,0.167208,0.333333,0.093023
hot_middle,12,2,0.00,balanced,4.000000,4.000000,4.000000,0.009750,0.416667,0.116279
hot_middle,12,2,0.00,weighted,3.875000,3.875000,5.000000,0.012917,0.291667,0.081395
hot_middle,12,2,0.15,exact,3.645833,3.583333,4.000000,0.408417,0.000000,0.000000
hot_middle,12,2,0.15,beam,3.645833,3.583333,4.000000,1.228875,0.000000,0.000000
hot_middle,12,2,0.15,greedy,3.929167,3.916667,4.000000,0.168209,0.283333,0.077714
hot_middle,12,2,0.15,balanced,4.000000,4.000000,4.000000,0.009833,0.354167,0.097143
hot_middle,12,2,0.15,weighted,4.043750,3.875000,5.000000,0.013583,0.397917,0.109143
hot_middle,12,2,0.30,exact,3.708333,3.583333,4.000000,0.500750,0.000000,0.000000
hot_middle,12,2,0.30,beam,3.708333,3.583333,4.000000,1.268459,0.000000,0.000000
hot_middle,12,2,0.30,greedy,3.941667,3.916667,4.000000,0.166125,0.233333,0.062921
hot_middle,12,2,0.30,balanced,4.000000,4.000000,4.000000,0.009500,0.291667,0.078652
hot_middle,12,2,0.30,weighted,4.212500,3.875000,5.000000,0.013166,0.504167,0.135955
hot_middle,12,3,0.00,exact,3.166667,3.166667,4.000000,1.240167,0.000000,0.000000
hot_middle,12,3,0.00,beam,3.166667,3.166667,4.000000,3.304000,0.000000,0.000000
hot_middle,12,3,0.00,greedy,3.916667,3.916667,4.000000,0.167125,0.750000,0.236842
hot_middle,12,3,0.00,balanced,4.000000,4.000000,4.000000,0.011583,0.833333,0.263158
hot_middle,12,3,0.00,weighted,3.750000,3.750000,5.000000,0.016084,0.583333,0.184211
hot_middle,12,3,0.15,exact,3.291667,3.166667,4.000000,1.247750,0.000000,0.000000
hot_middle,12,3,0.15,beam,3.291667,3.166667,4.000000,3.290167,0.000000,0.000000
hot_middle,12,3,0.15,greedy,3.929167,3.916667,4.000000,0.166750,0.637500,0.193671
hot_middle,12,3,0.15,balanced,4.000000,4.000000,4.000000,0.011500,0.708333,0.215190
hot_middle,12,3,0.15,weighted,3.937500,3.750000,5.000000,0.015875,0.645833,0.196203
hot_middle,12,3,0.30,exact,3.416667,3.166667,4.000000,1.250334,0.000000,0.000000
hot_middle,12,3,0.30,beam,3.416667,3.166667,4.000000,3.286042,0.000000,0.000000
hot_middle,12,3,0.30,greedy,3.941667,3.916667,4.000000,0.167459,0.525000,0.153659
hot_middle,12,3,0.30,balanced,4.000000,4.000000,4.000000,0.011709,0.583333,0.170732
hot_middle,12,3,0.30,weighted,4.125000,3.750000,5.000000,0.015792,0.708333,0.207317
hot_middle,12,4,0.00,exact,3.041667,3.041667,5.000000,2.651042,0.000000,0.000000
hot_middle,12,4,0.00,beam,3.041667,3.041667,5.000000,5.201083,0.000000,0.000000
hot_middle,12,4,0.00,greedy,3.916667,3.916667,4.000000,0.166833,0.875000,0.287671
hot_middle,12,4,0.00,balanced,3.979167,3.979167,4.000000,0.013666,0.937500,0.308219
hot_middle,12,4,0.00,weighted,3.333333,3.333333,5.000000,0.018500,0.291667,0.095890
hot_middle,12,4,0.15,exact,3.291667,3.166667,4.000000,2.769292,0.000000,0.000000
hot_middle,12,4,0.15,beam,3.291667,3.166667,4.000000,5.247458,0.000000,0.000000
hot_middle,12,4,0.15,greedy,3.929167,3.916667,4.000000,0.167625,0.637500,0.193671
hot_middle,12,4,0.15,balanced,3.982292,3.979167,4.000000,0.013625,0.690625,0.209810
hot_middle,12,4,0.15,weighted,3.583333,3.333333,5.000000,0.018875,0.291667,0.088608
hot_middle,12,4,0.30,exact,3.416667,3.166667,4.000000,2.662292,0.000000,0.000000
hot_middle,12,4,0.30,beam,3.416667,3.166667,4.000000,5.260542,0.000000,0.000000
hot_middle,12,4,0.30,greedy,3.941667,3.916667,4.000000,0.168750,0.525000,0.153659
hot_middle,12,4,0.30,balanced,3.985417,3.979167,4.000000,0.013708,0.568750,0.166463
hot_middle,12,4,0.30,weighted,3.833333,3.333333,5.000000,0.018708,0.416667,0.121951
hot_middle,16,2,0.00,exact,3.730769,3.730769,5.000000,0.776042,0.000000,0.000000
hot_middle,16,2,0.00,beam,3.730769,3.730769,5.000000,2.619750,0.000000,0.000000
hot_middle,16,2,0.00,greedy,4.000000,4.000000,4.000000,0.114625,0.269231,0.072165
hot_middle,16,2,0.00,balanced,4.000000,4.000000,4.000000,0.010291,0.269231,0.072165
hot_middle,16,2,0.00,weighted,3.923077,3.923077,5.000000,0.014792,0.192308,0.051546
hot_middle,16,2,0.15,exact,3.921154,3.730769,5.000000,0.724583,0.000000,0.000000
hot_middle,16,2,0.15,beam,3.921154,3.730769,5.000000,2.641083,0.000000,0.000000
hot_middle,16,2,0.15,greedy,4.000000,4.000000,4.000000,0.115000,0.078846,0.020108
hot_middle,16,2,0.15,balanced,4.000000,4.000000,4.000000,0.010542,0.078846,0.020108
hot_middle,16,2,0.15,weighted,4.084615,3.923077,5.000000,0.014583,0.163462,0.041687
hot_middle,16,2,0.30,exact,4.000000,4.000000,4.000000,0.711042,0.000000,0.000000
hot_middle,16,2,0.30,beam,4.000000,4.000000,4.000000,2.654291,0.000000,0.000000
hot_middle,16,2,0.30,greedy,4.000000,4.000000,4.000000,0.115083,0.000000,0.000000
hot_middle,16,2,0.30,balanced,4.000000,4.000000,4.000000,0.010708,0.000000,0.000000
hot_middle,16,2,0.30,weighted,4.246154,3.923077,5.000000,0.015167,0.246154,0.061538
hot_middle,16,3,0.00,exact,3.461538,3.461538,5.000000,2.568125,0.000000,0.000000
hot_middle,16,3,0.00,beam,3.461538,3.461538,5.000000,5.769334,0.000000,0.000000
hot_middle,16,3,0.00,greedy,4.000000,4.000000,4.000000,0.116583,0.538462,0.155556
hot_middle,16,3,0.00,balanced,4.000000,4.000000,4.000000,0.012708,0.538462,0.155556
hot_middle,16,3,0.00,weighted,3.846154,3.846154,5.000000,0.017750,0.384615,0.111111
hot_middle,16,3,0.15,exact,3.692308,3.461538,5.000000,2.563625,0.000000,0.000000
hot_middle,16,3,0.15,beam,3.692308,3.461538,5.000000,5.578958,0.000000,0.000000
hot_middle,16,3,0.15,greedy,4.000000,4.000000,4.000000,0.114959,0.307692,0.083333
hot_middle,16,3,0.15,balanced,4.000000,4.000000,4.000000,0.012208,0.307692,0.083333
hot_middle,16,3,0.15,weighted,4.019231,3.846154,5.000000,0.017667,0.326923,0.088542
hot_middle,16,3,0.30,exact,3.923077,3.461538,5.000000,2.586833,0.000000,0.000000
hot_middle,16,3,0.30,beam,3.923077,3.461538,5.000000,5.632416,0.000000,0.000000
hot_middle,16,3,0.30,greedy,4.000000,4.000000,4.000000,0.115042,0.076923,0.019608
hot_middle,16,3,0.30,balanced,4.000000,4.000000,4.000000,0.012125,0.076923,0.019608
hot_middle,16,3,0.30,weighted,4.192308,3.846154,5.000000,0.017916,0.269231,0.068627
hot_middle,16,4,0.00,exact,3.384615,3.384615,6.000000,5.869458,0.000000,0.000000
hot_middle,16,4,0.00,beam,3.384615,3.384615,6.000000,8.936084,0.000000,0.000000
hot_middle,16,4,0.00,greedy,4.000000,4.000000,4.000000,0.116417,0.615385,0.181818
hot_middle,16,4,0.00,balanced,4.000000,4.000000,4.000000,0.014417,0.615385,0.181818
hot_middle,16,4,0.00,weighted,3.576923,3.576923,6.000000,0.020959,0.192308,0.056818
hot_middle,16,4,0.15,exact,3.659615,3.423077,5.000000,6.003583,0.000000,0.000000
hot_middle,16,4,0.15,beam,3.659615,3.423077,5.000000,8.838000,0.000000,0.000000
hot_middle,16,4,0.15,greedy,4.000000,4.000000,4.000000,0.112792,0.340385,0.093011
hot_middle,16,4,0.15,balanced,4.000000,4.000000,4.000000,0.013709,0.340385,0.093011
hot_middle,16,4,0.15,weighted,3.940385,3.576923,6.000000,0.020541,0.280769,0.076721
hot_middle,16,4,0.30,exact,3.896154,3.423077,5.000000,5.974625,0.000000,0.000000
hot_middle,16,4,0.30,beam,3.896154,3.423077,5.000000,8.992958,0.000000,0.000000
hot_middle,16,4,0.30,greedy,4.000000,4.000000,4.000000,0.119083,0.103846,0.026654
hot_middle,16,4,0.30,balanced,4.000000,4.000000,4.000000,0.014417,0.103846,0.026654
hot_middle,16,4,0.30,weighted,4.303846,3.576923,6.000000,0.020667,0.407692,0.104640
hot_middle,20,2,0.00,exact,4.229730,4.229730,5.000000,1.080417,0.000000,0.000000
hot_middle,20,2,0.00,beam,4.229730,4.229730,5.000000,3.863459,0.000000,0.000000
hot_middle,20,2,0.00,greedy,4.229730,4.229730,5.000000,0.334000,0.000000,0.000000
hot_middle,20,2,0.00,balanced,5.000000,5.000000,5.000000,0.011209,0.770270,0.182109
hot_middle,20,2,0.00,weighted,4.459459,4.459459,5.000000,0.016875,0.229730,0.054313
hot_middle,20,2,0.15,exact,4.345270,4.229730,5.000000,1.123916,0.000000,0.000000
hot_middle,20,2,0.15,beam,4.345270,4.229730,5.000000,3.763584,0.000000,0.000000
hot_middle,20,2,0.15,greedy,4.345270,4.229730,5.000000,0.334583,0.000000,0.000000
hot_middle,20,2,0.15,balanced,5.000000,5.000000,5.000000,0.011625,0.654730,0.150676
hot_middle,20,2,0.15,weighted,4.540541,4.459459,5.000000,0.016834,0.195270,0.044939
hot_middle,20,2,0.30,exact,4.460811,4.229730,5.000000,1.084375,0.000000,0.000000
hot_middle,20,2,0.30,beam,4.460811,4.229730,5.000000,3.794000,0.000000,0.000000
hot_middle,20,2,0.30,greedy,4.460811,4.229730,5.000000,0.332875,0.000000,0.000000
hot_middle,20,2,0.30,balanced,5.000000,5.000000,5.000000,0.011125,0.539189,0.120872
hot_middle,20,2,0.30,weighted,4.621622,4.459459,5.000000,0.016667,0.160811,0.036050
hot_middle,20,3,0.00,exact,3.918919,3.918919,5.000000,4.451375,0.000000,0.000000
hot_middle,20,3,0.00,beam,3.918919,3.918919,5.000000,7.726583,-0.000000,-0.000000
hot_middle,20,3,0.00,greedy,4.054054,4.054054,5.000000,0.540458,0.135135,0.034483
hot_middle,20,3,0.00,balanced,5.000000,5.000000,5.000000,0.013125,1.081081,0.275862
hot_middle,20,3,0.00,weighted,3.918919,3.918919,5.000000,0.020291,-0.000000,-0.000000
hot_middle,20,3,0.15,exact,4.081081,3.918919,5.000000,4.727541,0.000000,0.000000
hot_middle,20,3,0.15,beam,4.081081,3.918919,5.000000,7.891791,0.000000,0.000000
hot_middle,20,3,0.15,greedy,4.195946,4.054054,5.000000,0.543000,0.114865,0.028146
hot_middle,20,3,0.15,balanced,5.000000,5.000000,5.000000,0.013125,0.918919,0.225166
hot_middle,20,3,0.15,weighted,4.081081,3.918919,5.000000,0.019667,0.000000,0.000000
hot_middle,20,3,0.30,exact,4.243243,3.918919,5.000000,4.650583,0.000000,0.000000
hot_middle,20,3,0.30,beam,4.243243,3.918919,5.000000,7.801041,-0.000000,-0.000000
hot_middle,20,3,0.30,greedy,4.337838,4.054054,5.000000,0.535042,0.094595,0.022293
hot_middle,20,3,0.30,balanced,5.000000,5.000000,5.000000,0.013167,0.756757,0.178344
hot_middle,20,3,0.30,weighted,4.243243,3.918919,5.000000,0.019750,-0.000000,-0.000000
hot_middle,20,4,0.00,exact,3.743243,3.743243,6.000000,10.733583,0.000000,0.000000
hot_middle,20,4,0.00,beam,3.743243,3.743243,6.000000,12.269209,0.000000,0.000000
hot_middle,20,4,0.00,greedy,3.878378,3.878378,6.000000,0.762167,0.135135,0.036101
hot_middle,20,4,0.00,balanced,4.972973,4.972973,5.000000,0.014792,1.229730,0.328520
hot_middle,20,4,0.00,weighted,3.918919,3.918919,5.000000,0.022000,0.175676,0.046931
hot_middle,20,4,0.15,exact,4.081081,3.918919,5.000000,10.758292,0.000000,0.000000
hot_middle,20,4,0.15,beam,4.081081,3.918919,5.000000,12.159709,0.000000,0.000000
hot_middle,20,4,0.15,greedy,4.195946,4.054054,5.000000,0.763583,0.114865,0.028146
hot_middle,20,4,0.15,balanced,4.977027,4.972973,5.000000,0.015542,0.895946,0.219536
hot_middle,20,4,0.15,weighted,4.081081,3.918919,5.000000,0.021792,0.000000,0.000000
hot_middle,20,4,0.30,exact,4.243243,3.918919,5.000000,10.589417,0.000000,0.000000
hot_middle,20,4,0.30,beam,4.243243,3.918919,5.000000,12.245084,-0.000000,-0.000000
hot_middle,20,4,0.30,greedy,4.337838,4.054054,5.000000,0.771291,0.094595,0.022293
hot_middle,20,4,0.30,balanced,4.981081,4.972973,5.000000,0.014959,0.737838,0.173885
hot_middle,20,4,0.30,weighted,4.243243,3.918919,5.000000,0.022375,-0.000000,-0.000000
hot_tail,8,2,0.00,exact,2.454545,2.454545,4.000000,0.196875,0.000000,0.000000
hot_tail,8,2,0.00,beam,2.454545,2.454545,4.000000,0.469833,0.000000,0.000000
hot_tail,8,2,0.00,greedy,2.454545,2.454545,4.000000,0.099542,0.000000,0.000000
hot_tail,8,2,0.00,balanced,3.000000,3.000000,3.000000,0.008875,0.545455,0.222222
hot_tail,8,2,0.00,weighted,2.454545,2.454545,5.000000,0.012625,0.000000,0.000000
hot_tail,8,2,0.15,exact,2.686364,2.454545,4.000000,0.196917,0.000000,0.000000
hot_tail,8,2,0.15,beam,2.686364,2.454545,4.000000,0.467250,0.000000,0.000000
hot_tail,8,2,0.15,greedy,2.686364,2.454545,4.000000,0.097709,0.000000,0.000000
hot_tail,8,2,0.15,balanced,3.000000,3.000000,3.000000,0.008709,0.313636,0.116751
hot_tail,8,2,0.15,weighted,2.836364,2.454545,5.000000,0.011625,0.150000,0.055838
hot_tail,8,2,0.30,exact,2.918182,2.454545,4.000000,0.194708,0.000000,0.000000
hot_tail,8,2,0.30,beam,2.918182,2.454545,4.000000,0.464708,0.000000,0.000000
hot_tail,8,2,0.30,greedy,2.918182,2.454545,4.000000,0.098292,0.000000,0.000000
hot_tail,8,2,0.30,balanced,3.000000,3.000000,3.000000,0.008916,0.081818,0.028037
hot_tail,8,2,0.30,weighted,3.218182,2.454545,5.000000,0.011958,0.300000,0.102804
hot_tail,8,3,0.00,exact,2.363636,2.363636,5.000000,0.485084,0.000000,0.000000
hot_tail,8,3,0.00,beam,2.363636,2.363636,5.000000,1.418375,0.000000,0.000000
hot_tail,8,3,0.00,greedy,2.454545,2.454545,4.000000,0.151000,0.090909,0.038462
hot_tail,8,3,0.00,balanced,3.000000,3.000000,3.000000,0.010750,0.636364,0.269231
hot_tail,8,3,0.00,weighted,2.454545,2.454545,5.000000,0.012042,0.090909,0.038462
hot_tail,8,3,0.15,exact,2.686364,2.454545,4.000000,0.489541,0.000000,0.000000
hot_tail,8,3,0.15,beam,2.686364,2.454545,4.000000,1.402625,0.000000,0.000000
hot_tail,8,3,0.15,greedy,2.686364,2.454545,4.000000,0.150416,0.000000,0.000000
hot_tail,8,3,0.15,balanced,3.000000,3.000000,3.000000,0.011041,0.313636,0.116751
hot_tail,8,3,0.15,weighted,2.836364,2.454545,5.000000,0.012417,0.150000,0.055838
hot_tail,8,3,0.30,exact,2.918182,2.454545,4.000000,0.490750,0.000000,0.000000
hot_tail,8,3,0.30,beam,2.918182,2.454545,4.000000,1.426042,0.000000,0.000000
hot_tail,8,3,0.30,greedy,2.918182,2.454545,4.000000,0.150542,0.000000,0.000000
hot_tail,8,3,0.30,balanced,3.000000,3.000000,3.000000,0.010625,0.081818,0.028037
hot_tail,8,3,0.30,weighted,3.218182,2.454545,5.000000,0.011583,0.300000,0.102804
hot_tail,8,4,0.00,exact,2.363636,2.363636,5.000000,0.962709,0.000000,0.000000
hot_tail,8,4,0.00,beam,2.363636,2.363636,5.000000,2.328125,0.000000,0.000000
hot_tail,8,4,0.00,greedy,2.454545,2.454545,4.000000,0.150667,0.090909,0.038462
hot_tail,8,4,0.00,balanced,3.000000,3.000000,3.000000,0.012666,0.636364,0.269231
hot_tail,8,4,0.00,weighted,2.454545,2.454545,5.000000,0.012334,0.090909,0.038462
hot_tail,8,4,0.15,exact,2.686364,2.454545,4.000000,0.998583,0.000000,0.000000
hot_tail,8,4,0.15,beam,2.686364,2.454545,4.000000,2.367458,0.000000,0.000000
hot_tail,8,4,0.15,greedy,2.686364,2.454545,4.000000,0.150292,0.000000,0.000000
hot_tail,8,4,0.15,balanced,3.000000,3.000000,3.000000,0.012542,0.313636,0.116751
hot_tail,8,4,0.15,weighted,2.836364,2.454545,5.000000,0.011750,0.150000,0.055838
hot_tail,8,4,0.30,exact,2.918182,2.454545,4.000000,0.930041,0.000000,0.000000
hot_tail,8,4,0.30,beam,2.918182,2.454545,4.000000,2.344792,0.000000,0.000000
hot_tail,8,4,0.30,greedy,2.918182,2.454545,4.000000,0.153208,0.000000,0.000000
hot_tail,8,4,0.30,balanced,3.000000,3.000000,3.000000,0.012750,0.081818,0.028037
hot_tail,8,4,0.30,weighted,3.218182,2.454545,5.000000,0.011750,0.300000,0.102804
hot_tail,12,2,0.00,exact,3.000000,3.000000,5.000000,0.413791,0.000000,0.000000
hot_tail,12,2,0.00,beam,3.000000,3.000000,5.000000,1.236042,0.000000,0.000000
hot_tail,12,2,0.00,greedy,3.242424,3.242424,4.000000,0.170167,0.242424,0.080808
hot_tail,12,2,0.00,balanced,4.000000,4.000000,4.000000,0.009959,1.000000,0.333333
hot_tail,12,2,0.00,weighted,3.000000,3.000000,5.000000,0.013625,0.000000,0.000000
hot_tail,12,2,0.15,exact,3.300000,3.000000,5.000000,0.409458,0.000000,0.000000
hot_tail,12,2,0.15,beam,3.300000,3.000000,5.000000,1.208125,0.000000,0.000000
hot_tail,12,2,0.15,greedy,3.356061,3.242424,4.000000,0.168875,0.056061,0.016988
hot_tail,12,2,0.15,balanced,4.000000,4.000000,4.000000,0.009666,0.700000,0.212121
hot_tail,12,2,0.15,weighted,3.300000,3.000000,5.000000,0.013541,0.000000,0.000000
hot_tail,12,2,0.30,exact,3.469697,3.242424,4.000000,0.411709,0.000000,0.000000
hot_tail,12,2,0.30,beam,3.469697,3.242424,4.000000,1.225791,0.000000,0.000000
hot_tail,12,2,0.30,greedy,3.469697,3.242424,4.000000,0.166667,0.000000,0.000000
hot_tail,12,2,0.30,balanced,4.000000,4.000000,4.000000,0.009542,0.530303,0.152838
hot_tail,12,2,0.30,weighted,3.600000,3.000000,5.000000,0.013833,0.130303,0.037555
hot_tail,12,3,0.00,exact,2.969697,2.969697,6.000000,1.284125,0.000000,0.000000
hot_tail,12,3,0.00,beam,2.969697,2.969697,6.000000,3.319958,0.000000,0.000000
hot_tail,12,3,0.00,greedy,3.242424,3.242424,4.000000,0.167833,0.272727,0.091837
hot_tail,12,3,0.00,balanced,4.000000,4.000000,4.000000,0.012041,1.030303,0.346939
hot_tail,12,3,0.00,weighted,3.000000,3.000000,5.000000,0.015750,0.030303,0.010204
hot_tail,12,3,0.15,exact,3.300000,3.000000,5.000000,1.262709,0.000000,0.000000
hot_tail,12,3,0.15,beam,3.300000,3.000000,5.000000,3.295500,0.000000,0.000000
hot_tail,12,3,0.15,greedy,3.356061,3.242424,4.000000,0.169417,0.056061,0.016988
hot_tail,12,3,0.15,balanced,4.000000,4.000000,4.000000,0.011667,0.700000,0.212121
hot_tail,12,3,0.15,weighted,3.300000,3.000000,5.000000,0.016208,0.000000,0.000000
hot_tail,12,3,0.30,exact,3.469697,3.242424,4.000000,1.298583,0.000000,0.000000
hot_tail,12,3,0.30,beam,3.469697,3.242424,4.000000,3.252375,0.000000,0.000000
hot_tail,12,3,0.30,greedy,3.469697,3.242424,4.000000,0.166667,0.000000,0.000000
hot_tail,12,3,0.30,balanced,4.000000,4.000000,4.000000,0.011667,0.530303,0.152838
hot_tail,12,3,0.30,weighted,3.600000,3.000000,5.000000,0.016333,0.130303,0.037555
hot_tail,12,4,0.00,exact,2.909091,2.909091,6.000000,2.671750,0.000000,0.000000
hot_tail,12,4,0.00,beam,2.909091,2.909091,6.000000,5.172500,0.000000,0.000000
hot_tail,12,4,0.00,greedy,3.242424,3.242424,4.000000,0.167000,0.333333,0.114583
hot_tail,12,4,0.00,balanced,3.757576,3.757576,4.000000,0.013458,0.848485,0.291667
hot_tail,12,4,0.00,weighted,3.000000,3.000000,5.000000,0.018208,0.090909,0.031250
hot_tail,12,4,0.15,exact,3.300000,3.000000,5.000000,2.708542,0.000000,0.000000
hot_tail,12,4,0.15,beam,3.300000,3.000000,5.000000,5.248292,0.000000,0.000000
hot_tail,12,4,0.15,greedy,3.356061,3.242424,4.000000,0.169792,0.056061,0.016988
hot_tail,12,4,0.15,balanced,3.793939,3.757576,4.000000,0.014083,0.493939,0.149679
hot_tail,12,4,0.15,weighted,3.300000,3.000000,5.000000,0.018667,0.000000,0.000000
hot_tail,12,4,0.30,exact,3.469697,3.242424,4.000000,2.623500,0.000000,0.000000
hot_tail,12,4,0.30,beam,3.469697,3.242424,4.000000,5.210125,0.000000,0.000000
hot_tail,12,4,0.30,greedy,3.469697,3.242424,4.000000,0.167917,0.000000,0.000000
hot_tail,12,4,0.30,balanced,3.830303,3.757576,4.000000,0.013917,0.360606,0.103930
hot_tail,12,4,0.30,weighted,3.600000,3.000000,5.000000,0.018583,0.130303,0.037555
hot_tail,16,2,0.00,exact,3.454545,3.454545,5.000000,0.701125,0.000000,0.000000
hot_tail,16,2,0.00,beam,3.454545,3.454545,6.000000,2.670917,-0.000000,-0.000000
hot_tail,16,2,0.00,greedy,3.454545,3.454545,5.000000,0.245333,0.000000,0.000000
hot_tail,16,2,0.00,balanced,4.000000,4.000000,4.000000,0.010542,0.545455,0.157895
hot_tail,16,2,0.00,weighted,3.727273,3.727273,5.000000,0.014583,0.272727,0.078947
hot_tail,16,2,0.15,exact,3.686364,3.454545,5.000000,0.710334,0.000000,0.000000
hot_tail,16,2,0.15,beam,3.686364,3.454545,5.000000,2.655833,0.000000,0.000000
hot_tail,16,2,0.15,greedy,3.686364,3.454545,5.000000,0.247042,0.000000,0.000000
hot_tail,16,2,0.15,balanced,4.000000,4.000000,4.000000,0.010875,0.313636,0.085080
hot_tail,16,2,0.15,weighted,3.918182,3.727273,5.000000,0.014750,0.231818,0.062885
hot_tail,16,2,0.30,exact,3.918182,3.454545,5.000000,0.732292,0.000000,0.000000
hot_tail,16,2,0.30,beam,3.918182,3.454545,5.000000,2.649500,0.000000,0.000000
hot_tail,16,2,0.30,greedy,3.918182,3.454545,5.000000,0.245042,0.000000,0.000000
hot_tail,16,2,0.30,balanced,4.000000,4.000000,4.000000,0.010791,0.081818,0.020882
hot_tail,16,2,0.30,weighted,4.109091,3.727273,5.000000,0.014292,0.190909,0.048724
hot_tail,16,3,0.00,exact,3.363636,3.363636,6.000000,2.543875,0.000000,0.000000
hot_tail,16,3,0.00,beam,3.363636,3.363636,6.000000,5.692083,0.000000,0.000000
hot_tail,16,3,0.00,greedy,3.454545,3.454545,5.000000,0.396917,0.090909,0.027027
hot_tail,16,3,0.00,balanced,4.000000,4.000000,4.000000,0.012542,0.636364,0.189189
hot_tail,16,3,0.00,weighted,3.727273,3.727273,6.000000,0.018292,0.363636,0.108108
hot_tail,16,3,0.15,exact,3.686364,3.454545,5.000000,2.549500,0.000000,0.000000
hot_tail,16,3,0.15,beam,3.686364,3.454545,5.000000,5.543541,0.000000,0.000000
hot_tail,16,3,0.15,greedy,3.686364,3.454545,5.000000,0.391583,0.000000,0.000000
hot_tail,16,3,0.15,balanced,4.000000,4.000000,4.000000,0.012584,0.313636,0.085080
hot_tail,16,3,0.15,weighted,4.068182,3.727273,6.000000,0.017792,0.381818,0.103576
hot_tail,16,3,0.30,exact,3.918182,3.454545,5.000000,2.763334,0.000000,0.000000
hot_tail,16,3,0.30,beam,3.918182,3.454545,5.000000,5.726250,0.000000,0.000000
hot_tail,16,3,0.30,greedy,3.918182,3.454545,5.000000,0.397750,0.000000,0.000000
hot_tail,16,3,0.30,balanced,4.000000,4.000000,4.000000,0.012334,0.081818,0.020882
hot_tail,16,3,0.30,weighted,4.409091,3.727273,6.000000,0.018167,0.490909,0.125290
hot_tail,16,4,0.00,exact,3.363636,3.363636,5.000000,5.923583,0.000000,0.000000
hot_tail,16,4,0.00,beam,3.363636,3.363636,6.000000,8.913333,-0.000000,-0.000000
hot_tail,16,4,0.00,greedy,3.454545,3.454545,5.000000,0.394458,0.090909,0.027027
hot_tail,16,4,0.00,balanced,4.000000,4.000000,4.000000,0.014458,0.636364,0.189189
hot_tail,16,4,0.00,weighted,3.727273,3.727273,6.000000,0.020500,0.363636,0.108108
hot_tail,16,4,0.15,exact,3.609091,3.363636,5.000000,5.556625,0.000000,0.000000
hot_tail,16,4,0.15,beam,3.686364,3.454545,5.000000,8.707375,0.077273,0.021411
hot_tail,16,4,0.15,greedy,3.686364,3.454545,5.000000,0.401583,0.077273,0.021411
hot_tail,16,4,0.15,balanced,4.000000,4.000000,4.000000,0.014834,0.390909,0.108312
hot_tail,16,4,0.15,weighted,4.068182,3.727273,6.000000,0.020292,0.459091,0.127204
hot_tail,16,4,0.30,exact,3.854545,3.363636,5.000000,5.910000,0.000000,0.000000
hot_tail,16,4,0.30,beam,3.918182,3.454545,5.000000,8.875041,0.063636,0.016509
hot_tail,16,4,0.30,greedy,3.918182,3.454545,5.000000,0.389541,0.063636,0.016509
hot_tail,16,4,0.30,balanced,4.000000,4.000000,4.000000,0.014375,0.145455,0.037736
hot_tail,16,4,0.30,weighted,4.409091,3.727273,6.000000,0.020250,0.554545,0.143868
hot_tail,20,2,0.00,exact,3.672727,3.672727,6.000000,1.088292,0.000000,0.000000
hot_tail,20,2,0.00,beam,3.672727,3.672727,6.000000,3.819500,0.000000,0.000000
hot_tail,20,2,0.00,greedy,3.672727,3.672727,6.000000,0.334791,0.000000,0.000000
hot_tail,20,2,0.00,balanced,5.000000,5.000000,5.000000,0.011333,1.327273,0.361386
hot_tail,20,2,0.00,weighted,3.818182,3.818182,6.000000,0.017125,0.145455,0.039604
hot_tail,20,2,0.15,exact,4.010909,3.836364,5.000000,1.112167,0.000000,0.000000
hot_tail,20,2,0.15,beam,4.010909,3.836364,5.000000,3.706917,0.000000,0.000000
hot_tail,20,2,0.15,greedy,4.010909,3.836364,5.000000,0.327125,0.000000,0.000000
hot_tail,20,2,0.15,balanced,5.000000,5.000000,5.000000,0.011084,0.989091,0.246600
hot_tail,20,2,0.15,weighted,4.145455,3.818182,6.000000,0.017666,0.134545,0.033545
hot_tail,20,2,0.30,exact,4.185455,3.836364,5.000000,1.082708,0.000000,0.000000
hot_tail,20,2,0.30,beam,4.185455,3.836364,5.000000,3.804750,0.000000,0.000000
hot_tail,20,2,0.30,greedy,4.185455,3.836364,5.000000,0.333625,0.000000,0.000000
hot_tail,20,2,0.30,balanced,5.000000,5.000000,5.000000,0.011625,0.814545,0.194613
hot_tail,20,2,0.30,weighted,4.472727,3.818182,6.000000,0.017500,0.287273,0.068636
hot_tail,20,3,0.00,exact,3.672727,3.672727,6.000000,4.601250,0.000000,0.000000
hot_tail,20,3,0.00,beam,3.672727,3.672727,6.000000,7.784583,0.000000,0.000000
hot_tail,20,3,0.00,greedy,3.672727,3.672727,6.000000,0.527375,0.000000,0.000000
hot_tail,20,3,0.00,balanced,5.000000,5.000000,5.000000,0.013250,1.327273,0.361386
hot_tail,20,3,0.00,weighted,3.672727,3.672727,6.000000,0.019833,0.000000,0.000000
hot_tail,20,3,0.15,exact,4.010909,3.836364,5.000000,4.503709,0.000000,0.000000
hot_tail,20,3,0.15,beam,4.010909,3.836364,5.000000,7.733750,0.000000,0.000000
hot_tail,20,3,0.15,greedy,4.010909,3.836364,5.000000,0.334459,0.000000,0.000000
hot_tail,20,3,0.15,balanced,5.000000,5.000000,5.000000,0.013041,0.989091,0.246600
hot_tail,20,3,0.15,weighted,4.021818,3.672727,6.000000,0.019416,0.010909,0.002720
hot_tail,20,3,0.30,exact,4.185455,3.836364,5.000000,4.379666,0.000000,0.000000
hot_tail,20,3,0.30,beam,4.185455,3.836364,5.000000,7.811000,0.000000,0.000000
hot_tail,20,3,0.30,greedy,4.185455,3.836364,5.000000,0.332666,0.000000,0.000000
hot_tail,20,3,0.30,balanced,5.000000,5.000000,5.000000,0.013167,0.814545,0.194613
hot_tail,20,3,0.30,weighted,4.370909,3.672727,6.000000,0.019250,0.185455,0.044309
hot_tail,20,4,0.00,exact,3.672727,3.672727,6.000000,10.572458,0.000000,0.000000
hot_tail,20,4,0.00,beam,3.672727,3.672727,6.000000,12.228875,0.000000,0.000000
hot_tail,20,4,0.00,greedy,3.672727,3.672727,6.000000,0.531083,0.000000,0.000000
hot_tail,20,4,0.00,balanced,4.709091,4.709091,5.000000,0.015125,1.036364,0.282178
hot_tail,20,4,0.00,weighted,3.672727,3.672727,6.000000,0.021958,0.000000,0.000000
hot_tail,20,4,0.15,exact,4.010909,3.836364,5.000000,10.617084,0.000000,0.000000
hot_tail,20,4,0.15,beam,4.010909,3.836364,5.000000,12.325458,0.000000,0.000000
hot_tail,20,4,0.15,greedy,4.010909,3.836364,5.000000,0.335958,0.000000,0.000000
hot_tail,20,4,0.15,balanced,4.752727,4.709091,5.000000,0.015042,0.741818,0.184950
hot_tail,20,4,0.15,weighted,4.021818,3.672727,6.000000,0.022208,0.010909,0.002720
hot_tail,20,4,0.30,exact,4.185455,3.836364,5.000000,10.769667,0.000000,0.000000
hot_tail,20,4,0.30,beam,4.185455,3.836364,5.000000,13.339959,0.000000,0.000000
hot_tail,20,4,0.30,greedy,4.185455,3.836364,5.000000,0.390167,0.000000,0.000000
hot_tail,20,4,0.30,balanced,4.796364,4.709091,5.000000,0.017709,0.610909,0.145960
hot_tail,20,4,0.30,weighted,4.370909,3.672727,6.000000,0.025792,0.185455,0.044309
uniform,32,3,0.00,beam,5.000000,5.000000,5.000000,17.526375,,
uniform,32,3,0.00,greedy,5.000000,5.000000,5.000000,0.351750,,
uniform,32,3,0.00,balanced,5.000000,5.000000,5.000000,0.018000,,
uniform,32,3,0.00,weighted,5.000000,5.000000,5.000000,0.028542,,
uniform,32,3,0.15,beam,5.000000,5.000000,5.000000,17.796959,,
uniform,32,3,0.15,greedy,5.000000,5.000000,5.000000,0.357958,,
uniform,32,3,0.15,balanced,5.000000,5.000000,5.000000,0.019000,,
uniform,32,3,0.15,weighted,5.000000,5.000000,5.000000,0.029542,,
uniform,32,3,0.30,beam,5.000000,5.000000,5.000000,17.923250,,
uniform,32,3,0.30,greedy,5.000000,5.000000,5.000000,0.357000,,
uniform,32,3,0.30,balanced,5.000000,5.000000,5.000000,0.018000,,
uniform,32,3,0.30,weighted,5.000000,5.000000,5.000000,0.029667,,
uniform,32,4,0.00,beam,5.000000,5.000000,5.000000,28.774125,,
uniform,32,4,0.00,greedy,5.000000,5.000000,5.000000,0.426250,,
uniform,32,4,0.00,balanced,5.000000,5.000000,5.000000,0.024291,,
uniform,32,4,0.00,weighted,5.000000,5.000000,5.000000,0.038667,,
uniform,32,4,0.15,beam,5.000000,5.000000,5.000000,27.603208,,
uniform,32,4,0.15,greedy,5.000000,5.000000,5.000000,0.358208,,
uniform,32,4,0.15,balanced,5.000000,5.000000,5.000000,0.020375,,
uniform,32,4,0.15,weighted,5.000000,5.000000,5.000000,0.032416,,
uniform,32,4,0.30,beam,5.000000,5.000000,5.000000,28.264666,,
uniform,32,4,0.30,greedy,5.000000,5.000000,5.000000,0.352875,,
uniform,32,4,0.30,balanced,5.000000,5.000000,5.000000,0.021208,,
uniform,32,4,0.30,weighted,5.000000,5.000000,5.000000,0.032459,,
uniform,32,6,0.00,beam,5.000000,5.000000,5.000000,50.281000,,
uniform,32,6,0.00,greedy,5.000000,5.000000,5.000000,0.358042,,
uniform,32,6,0.00,balanced,5.000000,5.000000,5.000000,0.024500,,
uniform,32,6,0.00,weighted,5.000000,5.000000,5.000000,0.039834,,
uniform,32,6,0.15,beam,5.000000,5.000000,5.000000,42.949666,,
uniform,32,6,0.15,greedy,5.000000,5.000000,5.000000,0.309250,,
uniform,32,6,0.15,balanced,5.000000,5.000000,5.000000,0.021917,,
uniform,32,6,0.15,weighted,5.000000,5.000000,5.000000,0.036208,,
uniform,32,6,0.30,beam,5.000000,5.000000,5.000000,46.649375,,
uniform,32,6,0.30,greedy,5.000000,5.000000,5.000000,0.418291,,
uniform,32,6,0.30,balanced,5.000000,5.000000,5.000000,0.029208,,
uniform,32,6,0.30,weighted,5.000000,5.000000,5.000000,0.046375,,
uniform,48,3,0.00,beam,5.666667,5.666667,6.000000,38.502792,,
uniform,48,3,0.00,greedy,5.666667,5.666667,6.000000,1.660167,,
uniform,48,3,0.00,balanced,6.000000,6.000000,6.000000,0.027792,,
uniform,48,3,0.00,weighted,6.000000,6.000000,6.000000,0.044667,,
uniform,48,3,0.15,beam,5.716667,5.666667,6.000000,33.322125,,
uniform,48,3,0.15,greedy,5.716667,5.666667,6.000000,1.413667,,
uniform,48,3,0.15,balanced,6.000000,6.000000,6.000000,0.022000,,
uniform,48,3,0.15,weighted,6.000000,6.000000,6.000000,0.036250,,
uniform,48,3,0.30,beam,5.766667,5.666667,6.000000,27.957917,,
uniform,48,3,0.30,greedy,5.766667,5.666667,6.000000,1.213333,,
uniform,48,3,0.30,balanced,6.000000,6.000000,6.000000,0.021708,,
uniform,48,3,0.30,weighted,6.000000,6.000000,6.000000,0.036375,,
uniform,48,4,0.00,beam,5.666667,5.666667,6.000000,45.145042,,
uniform,48,4,0.00,greedy,5.666667,5.666667,6.000000,1.261375,,
uniform,48,4,0.00,balanced,6.000000,6.000000,6.000000,0.020458,,
uniform,48,4,0.00,weighted,6.000000,6.000000,6.000000,0.034291,,
uniform,48,4,0.15,beam,5.716667,5.666667,6.000000,44.223333,,
uniform,48,4,0.15,greedy,5.716667,5.666667,6.000000,2.261750,,
uniform,48,4,0.15,balanced,6.000000,6.000000,6.000000,0.034792,,
uniform,48,4,0.15,weighted,6.000000,6.000000,6.000000,0.053792,,
uniform,48,4,0.30,beam,5.766667,5.666667,6.000000,58.371125,,
uniform,48,4,0.30,greedy,5.766667,5.666667,6.000000,1.402041,,
uniform,48,4,0.30,balanced,6.000000,6.000000,6.000000,0.024209,,
uniform,48,4,0.30,weighted,6.000000,6.000000,6.000000,0.040583,,
uniform,48,6,0.00,beam,5.666667,5.666667,6.000000,91.594625,,
uniform,48,6,0.00,greedy,5.666667,5.666667,6.000000,1.203291,,
uniform,48,6,0.00,balanced,6.000000,6.000000,6.000000,0.024458,,
uniform,48,6,0.00,weighted,6.000000,6.000000,6.000000,0.041542,,
uniform,48,6,0.15,beam,5.716667,5.666667,6.000000,78.813333,,
uniform,48,6,0.15,greedy,5.716667,5.666667,6.000000,1.391167,,
uniform,48,6,0.15,balanced,6.000000,6.000000,6.000000,0.028917,,
uniform,48,6,0.15,weighted,6.000000,6.000000,6.000000,0.048875,,
uniform,48,6,0.30,beam,5.766667,5.666667,6.000000,79.855208,,
uniform,48,6,0.30,greedy,5.766667,5.666667,6.000000,1.194542,,
uniform,48,6,0.30,balanced,6.000000,6.000000,6.000000,0.024709,,
uniform,48,6,0.30,weighted,6.000000,6.000000,6.000000,0.041583,,
uniform,64,3,0.00,beam,6.000000,6.000000,6.000000,41.356292,,
uniform,64,3,0.00,greedy,6.000000,6.000000,6.000000,0.889250,,
uniform,64,3,0.00,balanced,6.000000,6.000000,6.000000,0.022250,,
uniform,64,3,0.00,weighted,6.000000,6.000000,6.000000,0.038459,,
uniform,64,3,0.15,beam,6.000000,6.000000,6.000000,41.075209,,
uniform,64,3,0.15,greedy,6.000000,6.000000,6.000000,0.894625,,
uniform,64,3,0.15,balanced,6.000000,6.000000,6.000000,0.021875,,
uniform,64,3,0.15,weighted,6.000000,6.000000,6.000000,0.039166,,
uniform,64,3,0.30,beam,6.000000,6.000000,6.000000,40.947500,,
uniform,64,3,0.30,greedy,6.000000,6.000000,6.000000,0.894250,,
uniform,64,3,0.30,balanced,6.000000,6.000000,6.000000,0.022166,,
uniform,64,3,0.30,weighted,6.000000,6.000000,6.000000,0.038291,,
uniform,64,4,0.00,beam,6.000000,6.000000,6.000000,64.374708,,
uniform,64,4,0.00,greedy,6.000000,6.000000,6.000000,0.889583,,
uniform,64,4,0.00,balanced,6.000000,6.000000,6.000000,0.024000,,
uniform,64,4,0.00,weighted,6.000000,6.000000,6.000000,0.042333,,
uniform,64,4,0.15,beam,6.000000,6.000000,6.000000,64.153292,,
uniform,64,4,0.15,greedy,6.000000,6.000000,6.000000,0.892958,,
uniform,64,4,0.15,balanced,6.000000,6.000000,6.000000,0.023625,,
uniform,64,4,0.15,weighted,6.000000,6.000000,6.000000,0.042500,,
uniform,64,4,0.30,beam,6.000000,6.000000,6.000000,64.137292,,
uniform,64,4,0.30,greedy,6.000000,6.000000,6.000000,1.353125,,
uniform,64,4,0.30,balanced,6.000000,6.000000,6.000000,0.031042,,
uniform,64,4,0.30,weighted,6.000000,6.000000,6.000000,0.047291,,
uniform,64,6,0.00,beam,6.000000,6.000000,6.000000,117.537334,,
uniform,64,6,0.00,greedy,6.000000,6.000000,6.000000,0.895542,,
uniform,64,6,0.00,balanced,6.000000,6.000000,6.000000,0.028250,,
uniform,64,6,0.00,weighted,6.000000,6.000000,6.000000,0.049917,,
uniform,64,6,0.15,beam,6.000000,6.000000,6.000000,117.838125,,
uniform,64,6,0.15,greedy,6.000000,6.000000,6.000000,0.892041,,
uniform,64,6,0.15,balanced,6.000000,6.000000,6.000000,0.027167,,
uniform,64,6,0.15,weighted,6.000000,6.000000,6.000000,0.048791,,
uniform,64,6,0.30,beam,6.000000,6.000000,6.000000,116.716208,,
uniform,64,6,0.30,greedy,6.000000,6.000000,6.000000,0.892208,,
uniform,64,6,0.30,balanced,6.000000,6.000000,6.000000,0.027458,,
uniform,64,6,0.30,weighted,6.000000,6.000000,6.000000,0.048875,,
zipf,32,3,0.00,beam,4.303676,4.303676,6.000000,14.741542,,
zipf,32,3,0.00,greedy,4.307346,4.307346,7.000000,1.039583,,
zipf,32,3,0.00,balanced,5.000000,5.000000,5.000000,0.015750,,
zipf,32,3,0.00,weighted,4.464638,4.464638,7.000000,0.025042,,
zipf,32,3,0.15,beam,4.558124,4.303676,6.000000,14.674834,,
zipf,32,3,0.15,greedy,4.691017,4.460020,6.000000,0.646959,,
zipf,32,3,0.15,balanced,5.000000,5.000000,5.000000,0.015667,,
zipf,32,3,0.15,weighted,4.844942,4.464638,7.000000,0.025292,,
zipf,32,3,0.30,beam,4.812573,4.303676,6.000000,14.900500,,
zipf,32,3,0.30,greedy,4.922014,4.460020,6.000000,0.652458,,
zipf,32,3,0.30,balanced,5.000000,5.000000,5.000000,0.015584,,
zipf,32,3,0.30,weighted,5.225247,4.464638,7.000000,0.024875,,
zipf,32,4,0.00,beam,4.231909,4.231909,7.000000,23.168792,,
zipf,32,4,0.00,greedy,4.307346,4.307346,7.000000,1.457333,,
zipf,32,4,0.00,balanced,5.000000,5.000000,5.000000,0.017208,,
zipf,32,4,0.00,weighted,4.341440,4.341440,7.000000,0.027083,,
zipf,32,4,0.15,beam,4.510419,4.247552,6.000000,23.216666,,
zipf,32,4,0.15,greedy,4.691017,4.460020,6.000000,0.647583,,
zipf,32,4,0.15,balanced,5.000000,5.000000,5.000000,0.017583,,
zipf,32,4,0.15,weighted,4.740224,4.341440,7.000000,0.027333,,
zipf,32,4,0.30,beam,4.773286,4.247552,6.000000,23.190083,,
zipf,32,4,0.30,greedy,4.922014,4.460020,6.000000,0.650000,,
zipf,32,4,0.30,balanced,5.000000,5.000000,5.000000,0.017917,,
zipf,32,4,0.30,weighted,5.139008,4.341440,7.000000,0.027208,,
zipf,32,6,0.00,beam,4.207269,4.207269,7.000000,42.178416,,
zipf,32,6,0.00,greedy,4.307346,4.307346,7.000000,1.459916,,
zipf,32,6,0.00,balanced,5.000000,5.000000,5.000000,0.021584,,
zipf,32,6,0.00,weighted,4.467189,4.467189,7.000000,0.030791,,
zipf,32,6,0.15,beam,4.470859,4.201010,6.000000,42.231958,,
zipf,32,6,0.15,greedy,4.691017,4.460020,6.000000,0.648500,,
zipf,32,6,0.15,balanced,5.000000,5.000000,5.000000,0.021291,,
zipf,32,6,0.15,weighted,4.847111,4.467189,7.000000,0.030667,,
zipf,32,6,0.30,beam,4.740707,4.201010,6.000000,41.835291,,
zipf,32,6,0.30,greedy,4.922014,4.460020,6.000000,0.643459,,
zipf,32,6,0.30,balanced,5.000000,5.000000,5.000000,0.021209,,
zipf,32,6,0.30,weighted,5.227032,4.467189,7.000000,0.030000,,
zipf,48,3,0.00,beam,4.697753,4.697753,7.000000,26.611750,,
zipf,48,3,0.00,greedy,4.791391,4.791391,7.000000,1.888334,,
zipf,48,3,0.00,balanced,6.000000,6.000000,6.000000,0.019167,,
zipf,48,3,0.00,weighted,4.769041,4.769041,7.000000,0.031583,,
zipf,48,3,0.15,beam,5.043090,4.697753,7.000000,26.295917,,
zipf,48,3,0.15,greedy,5.142145,4.990759,6.000000,1.894166,,
zipf,48,3,0.15,balanced,6.000000,6.000000,6.000000,0.019125,,
zipf,48,3,0.15,weighted,5.103684,4.769041,7.000000,0.031709,,
zipf,48,3,0.30,beam,5.246247,4.923209,6.000000,26.255250,,
zipf,48,3,0.30,greedy,5.293531,4.990759,6.000000,1.898416,,
zipf,48,3,0.30,balanced,6.000000,6.000000,6.000000,0.019209,,
zipf,48,3,0.30,weighted,5.438328,4.769041,7.000000,0.031083,,
zipf,48,4,0.00,beam,4.697753,4.697753,7.000000,41.512500,,
zipf,48,4,0.00,greedy,4.791391,4.791391,7.000000,1.885125,,
zipf,48,4,0.00,balanced,6.000000,6.000000,6.000000,0.020791,,
zipf,48,4,0.00,weighted,4.832585,4.832585,7.000000,0.033750,,
zipf,48,4,0.15,beam,5.043090,4.697753,7.000000,42.164792,,
zipf,48,4,0.15,greedy,5.142145,4.990759,6.000000,1.895042,,
zipf,48,4,0.15,balanced,6.000000,6.000000,6.000000,0.021125,,
zipf,48,4,0.15,weighted,5.157698,4.832585,7.000000,0.033917,,
zipf,48,4,0.30,beam,5.201952,4.859932,6.000000,42.688083,,
zipf,48,4,0.30,greedy,5.293531,4.990759,6.000000,1.873791,,
zipf,48,4,0.30,balanced,6.000000,6.000000,6.000000,0.021333,,
zipf,48,4,0.30,weighted,5.482810,4.832585,7.000000,0.035708,,
zipf,48,6,0.00,beam,4.604305,4.604305,7.000000,77.569291,,
zipf,48,6,0.00,greedy,4.791391,4.791391,7.000000,1.908416,,
zipf,48,6,0.00,balanced,6.000000,6.000000,6.000000,0.024625,,
zipf,48,6,0.00,weighted,4.710213,4.710213,7.000000,0.038125,,
zipf,48,6,0.15,beam,4.963659,4.604305,7.000000,76.129375,,
zipf,48,6,0.15,greedy,5.142145,4.990759,6.000000,1.897792,,
zipf,48,6,0.15,balanced,6.000000,6.000000,6.000000,0.024750,,
zipf,48,6,0.15,weighted,5.053681,4.710213,7.000000,0.037500,,
zipf,48,6,0.30,beam,5.170554,4.815077,6.000000,76.036042,,
zipf,48,6,0.30,greedy,5.293531,4.990759,6.000000,1.886625,,
zipf,48,6,0.30,balanced,6.000000,6.000000,6.000000,0.024625,,
zipf,48,6,0.30,weighted,5.397149,4.710213,7.000000,0.037125,,
zipf,64,3,0.00,beam,5.044135,5.044135,8.000000,40.600541,,
zipf,64,3,0.00,greedy,5.157705,5.157705,9.000000,3.211208,,
zipf,64,3,0.00,balanced,6.000000,6.000000,6.000000,0.022417,,
zipf,64,3,0.00,weighted,5.334365,5.334365,8.000000,0.038625,,
zipf,64,3,0.15,beam,5.383987,5.098808,7.000000,40.881542,,
zipf,64,3,0.15,greedy,5.506852,5.243355,7.000000,1.878833,,
zipf,64,3,0.15,balanced,6.000000,6.000000,6.000000,0.022083,,
zipf,64,3,0.15,weighted,5.734211,5.334365,8.000000,0.038916,,
zipf,64,3,0.30,beam,5.669166,5.098808,7.000000,40.768666,,
zipf,64,3,0.30,greedy,5.770348,5.243355,7.000000,1.865916,,
zipf,64,3,0.30,balanced,6.000000,6.000000,6.000000,0.022250,,
zipf,64,3,0.30,weighted,6.134056,5.334365,8.000000,0.038417,,
zipf,64,4,0.00,beam,4.961648,4.961648,8.000000,64.255959,,
zipf,64,4,0.00,greedy,5.053407,5.053407,9.000000,4.396583,,
zipf,64,4,0.00,balanced,6.000000,6.000000,6.000000,0.024083,,
zipf,64,4,0.00,weighted,5.158701,5.158701,8.000000,0.041625,,
zipf,64,4,0.15,beam,5.311415,5.013429,7.000000,64.507625,,
zipf,64,4,0.15,greedy,5.506852,5.243355,7.000000,1.876125,,
zipf,64,4,0.15,balanced,6.000000,6.000000,6.000000,0.024417,,
zipf,64,4,0.15,weighted,5.584896,5.158701,8.000000,0.040833,,
zipf,64,4,0.30,beam,5.609400,5.013429,7.000000,63.835625,,
zipf,64,4,0.30,greedy,5.770348,5.243355,7.000000,1.868958,,
zipf,64,4,0.30,balanced,6.000000,6.000000,6.000000,0.024417,,
zipf,64,4,0.30,weighted,6.011091,5.158701,8.000000,0.041166,,
zipf,64,6,0.00,beam,4.940284,4.940284,8.000000,116.853417,,
zipf,64,6,0.00,greedy,5.053407,5.053407,9.000000,5.841625,,
zipf,64,6,0.00,balanced,6.000000,6.000000,6.000000,0.027833,,
zipf,64,6,0.00,weighted,5.280513,5.280513,8.000000,0.045833,,
zipf,64,6,0.15,beam,5.293025,4.991794,7.000000,117.380792,,
zipf,64,6,0.15,greedy,5.506852,5.243355,7.000000,1.867583,,
zipf,64,6,0.15,balanced,6.000000,6.000000,6.000000,0.028375,,
zipf,64,6,0.15,weighted,5.688436,5.280513,8.000000,0.044458,,
zipf,64,6,0.30,beam,5.594256,4.991794,7.000000,117.476292,,
zipf,64,6,0.30,greedy,5.770348,5.243355,7.000000,1.862375,,
zipf,64,6,0.30,balanced,6.000000,6.000000,6.000000,0.028000,,
zipf,64,6,0.30,weighted,6.096359,5.280513,8.000000,0.045250,,
hot_middle,32,3,0.00,beam,4.688525,4.688525,6.000000,14.855541,,
hot_middle,32,3,0.00,greedy,5.000000,5.000000,5.000000,0.304292,,
hot_middle,32,3,0.00,balanced,5.000000,5.000000,5.000000,0.015209,,
hot_middle,32,3,0.00,weighted,5.016393,5.016393,6.000000,0.024875,,
hot_middle,32,3,0.15,beam,4.885246,4.688525,6.000000,14.842959,,
hot_middle,32,3,0.15,greedy,5.000000,5.000000,5.000000,0.307541,,
hot_middle,32,3,0.15,balanced,5.000000,5.000000,5.000000,0.015750,,
hot_middle,32,3,0.15,weighted,5.163934,5.016393,6.000000,0.024833,,
hot_middle,32,3,0.30,beam,5.000000,5.000000,5.000000,14.857750,,
hot_middle,32,3,0.30,greedy,5.000000,5.000000,5.000000,0.305958,,
hot_middle,32,3,0.30,balanced,5.000000,5.000000,5.000000,0.015917,,
hot_middle,32,3,0.30,weighted,5.311475,5.016393,6.000000,0.025292,,
hot_middle,32,4,0.00,beam,4.450820,4.450820,7.000000,23.361208,,
hot_middle,32,4,0.00,greedy,5.000000,5.000000,5.000000,0.306417,,
hot_middle,32,4,0.00,balanced,5.000000,5.000000,5.000000,0.017500,,
hot_middle,32,4,0.00,weighted,4.778689,4.778689,7.000000,0.028917,,
hot_middle,32,4,0.15,beam,4.794672,4.581967,6.000000,23.256833,,
hot_middle,32,4,0.15,greedy,5.000000,5.000000,5.000000,0.306666,,
hot_middle,32,4,0.15,balanced,5.000000,5.000000,5.000000,0.017041,,
hot_middle,32,4,0.15,weighted,5.111885,4.778689,7.000000,0.029000,,
hot_middle,32,4,0.30,beam,5.000000,5.000000,5.000000,23.374500,,
hot_middle,32,4,0.30,greedy,5.000000,5.000000,5.000000,0.306667,,
hot_middle,32,4,0.30,balanced,5.000000,5.000000,5.000000,0.017500,,
hot_middle,32,4,0.30,weighted,5.445082,4.778689,7.000000,0.028750,,
hot_middle,32,6,0.00,beam,4.344262,4.344262,7.000000,42.115041,,
hot_middle,32,6,0.00,greedy,5.000000,5.000000,5.000000,0.302458,,
hot_middle,32,6,0.00,balanced,5.000000,5.000000,5.000000,0.021000,,
hot_middle,32,6,0.00,weighted,4.459016,4.459016,7.000000,0.034333,,
hot_middle,32,6,0.15,beam,4.655328,4.418033,6.000000,42.355792,,
hot_middle,32,6,0.15,greedy,5.000000,5.000000,5.000000,0.309500,,
hot_middle,32,6,0.15,balanced,5.000000,5.000000,5.000000,0.021958,,
hot_middle,32,6,0.15,weighted,4.840164,4.459016,7.000000,0.034959,,
hot_middle,32,6,0.30,beam,4.892623,4.418033,6.000000,42.344666,,
hot_middle,32,6,0.30,greedy,5.000000,5.000000,5.000000,0.302875,,
hot_middle,32,6,0.30,balanced,5.000000,5.000000,5.000000,0.021041,,
hot_middle,32,6,0.30,weighted,5.221311,4.459016,7.000000,0.034209,,
hot_middle,48,3,0.00,beam,5.166667,5.166667,6.000000,26.559875,,
hot_middle,48,3,0.00,greedy,5.916667,5.916667,6.000000,1.195375,,
hot_middle,48,3,0.00,balanced,6.000000,6.000000,6.000000,0.018917,,
hot_middle,48,3,0.00,weighted,5.958333,5.958333,7.000000,0.031959,,
hot_middle,48,3,0.15,beam,5.291667,5.166667,6.000000,26.806459,,
hot_middle,48,3,0.15,greedy,5.929167,5.916667,6.000000,1.202333,,
hot_middle,48,3,0.15,balanced,6.000000,6.000000,6.000000,0.019334,,
hot_middle,48,3,0.15,weighted,6.114583,5.958333,7.000000,0.032000,,
hot_middle,48,3,0.30,beam,5.416667,5.166667,6.000000,26.741166,,
hot_middle,48,3,0.30,greedy,5.941667,5.916667,6.000000,1.198209,,
hot_middle,48,3,0.30,balanced,6.000000,6.000000,6.000000,0.019375,,
hot_middle,48,3,0.30,weighted,6.270833,5.958333,7.000000,0.032084,,
hot_middle,48,4,0.00,beam,5.041667,5.041667,7.000000,41.722333,,
hot_middle,48,4,0.00,greedy,5.916667,5.916667,6.000000,1.196334,,
hot_middle,48,4,0.00,balanced,6.000000,6.000000,6.000000,0.020625,,
hot_middle,48,4,0.00,weighted,5.854167,5.854167,7.000000,0.034000,,
hot_middle,48,4,0.15,beam,5.291667,5.166667,6.000000,41.934000,,
hot_middle,48,4,0.15,greedy,5.929167,5.916667,6.000000,1.198000,,
hot_middle,48,4,0.15,balanced,6.000000,6.000000,6.000000,0.020750,,
hot_middle,48,4,0.15,weighted,6.026042,5.854167,7.000000,0.034042,,
hot_middle,48,4,0.30,beam,5.416667,5.166667,6.000000,41.687084,,
hot_middle,48,4,0.30,greedy,5.941667,5.916667,6.000000,1.196042,,
hot_middle,48,4,0.30,balanced,6.000000,6.000000,6.000000,0.021500,,
hot_middle,48,4,0.30,weighted,6.197917,5.854167,7.000000,0.034292,,
hot_middle,48,6,0.00,beam,5.041667,5.041667,7.000000,75.804333,,
hot_middle,48,6,0.00,greedy,5.916667,5.916667,6.000000,1.196125,,
hot_middle,48,6,0.00,balanced,6.000000,6.000000,6.000000,0.024750,,
hot_middle,48,6,0.00,weighted,5.572917,5.572917,8.000000,0.041084,,
hot_middle,48,6,0.15,beam,5.291667,5.166667,6.000000,76.712500,,
hot_middle,48,6,0.15,greedy,5.929167,5.916667,6.000000,1.203625,,
hot_middle,48,6,0.15,balanced,6.000000,6.000000,6.000000,0.024916,,
hot_middle,48,6,0.15,weighted,5.936979,5.572917,8.000000,0.042417,,
hot_middle,48,6,0.30,beam,5.416667,5.166667,6.000000,76.400208,,
hot_middle,48,6,0.30,greedy,5.941667,5.916667,6.000000,1.203083,,
hot_middle,48,6,0.30,balanced,6.000000,6.000000,6.000000,0.024875,,
hot_middle,48,6,0.30,weighted,6.301042,5.572917,8.000000,0.041292,,
hot_middle,64,3,0.00,beam,5.688525,5.688525,7.000000,40.484916,,
hot_middle,64,3,0.00,greedy,6.000000,6.000000,6.000000,0.889625,,
hot_middle,64,3,0.00,balanced,6.000000,6.000000,6.000000,0.022125,,
hot_middle,64,3,0.00,weighted,6.016393,6.016393,7.000000,0.038625,,
hot_middle,64,3,0.15,beam,5.885246,5.688525,7.000000,40.727208,,
hot_middle,64,3,0.15,greedy,6.000000,6.000000,6.000000,0.905209,,
hot_middle,64,3,0.15,balanced,6.000000,6.000000,6.000000,0.022375,,
hot_middle,64,3,0.15,weighted,6.163934,6.016393,7.000000,0.038875,,
hot_middle,64,3,0.30,beam,6.000000,6.000000,6.000000,41.283542,,
hot_middle,64,3,0.30,greedy,6.000000,6.000000,6.000000,0.892708,,
hot_middle,64,3,0.30,balanced,6.000000,6.000000,6.000000,0.022333,,
hot_middle,64,3,0.30,weighted,6.311475,6.016393,7.000000,0.039208,,
hot_middle,64,4,0.00,beam,5.450820,5.450820,8.000000,64.478917,,
hot_middle,64,4,0.00,greedy,6.000000,6.000000,6.000000,0.892667,,
hot_middle,64,4,0.00,balanced,6.000000,6.000000,6.000000,0.024625,,
hot_middle,64,4,0.00,weighted,5.901639,5.901639,8.000000,0.043625,,
hot_middle,64,4,0.15,beam,5.794672,5.581967,7.000000,64.347333,,
hot_middle,64,4,0.15,greedy,6.000000,6.000000,6.000000,0.909333,,
hot_middle,64,4,0.15,balanced,6.000000,6.000000,6.000000,0.023834,,
hot_middle,64,4,0.15,weighted,6.216393,5.901639,8.000000,0.042916,,
hot_middle,64,4,0.30,beam,6.000000,6.000000,6.000000,64.428917,,
hot_middle,64,4,0.30,greedy,6.000000,6.000000,6.000000,0.892084,,
hot_middle,64,4,0.30,balanced,6.000000,6.000000,6.000000,0.024667,,
hot_middle,64,4,0.30,weighted,6.531148,5.901639,8.000000,0.043958,,
hot_middle,64,6,0.00,beam,5.344262,5.344262,8.000000,117.974125,,
hot_middle,64,6,0.00,greedy,6.000000,6.000000,6.000000,0.891209,,
hot_middle,64,6,0.00,balanced,6.000000,6.000000,6.000000,0.027750,,
hot_middle,64,6,0.00,weighted,5.786885,5.786885,8.000000,0.050292,,
hot_middle,64,6,0.15,beam,5.655328,5.418033,7.000000,117.286125,,
hot_middle,64,6,0.15,greedy,6.000000,6.000000,6.000000,0.894083,,
hot_middle,64,6,0.15,balanced,6.000000,6.000000,6.000000,0.027125,,
hot_middle,64,6,0.15,weighted,6.118852,5.786885,8.000000,0.049458,,
hot_middle,64,6,0.30,beam,5.892623,5.418033,7.000000,117.291500,,
hot_middle,64,6,0.30,greedy,6.000000,6.000000,6.000000,0.888875,,
hot_middle,64,6,0.30,balanced,6.000000,6.000000,6.000000,0.027458,,
hot_middle,64,6,0.30,weighted,6.450820,5.786885,8.000000,0.050291,,
hot_tail,32,3,0.00,beam,4.363636,4.363636,7.000000,14.713500,,
hot_tail,32,3,0.00,greedy,4.454545,4.454545,6.000000,1.042917,,
hot_tail,32,3,0.00,balanced,5.000000,5.000000,5.000000,0.015542,,
hot_tail,32,3,0.00,weighted,4.636364,4.636364,7.000000,0.025166,,
hot_tail,32,3,0.15,beam,4.686364,4.454545,6.000000,14.791500,,
hot_tail,32,3,0.15,greedy,4.686364,4.454545,6.000000,1.049292,,
hot_tail,32,3,0.15,balanced,5.000000,5.000000,5.000000,0.015625,,
hot_tail,32,3,0.15,weighted,4.990909,4.636364,7.000000,0.025958,,
hot_tail,32,3,0.30,beam,4.918182,4.454545,6.000000,14.849458,,
hot_tail,32,3,0.30,greedy,4.918182,4.454545,6.000000,1.046375,,
hot_tail,32,3,0.30,balanced,5.000000,5.000000,5.000000,0.016291,,
hot_tail,32,3,0.30,weighted,5.345455,4.636364,7.000000,0.025250,,
hot_tail,32,4,0.00,beam,4.363636,4.363636,7.000000,23.545917,,
hot_tail,32,4,0.00,greedy,4.454545,4.454545,6.000000,1.036833,,
hot_tail,32,4,0.00,balanced,5.000000,5.000000,5.000000,0.017792,,
hot_tail,32,4,0.00,weighted,4.545455,4.545455,7.000000,0.027708,,
hot_tail,32,4,0.15,beam,4.686364,4.454545,6.000000,23.741000,,
hot_tail,32,4,0.15,greedy,4.686364,4.454545,6.000000,1.045750,,
hot_tail,32,4,0.15,balanced,5.000000,5.000000,5.000000,0.017625,,
hot_tail,32,4,0.15,weighted,4.913636,4.545455,7.000000,0.028125,,
hot_tail,32,4,0.30,beam,4.918182,4.454545,6.000000,23.797250,,
hot_tail,32,4,0.30,greedy,4.918182,4.454545,6.000000,1.058584,,
hot_tail,32,4,0.30,balanced,5.000000,5.000000,5.000000,0.017708,,
hot_tail,32,4,0.30,weighted,5.281818,4.545455,7.000000,0.027791,,
hot_tail,32,6,0.00,beam,4.363636,4.363636,7.000000,43.276625,,
hot_tail,32,6,0.00,greedy,4.454545,4.454545,6.000000,1.052459,,
hot_tail,32,6,0.00,balanced,5.000000,5.000000,5.000000,0.021958,,
hot_tail,32,6,0.00,weighted,4.454545,4.454545,7.000000,0.035125,,
hot_tail,32,6,0.15,beam,4.686364,4.454545,6.000000,42.470708,,
hot_tail,32,6,0.15,greedy,4.686364,4.454545,6.000000,1.037625,,
hot_tail,32,6,0.15,balanced,5.000000,5.000000,5.000000,0.021292,,
hot_tail,32,6,0.15,weighted,4.836364,4.454545,7.000000,0.034333,,
hot_tail,32,6,0.30,beam,4.918182,4.454545,6.000000,42.326125,,
hot_tail,32,6,0.30,greedy,4.918182,4.454545,6.000000,1.042333,,
hot_tail,32,6,0.30,balanced,5.000000,5.000000,5.000000,0.021417,,
hot_tail,32,6,0.30,weighted,5.218182,4.454545,7.000000,0.034375,,
hot_tail,48,3,0.00,beam,4.969697,4.969697,8.000000,27.545333,,
hot_tail,48,3,0.00,greedy,5.242424,5.242424,6.000000,1.198125,,
hot_tail,48,3,0.00,balanced,6.000000,6.000000,6.000000,0.018917,,
hot_tail,48,3,0.00,weighted,5.287879,5.287879,8.000000,0.031542,,
hot_tail,48,3,0.15,beam,5.300000,5.000000,7.000000,26.562791,,
hot_tail,48,3,0.15,greedy,5.356061,5.242424,6.000000,1.188875,,
hot_tail,48,3,0.15,balanced,6.000000,6.000000,6.000000,0.018750,,
hot_tail,48,3,0.15,weighted,5.694697,5.287879,8.000000,0.031708,,
hot_tail,48,3,0.30,beam,5.469697,5.242424,6.000000,26.989750,,
hot_tail,48,3,0.30,greedy,5.469697,5.242424,6.000000,1.203084,,
hot_tail,48,3,0.30,balanced,6.000000,6.000000,6.000000,0.019125,,
hot_tail,48,3,0.30,weighted,6.101515,5.287879,8.000000,0.032375,,
hot_tail,48,4,0.00,beam,4.909091,4.909091,8.000000,41.778292,,
hot_tail,48,4,0.00,greedy,5.242424,5.242424,6.000000,1.190666,,
hot_tail,48,4,0.00,balanced,6.000000,6.000000,6.000000,0.021125,,
hot_tail,48,4,0.00,weighted,5.166667,5.166667,8.000000,0.034708,,
hot_tail,48,4,0.15,beam,5.222727,4.909091,7.000000,41.967000,,
hot_tail,48,4,0.15,greedy,5.356061,5.242424,6.000000,1.181792,,
hot_tail,48,4,0.15,balanced,6.000000,6.000000,6.000000,0.021000,,
hot_tail,48,4,0.15,weighted,5.591667,5.166667,8.000000,0.035209,,
hot_tail,48,4,0.30,beam,5.406061,5.151515,6.000000,41.651791,,
hot_tail,48,4,0.30,greedy,5.469697,5.242424,6.000000,1.190417,,
hot_tail,48,4,0.30,balanced,6.000000,6.000000,6.000000,0.021500,,
hot_tail,48,4,0.30,weighted,6.016667,5.166667,8.000000,0.034959,,
hot_tail,48,6,0.00,beam,4.878788,4.878788,8.000000,77.128250,,
hot_tail,48,6,0.00,greedy,5.242424,5.242424,6.000000,1.192584,,
hot_tail,48,6,0.00,balanced,6.000000,6.000000,6.000000,0.024542,,
hot_tail,48,6,0.00,weighted,5.166667,5.166667,8.000000,0.042583,,
hot_tail,48,6,0.15,beam,5.222727,4.909091,7.000000,76.509333,,
hot_tail,48,6,0.15,greedy,5.356061,5.242424,6.000000,1.200292,,
hot_tail,48,6,0.15,balanced,6.000000,6.000000,6.000000,0.025208,,
hot_tail,48,6,0.15,weighted,5.591667,5.166667,8.000000,0.043667,,
hot_tail,48,6,0.30,beam,5.406061,5.151515,6.000000,78.980708,,
hot_tail,48,6,0.30,greedy,5.469697,5.242424,6.000000,1.187584,,
hot_tail,48,6,0.30,balanced,6.000000,6.000000,6.000000,0.024459,,
hot_tail,48,6,0.30,weighted,6.016667,5.166667,8.000000,0.043667,,
hot_tail,64,3,0.00,beam,5.363636,5.363636,8.000000,42.180334,,
hot_tail,64,3,0.00,greedy,5.454545,5.454545,7.000000,3.183167,,
hot_tail,64,3,0.00,balanced,6.000000,6.000000,6.000000,0.022375,,
hot_tail,64,3,0.00,weighted,6.000000,6.000000,8.000000,0.038375,,
hot_tail,64,3,0.15,beam,5.686364,5.454545,7.000000,41.413042,,
hot_tail,64,3,0.15,greedy,5.686364,5.454545,7.000000,3.163084,,
hot_tail,64,3,0.15,balanced,6.000000,6.000000,6.000000,0.021875,,
hot_tail,64,3,0.15,weighted,6.300000,6.000000,8.000000,0.039083,,
hot_tail,64,3,0.30,beam,5.918182,5.454545,7.000000,41.116667,,
hot_tail,64,3,0.30,greedy,5.918182,5.454545,7.000000,3.193333,,
hot_tail,64,3,0.30,balanced,6.000000,6.000000,6.000000,0.021959,,
hot_tail,64,3,0.30,weighted,6.600000,6.000000,8.000000,0.038667,,
hot_tail,64,4,0.00,beam,5.363636,5.363636,8.000000,65.398708,,
hot_tail,64,4,0.00,greedy,5.454545,5.454545,7.000000,3.211250,,
hot_tail,64,4,0.00,balanced,6.000000,6.000000,6.000000,0.024416,,
hot_tail,64,4,0.00,weighted,5.863636,5.863636,8.000000,0.041750,,
hot_tail,64,4,0.15,beam,5.686364,5.454545,7.000000,64.104208,,
hot_tail,64,4,0.15,greedy,5.686364,5.454545,7.000000,3.210208,,
hot_tail,64,4,0.15,balanced,6.000000,6.000000,6.000000,0.024542,,
hot_tail,64,4,0.15,weighted,6.184091,5.863636,8.000000,0.042291,,
hot_tail,64,4,0.30,beam,5.918182,5.454545,7.000000,64.489292,,
hot_tail,64,4,0.30,greedy,5.918182,5.454545,7.000000,3.184208,,
hot_tail,64,4,0.30,balanced,6.000000,6.000000,6.000000,0.023875,,
hot_tail,64,4,0.30,weighted,6.504545,5.863636,8.000000,0.042333,,
hot_tail,64,6,0.00,beam,5.363636,5.363636,8.000000,118.730875,,
hot_tail,64,6,0.00,greedy,5.454545,5.454545,7.000000,3.183083,,
hot_tail,64,6,0.00,balanced,6.000000,6.000000,6.000000,0.027875,,
hot_tail,64,6,0.00,weighted,5.863636,5.863636,8.000000,0.051000,,
hot_tail,64,6,0.15,beam,5.686364,5.454545,7.000000,120.649167,,
hot_tail,64,6,0.15,greedy,5.686364,5.454545,7.000000,3.227792,,
hot_tail,64,6,0.15,balanced,6.000000,6.000000,6.000000,0.027792,,
hot_tail,64,6,0.15,weighted,6.184091,5.863636,8.000000,0.051583,,
hot_tail,64,6,0.30,beam,5.918182,5.454545,7.000000,119.077458,,
hot_tail,64,6,0.30,greedy,5.918182,5.454545,7.000000,3.172083,,
hot_tail,64,6,0.30,balanced,6.000000,6.000000,6.000000,0.027917,,
hot_tail,64,6,0.30,weighted,6.504545,5.863636,8.000000,0.050917,,
