horizon,n,workload,implementation,operations,ns_per_operation,baseline_ns_per_operation,ratio_to_direct,checksum,baseline_checksum
5000,16,stable_points,frozen_fenwick_checked,5000,1.9334,1.3332,1.4501950195,42468,42468
5000,16,stable_points,frozen_fenwick_unchecked,5000,1.45,1.3084,1.11449098135,42468,42468
5000,16,stable_points,static_fenwick_checked,5000,1.2584,1.3082,0.949735849057,42468,42468
5000,16,stable_points,static_fenwick_unchecked,5000,1.3166,1.2916,1.01960784314,42468,42468
5000,16,stable_points,fast_checked,5000,7.5,1.325,5.67290566038,42468,42468
5000,16,stable_points,fast_unchecked,5000,8.35,1.325,6.32075471698,42468,42468
5000,16,stable_points,fast_detached_data_plane,5000,3.9834,1.2916,3.08408175906,42468,42468
5000,16,stable_ranges,frozen_fenwick_checked,5000,2.65,1.4584,1.82179310345,667500,667500
5000,16,stable_ranges,frozen_fenwick_unchecked,5000,2.2916,1.45,1.57462068966,667500,667500
5000,16,stable_ranges,static_fenwick_checked,5000,1.5916,1.4584,1.09161980524,667500,667500
5000,16,stable_ranges,static_fenwick_unchecked,5000,1.4584,1.4584,1.00579310345,667500,667500
5000,16,stable_ranges,fast_checked,5000,9.0584,1.4584,6.24137931034,667500,667500
5000,16,stable_ranges,fast_unchecked,5000,8.2834,1.4584,5.69679100384,667500,667500
5000,16,stable_ranges,fast_detached_data_plane,5000,4.925,1.4666,3.37136588042,667500,667500
5000,16,stable_updates,frozen_fenwick_checked,5000,6.2584,6.6834,0.93740237895,0,0
5000,16,stable_updates,frozen_fenwick_unchecked,5000,6.4418,6.6582,0.967498723379,0,0
5000,16,stable_updates,static_fenwick_checked,5000,6.575,7.8416,0.974948936681,0,0
5000,16,stable_updates,static_fenwick_unchecked,5000,6.6584,7.8,1,0,0
5000,16,stable_updates,fast_checked,5000,11.2916,6.7,1.68656716418,0,0
5000,16,stable_updates,fast_unchecked,5000,10.9668,6.7082,1.57627576276,0,0
5000,16,stable_updates,fast_detached_data_plane,5000,6.9916,6.725,1.03839405204,0,0
5000,16,range_to_update,frozen_fenwick_checked,5000,4.5584,4.0834,1.09609815951,333750,333750
5000,16,range_to_update,frozen_fenwick_unchecked,5000,4.8,4.0916,1.17243248571,333750,333750
5000,16,range_to_update,static_fenwick_checked,5000,4.1,4.4584,0.962360992301,333750,333750
5000,16,range_to_update,static_fenwick_unchecked,5000,4.1,4.075,1.00609816072,333750,333750
5000,16,range_to_update,fast_checked,5000,10.6334,4.0666,2.61889539173,333750,333750
5000,16,range_to_update,fast_unchecked,5000,9.7584,4.0584,2.37985412971,333750,333750
5000,16,range_to_update,fast_detached_data_plane,5000,6.1166,4.05,1.51130684349,333750,333750
5000,16,update_to_range,frozen_fenwick_checked,5000,4.475,4.0666,1.10063079046,615000,615000
5000,16,update_to_range,frozen_fenwick_unchecked,5000,4.4,4.0584,1.08641975309,615000,615000
5000,16,update_to_range,static_fenwick_checked,5000,4.05,4.0582,0.993888916268,615000,615000
5000,16,update_to_range,static_fenwick_unchecked,5000,4.0666,4.0584,1,615000,615000
5000,16,update_to_range,fast_checked,5000,10.15,4.05,2.5,615000,615000
5000,16,update_to_range,fast_unchecked,5000,9.2834,4.0666,2.27362962963,615000,615000
5000,16,update_to_range,fast_detached_data_plane,5000,6.1334,4.0418,1.51548891528,615000,615000
5000,16,alternating,frozen_fenwick_checked,5000,3.6166,3.35,1.11371428571,154406,154406
5000,16,alternating,frozen_fenwick_unchecked,5000,3.2584,3.325,0.979969924812,154406,154406
5000,16,alternating,static_fenwick_checked,5000,3.2666,3.4666,0.924,154406,154406
5000,16,alternating,static_fenwick_unchecked,5000,3.425,3.2916,1.04052740309,154406,154406
5000,16,alternating,fast_checked,5000,10.175,3.2084,3.17156037654,154406,154406
5000,16,alternating,fast_unchecked,5000,9.4,3.2584,2.9,154406,154406
5000,16,alternating,fast_detached_data_plane,5000,6.5166,3.275,1.98216793893,154406,154406
5000,16,short_phases,frozen_fenwick_checked,5000,4.4916,4.2084,1.06462824668,-35156,-35156
5000,16,short_phases,frozen_fenwick_unchecked,5000,4.3334,4.1834,1.0335815586,-35156,-35156
5000,16,short_phases,static_fenwick_checked,5000,4.05,4.1418,0.97788294379,-35156,-35156
5000,16,short_phases,static_fenwick_unchecked,5000,4.175,4.2418,1.00602409639,-35156,-35156
5000,16,short_phases,fast_checked,5000,10.625,4.325,2.4450867052,-35156,-35156
5000,16,short_phases,fast_unchecked,5000,9.825,4.2416,2.31242927197,-35156,-35156
5000,16,short_phases,fast_detached_data_plane,5000,6.275,4.2168,1.49402390438,-35156,-35156
5000,16,read_mostly,frozen_fenwick_checked,5000,3.075,1.525,1.97810892786,253809,253809
5000,16,read_mostly,frozen_fenwick_unchecked,5000,2.6418,1.6,1.62645275392,253809,253809
5000,16,read_mostly,static_fenwick_checked,5000,1.6,1.6666,0.974658869396,253809,253809
5000,16,read_mostly,static_fenwick_unchecked,5000,1.5916,1.575,0.989403804417,253809,253809
5000,16,read_mostly,fast_checked,5000,10.625,1.5916,6.72279467203,253809,253809
5000,16,read_mostly,fast_unchecked,5000,8.6832,1.6082,5.54270394485,253809,253809
5000,16,read_mostly,fast_detached_data_plane,5000,5.3834,1.575,3.4339047619,253809,253809
5000,64,stable_points,frozen_fenwick_checked,5000,1.9334,1.3084,1.47768266585,162468,162468
5000,64,stable_points,frozen_fenwick_unchecked,5000,1.4582,1.3168,1.10753341434,162468,162468
5000,64,stable_points,static_fenwick_checked,5000,1.2584,1.3166,0.961785386732,162468,162468
5000,64,stable_points,static_fenwick_unchecked,5000,1.3084,1.325,0.986894047055,162468,162468
5000,64,stable_points,fast_checked,5000,7.7668,1.3166,5.96220188991,162468,162468
5000,64,stable_points,fast_unchecked,5000,8.325,1.2834,6.44102321175,162468,162468
5000,64,stable_points,fast_detached_data_plane,5000,4.025,1.2916,3.10447058824,162468,162468
5000,64,stable_ranges,frozen_fenwick_checked,5000,3.925,2.1666,1.81847664937,10187552,10187552
5000,64,stable_ranges,frozen_fenwick_unchecked,5000,2.9,2.25,1.29153382926,10187552,10187552
5000,64,stable_ranges,static_fenwick_checked,5000,2.3416,2.6,0.900615384615,10187552,10187552
5000,64,stable_ranges,static_fenwick_unchecked,5000,2.1666,2.3416,0.928516328105,10187552,10187552
5000,64,stable_ranges,fast_checked,5000,10.1832,1.6916,6.01986285174,10187552,10187552
5000,64,stable_ranges,fast_unchecked,5000,8.5666,1.6918,5.03385507246,10187552,10187552
5000,64,stable_ranges,fast_detached_data_plane,5000,6.3666,2.3668,2.68421052632,10187552,10187552
5000,64,stable_updates,frozen_fenwick_checked,5000,6.2416,6.5334,0.956567049808,0,0
5000,64,stable_updates,frozen_fenwick_unchecked,5000,6.3,6.5332,0.965517241379,0,0
5000,64,stable_updates,static_fenwick_checked,5000,6.375,6.5332,0.976981861707,0,0
5000,64,stable_updates,static_fenwick_unchecked,5000,6.6834,6.5334,1.01533704769,0,0
5000,64,stable_updates,fast_checked,5000,14.025,6.5416,1.89644906853,0,0
5000,64,stable_updates,fast_unchecked,5000,11.8166,6.5334,1.81097318008,0,0
5000,64,stable_updates,fast_detached_data_plane,5000,7.8416,6.5332,1.20052005499,0,0
5000,64,range_to_update,frozen_fenwick_checked,5000,5.125,4.4416,1.15386347262,5093772,5093772
5000,64,range_to_update,frozen_fenwick_unchecked,5000,4.6834,4.475,1.04249844734,5093772,5093772
5000,64,range_to_update,static_fenwick_checked,5000,4.4168,4.6584,0.948136699296,5093772,5093772
5000,64,range_to_update,static_fenwick_unchecked,5000,4.35,4.4334,0.981268011527,5093772,5093772
5000,64,range_to_update,fast_checked,5000,11.525,4.4834,2.57278466843,5093772,5093772
5000,64,range_to_update,fast_unchecked,5000,10.3168,4.3834,2.35107933327,5093772,5093772
5000,64,range_to_update,fast_detached_data_plane,5000,8.1168,5.2,1.5633884202,5093772,5093772
5000,64,update_to_range,frozen_fenwick_checked,5000,5.8834,5.0416,1.16692451109,-930062,-930062
5000,64,update_to_range,frozen_fenwick_unchecked,5000,5.2834,5.1416,1.02757896375,-930062,-930062
5000,64,update_to_range,static_fenwick_checked,5000,5.1,5.15,0.990212199515,-930062,-930062
5000,64,update_to_range,static_fenwick_unchecked,5000,5.0334,5.0582,0.99504950495,-930062,-930062
5000,64,update_to_range,fast_checked,5000,12.875,5.1416,2.50167536819,-930062,-930062
5000,64,update_to_range,fast_unchecked,5000,11.6834,5.0418,2.31730731088,-930062,-930062
5000,64,update_to_range,fast_detached_data_plane,5000,8.275,5.1916,1.59230295092,-930062,-930062
5000,64,alternating,frozen_fenwick_checked,5000,5.2168,3.6582,1.41693017469,2525953,2525953
5000,64,alternating,frozen_fenwick_unchecked,5000,4.75,3.65,1.30176382351,2525953,2525953
5000,64,alternating,static_fenwick_checked,5000,3.6834,3.6418,1.00688863375,2525953,2525953
5000,64,alternating,static_fenwick_unchecked,5000,3.6668,3.6416,1.00005504789,2525953,2525953
5000,64,alternating,fast_checked,5000,12.8916,3.6416,3.54009226714,2525953,2525953
5000,64,alternating,fast_unchecked,5000,11.4332,3.6418,3.13487835686,2525953,2525953
5000,64,alternating,fast_detached_data_plane,5000,7.9082,3.6416,2.16937609842,2525953,2525953
5000,64,short_phases,frozen_fenwick_checked,5000,5.7666,4.9916,1.15193525122,119891,119891
5000,64,short_phases,frozen_fenwick_unchecked,5000,5.3584,4.9416,1.08430126674,119891,119891
5000,64,short_phases,static_fenwick_checked,5000,5.0668,4.9918,1.01258598534,119891,119891
5000,64,short_phases,static_fenwick_unchecked,5000,4.9916,4.9334,1.0033997086,119891,119891
5000,64,short_phases,fast_checked,5000,13.1582,5.025,2.61528358209,119891,119891
5000,64,short_phases,fast_unchecked,5000,11.7834,4.9084,2.39457142857,119891,119891
5000,64,short_phases,fast_detached_data_plane,5000,8.4166,4.9918,1.68506532663,119891,119891
5000,64,read_mostly,frozen_fenwick_checked,5000,4.5082,2.425,1.85509764978,3744792,3744792
5000,64,read_mostly,frozen_fenwick_unchecked,5000,3.775,2.55,1.47893049801,3744792,3744792
5000,64,read_mostly,static_fenwick_checked,5000,2.6582,2.45,1.07402020202,3744792,3744792
5000,64,read_mostly,static_fenwick_unchecked,5000,2.6,2.5,1.04,3744792,3744792
5000,64,read_mostly,fast_checked,5000,12.2666,2.5334,4.84858293203,3744792,3744792
5000,64,read_mostly,fast_unchecked,5000,11.0084,2.5582,4.30318192479,3744792,3744792
5000,64,read_mostly,fast_detached_data_plane,5000,7.225,2.5334,2.85189863425,3744792,3744792
5000,256,stable_points,frozen_fenwick_checked,5000,2.25,1.5084,1.51403389831,642980,642980
5000,256,stable_points,frozen_fenwick_unchecked,5000,1.6918,1.5334,1.10331333159,642980,642980
5000,256,stable_points,static_fenwick_checked,5000,1.3,1.1834,1.00650356147,642980,642980
5000,256,stable_points,static_fenwick_unchecked,5000,1.5,1.5332,1.01612903226,642980,642980
5000,256,stable_points,fast_checked,5000,8.7834,1.525,5.80878688525,642980,642980
5000,256,stable_points,fast_unchecked,5000,9.5834,1.5334,6.3190030331,642980,642980
5000,256,stable_points,fast_detached_data_plane,5000,4.6416,1.5334,3.02727868852,642980,642980
5000,256,stable_ranges,frozen_fenwick_checked,5000,5.65,4,1.40666235124,161069432,161069432
5000,256,stable_ranges,frozen_fenwick_unchecked,5000,4.9332,4.3416,1.13621078815,161069432,161069432
5000,256,stable_ranges,static_fenwick_checked,5000,4.0416,4.125,0.979781818182,161069432,161069432
5000,256,stable_ranges,static_fenwick_unchecked,5000,4.0332,3.95,0.993657398011,161069432,161069432
5000,256,stable_ranges,fast_checked,5000,11.2832,4.075,2.76279754601,161069432,161069432
5000,256,stable_ranges,fast_unchecked,5000,10.3834,3.85,2.66463803681,161069432,161069432
5000,256,stable_ranges,fast_detached_data_plane,5000,7.875,4.125,1.90530339688,161069432,161069432
5000,256,stable_updates,frozen_fenwick_checked,5000,7.3832,7.7332,0.952312852648,0,0
5000,256,stable_updates,frozen_fenwick_unchecked,5000,7.325,7.7334,0.949252261359,0,0
5000,256,stable_updates,static_fenwick_checked,5000,7.3916,7.825,0.960971424114,0,0
5000,256,stable_updates,static_fenwick_unchecked,5000,7.75,7.8,0.991454303551,0,0
5000,256,stable_updates,fast_checked,5000,14.875,7.775,1.91727675809,0,0
5000,256,stable_updates,fast_unchecked,5000,14.2084,7.8,1.81943589744,0,0
5000,256,stable_updates,fast_detached_data_plane,5000,10.0334,7.925,1.29246451613,0,0
5000,256,range_to_update,frozen_fenwick_checked,5000,6.5082,5.9416,1.09536151878,80536116,80536116
5000,256,range_to_update,frozen_fenwick_unchecked,5000,6.1918,6.1334,1.01365332984,80536116,80536116
5000,256,range_to_update,static_fenwick_checked,5000,5.8084,6.0084,0.965410788382,80536116,80536116
5000,256,range_to_update,static_fenwick_unchecked,5000,5.9332,5.9334,0.99859221023,80536116,80536116
5000,256,range_to_update,fast_checked,5000,14.4416,5.85,2.47478991597,80536116,80536116
5000,256,range_to_update,fast_unchecked,5000,12.4416,5.8666,2.12536752137,80536116,80536116
5000,256,range_to_update,fast_detached_data_plane,5000,8.9584,5.8918,1.51771914894,80536116,80536116
5000,256,update_to_range,frozen_fenwick_checked,5000,6.4166,5.7834,1.12048906228,-105776,-105776
5000,256,update_to_range,frozen_fenwick_unchecked,5000,6.075,5.7918,1.05206307308,-105776,-105776
5000,256,update_to_range,static_fenwick_checked,5000,5.6916,5.7916,0.9827336142,-105776,-105776
5000,256,update_to_range,static_fenwick_unchecked,5000,5.8,5.75,0.994209167655,-105776,-105776
5000,256,update_to_range,fast_checked,5000,13.8084,5.9166,2.3338403813,-105776,-105776
5000,256,update_to_range,fast_unchecked,5000,12.2082,5.925,2.06057533043,-105776,-105776
5000,256,update_to_range,fast_detached_data_plane,5000,8.975,6.05,1.4820167733,-105776,-105776
5000,256,alternating,frozen_fenwick_checked,5000,6.1084,4.1418,1.46900101005,41135929,41135929
5000,256,alternating,frozen_fenwick_unchecked,5000,5.4668,3.9584,1.3770783546,41135929,41135929
5000,256,alternating,static_fenwick_checked,5000,4.4,4.0416,1.08193173994,41135929,41135929
5000,256,alternating,static_fenwick_unchecked,5000,3.95,3.9832,0.99576484824,41135929,41135929
5000,256,alternating,fast_checked,5000,12.875,3.9834,3.23955024454,41135929,41135929
5000,256,alternating,fast_unchecked,5000,11.4584,3.8834,2.94628418396,41135929,41135929
5000,256,alternating,fast_detached_data_plane,5000,8.6,3.95,2.17508860759,41135929,41135929
5000,256,short_phases,frozen_fenwick_checked,5000,6.3416,5.4332,1.1676635652,41790190,41790190
5000,256,short_phases,frozen_fenwick_unchecked,5000,6.1334,5.525,1.11011764706,41790190,41790190
5000,256,short_phases,static_fenwick_checked,5000,5.5,5.55,0.991189427313,41790190,41790190
5000,256,short_phases,static_fenwick_unchecked,5000,5.4832,5.5168,0.99243438914,41790190,41790190
5000,256,short_phases,fast_checked,5000,13.4666,5.5,2.45438961228,41790190,41790190
5000,256,short_phases,fast_unchecked,5000,12.1584,5.525,2.20936669216,41790190,41790190
5000,256,short_phases,fast_detached_data_plane,5000,8.9084,5.5084,1.6172391257,41790190,41790190
5000,256,read_mostly,frozen_fenwick_checked,5000,5.25,3.3918,1.54182183602,64341173,64341173
5000,256,read_mostly,frozen_fenwick_unchecked,5000,4.6,3.3834,1.36225583611,64341173,64341173
5000,256,read_mostly,static_fenwick_checked,5000,3.525,3.3916,1.04164705882,64341173,64341173
5000,256,read_mostly,static_fenwick_unchecked,5000,3.5,3.425,1.03454814815,64341173,64341173
5000,256,read_mostly,fast_checked,5000,12.675,3.4166,3.71176922622,64341173,64341173
5000,256,read_mostly,fast_unchecked,5000,11.05,3.4166,3.21838410905,64341173,64341173
5000,256,read_mostly,fast_detached_data_plane,5000,7.7916,3.5,2.21908571429,64341173,64341173
5000,4096,stable_points,frozen_fenwick_checked,5000,2.2416,1.5416,1.44875454074,10144676,10144676
5000,4096,stable_points,frozen_fenwick_unchecked,5000,1.7584,1.5666,1.10647261586,10144676,10144676
5000,4096,stable_points,static_fenwick_checked,5000,1.5,1.5416,0.978463933576,10144676,10144676
5000,4096,stable_points,static_fenwick_unchecked,5000,1.575,1.525,1.04918032787,10144676,10144676
5000,4096,stable_points,fast_checked,5000,9.4,1.55,6.18825806452,10144676,10144676
5000,4096,stable_points,fast_unchecked,5000,9.8916,1.5666,6.55767700875,10144676,10144676
5000,4096,stable_points,fast_detached_data_plane,5000,4.7334,1.525,3.13831056889,10144676,10144676
5000,4096,stable_ranges,frozen_fenwick_checked,5000,7.3832,5.5082,1.33938181818,41083695800,41083695800
5000,4096,stable_ranges,frozen_fenwick_unchecked,5000,6.45,5.4666,1.17984927197,41083695800,41083695800
5000,4096,stable_ranges,static_fenwick_checked,5000,5.5666,5.4582,1.01535006994,41083695800,41083695800
5000,4096,stable_ranges,static_fenwick_unchecked,5000,5.525,5.4584,1.01528905877,41083695800,41083695800
5000,4096,stable_ranges,fast_checked,5000,16.2666,5.6166,2.72736473055,41083695800,41083695800
5000,4096,stable_ranges,fast_unchecked,5000,13.575,5.4832,2.43451586127,41083695800,41083695800
5000,4096,stable_ranges,fast_detached_data_plane,5000,9.9416,5.5832,1.78062759708,41083695800,41083695800
5000,4096,stable_updates,frozen_fenwick_checked,5000,10.55,8.3666,1.26096622284,0,0
5000,4096,stable_updates,frozen_fenwick_unchecked,5000,10.4,8.55,1.21700894173,0,0
5000,4096,stable_updates,static_fenwick_checked,5000,12.375,8.9332,1.11234726844,0,0
5000,4096,stable_updates,static_fenwick_unchecked,5000,8.4166,8.225,1.02786025337,0,0
5000,4096,stable_updates,fast_checked,5000,19.6668,8.35,2.3462994012,0,0
5000,4096,stable_updates,fast_unchecked,5000,18.8834,8.4,2.1636097561,0,0
5000,4096,stable_updates,fast_detached_data_plane,5000,13.825,8.5084,1.62486483945,0,0
5000,4096,range_to_update,frozen_fenwick_checked,5000,9.5334,6.8418,1.31769906254,20542014164,20542014164
5000,4096,range_to_update,frozen_fenwick_unchecked,5000,8.3666,6.85,1.18363150319,20542014164,20542014164
5000,4096,range_to_update,static_fenwick_checked,5000,7.3584,6.8584,1.0589759784,20542014164,20542014164
5000,4096,range_to_update,static_fenwick_unchecked,5000,7.5084,6.9832,1.08234047428,20542014164,20542014164
5000,4096,range_to_update,fast_checked,5000,16.4334,7.2584,2.29473684211,20542014164,20542014164
5000,4096,range_to_update,fast_unchecked,5000,16.375,7.6666,2.15273759334,20542014164,20542014164
5000,4096,range_to_update,fast_detached_data_plane,5000,11.475,7.1834,1.64151198658,20542014164,20542014164
5000,4096,update_to_range,frozen_fenwick_checked,5000,9.3584,6.8334,1.29816243595,8325066272,8325066272
5000,4096,update_to_range,frozen_fenwick_unchecked,5000,8.9834,6.9082,1.26234741229,8325066272,8325066272
5000,4096,update_to_range,static_fenwick_checked,5000,7.8582,6.9916,1.08244363636,8325066272,8325066272
5000,4096,update_to_range,static_fenwick_unchecked,5000,7.5666,6.9916,1.07702527076,8325066272,8325066272
5000,4096,update_to_range,fast_checked,5000,16.6334,6.8834,2.44057979624,8325066272,8325066272
5000,4096,update_to_range,fast_unchecked,5000,16.1334,7.1,2.30841250552,8325066272,8325066272
5000,4096,update_to_range,fast_detached_data_plane,5000,11.5416,6.8668,1.6736202799,8325066272,8325066272
5000,4096,alternating,frozen_fenwick_checked,5000,9.725,5.9166,1.49641897941,14573790443,14573790443
5000,4096,alternating,frozen_fenwick_unchecked,5000,15.2918,6.1418,1.68555597104,14573790443,14573790443
5000,4096,alternating,static_fenwick_checked,5000,7.6,6.2584,1.10094296379,14573790443,14573790443
5000,4096,alternating,static_fenwick_unchecked,5000,7.6334,6.4,1.1639,14573790443,14573790443
5000,4096,alternating,fast_checked,5000,16.0668,6.0416,2.64684634621,14573790443,14573790443
5000,4096,alternating,fast_unchecked,5000,15.6416,6.175,2.51006896552,14573790443,14573790443
5000,4096,alternating,fast_detached_data_plane,5000,11.4084,6.2084,1.82196443457,14573790443,14573790443
5000,4096,short_phases,frozen_fenwick_checked,5000,8.625,6.7084,1.28230299015,14711058262,14711058262
5000,4096,short_phases,frozen_fenwick_unchecked,5000,8.2916,6.6334,1.23435051166,14711058262,14711058262
5000,4096,short_phases,static_fenwick_checked,5000,9.1834,7.05,1.08721290208,14711058262,14711058262
5000,4096,short_phases,static_fenwick_unchecked,5000,7.1584,6.95,1.02998561151,14711058262,14711058262
5000,4096,short_phases,fast_checked,5000,19.6584,8,2.43695145535,14711058262,14711058262
5000,4096,short_phases,fast_unchecked,5000,19.1,9.2334,2.06857712219,14711058262,14711058262
5000,4096,short_phases,fast_detached_data_plane,5000,13.4666,7.9166,1.69511040606,14711058262,14711058262
5000,4096,read_mostly,frozen_fenwick_checked,5000,12,6.075,1.70819594112,27038439500,27038439500
5000,4096,read_mostly,frozen_fenwick_unchecked,5000,12.225,6.1416,1.67190536256,27038439500,27038439500
5000,4096,read_mostly,static_fenwick_checked,5000,14.5084,10.3168,1.38021969683,27038439500,27038439500
5000,4096,read_mostly,static_fenwick_unchecked,5000,9.1916,6.1084,1.19884497009,27038439500,27038439500
5000,4096,read_mostly,fast_checked,5000,19.3916,6.8082,2.98237398374,27038439500,27038439500
5000,4096,read_mostly,fast_unchecked,5000,17.0916,6.5082,2.62616391629,27038439500,27038439500
5000,4096,read_mostly,fast_detached_data_plane,5000,14.1834,9.4,1.50149246546,27038439500,27038439500
50000,16,stable_points,frozen_fenwick_checked,50000,2.74082,1.96666,1.41540436993,425000,425000
50000,16,stable_points,frozen_fenwick_unchecked,50000,2.03168,1.905,1.04855643045,425000,425000
50000,16,stable_points,static_fenwick_checked,50000,2.64668,2.5725,1.04814035088,425000,425000
50000,16,stable_points,static_fenwick_unchecked,50000,1.935,1.89166,1.009083078,425000,425000
50000,16,stable_points,fast_checked,50000,10.86918,1.8625,5.84364516129,425000,425000
50000,16,stable_points,fast_unchecked,50000,11.62666,1.82834,6.46926375983,425000,425000
50000,16,stable_points,fast_detached_data_plane,50000,8.44,1.85916,3.94725248097,425000,425000
50000,16,stable_ranges,frozen_fenwick_checked,50000,5.17,2.80584,1.9420779517,6675000,6675000
50000,16,stable_ranges,frozen_fenwick_unchecked,50000,3.87418,2.25666,1.63779441071,6675000,6675000
50000,16,stable_ranges,static_fenwick_checked,50000,2.68084,2.88668,0.995937549188,6675000,6675000
50000,16,stable_ranges,static_fenwick_unchecked,50000,2.84666,2.62832,1.03538042835,6675000,6675000
50000,16,stable_ranges,fast_checked,50000,16.05,2.6825,4.93134762349,6675000,6675000
50000,16,stable_ranges,fast_unchecked,50000,14.7325,2.54084,5.53423750596,6675000,6675000
50000,16,stable_ranges,fast_detached_data_plane,50000,5.66584,2.87918,2.04398474566,6675000,6675000
50000,16,stable_updates,frozen_fenwick_checked,50000,9.09916,8.05334,1.08770282321,0,0
50000,16,stable_updates,frozen_fenwick_unchecked,50000,8.67584,7.96334,1.08947250777,0,0
50000,16,stable_updates,static_fenwick_checked,50000,8.08418,7.95166,1.02742346939,0,0
50000,16,stable_updates,static_fenwick_unchecked,50000,8.23834,8.03084,1.05270999663,0,0
50000,16,stable_updates,fast_checked,50000,18.33582,11.7775,1.62264716162,0,0
50000,16,stable_updates,fast_unchecked,50000,15.26834,8.88334,1.87649029155,0,0
50000,16,stable_updates,fast_detached_data_plane,50000,10.48,9.66166,1.13716725845,0,0
50000,16,range_to_update,frozen_fenwick_checked,50000,6.50334,5.5975,1.10108798571,3337500,3337500
50000,16,range_to_update,frozen_fenwick_unchecked,50000,6.12666,6.86084,1.20110805279,3337500,3337500
50000,16,range_to_update,static_fenwick_checked,50000,5.9225,5.73584,0.996273825503,3337500,3337500
50000,16,range_to_update,static_fenwick_unchecked,50000,10.37084,22.33,0.505190953566,3337500,3337500
50000,16,range_to_update,fast_checked,50000,14.93332,7.66582,2.42867114617,3337500,3337500
50000,16,range_to_update,fast_unchecked,50000,13.13,5.675,2.25189408568,3337500,3337500
50000,16,range_to_update,fast_detached_data_plane,50000,8.53416,5.69166,1.51959633973,3337500,3337500
50000,16,update_to_range,frozen_fenwick_checked,50000,6.25418,5.63918,1.09782627971,-2037500,-2037500
50000,16,update_to_range,frozen_fenwick_unchecked,50000,6.585,5.765,1.08168817204,-2037500,-2037500
50000,16,update_to_range,static_fenwick_checked,50000,5.70916,6.425,0.888585214008,-2037500,-2037500
50000,16,update_to_range,static_fenwick_unchecked,50000,6.4225,5.63166,1.14909932798,-2037500,-2037500
50000,16,update_to_range,fast_checked,50000,19.43334,7.6175,2.49627321645,-2037500,-2037500
50000,16,update_to_range,fast_unchecked,50000,13.755,5.63666,2.19869922969,-2037500,-2037500
50000,16,update_to_range,fast_detached_data_plane,50000,7.91416,6.3575,1.32704050334,-2037500,-2037500
50000,16,alternating,frozen_fenwick_checked,50000,5.73,4.6225,1.17106266131,1586969,1586969
50000,16,alternating,frozen_fenwick_unchecked,50000,5.115,4.6975,1.01054124363,1586969,1586969
50000,16,alternating,static_fenwick_checked,50000,4.90584,4.785,1.04844631974,1586969,1586969
50000,16,alternating,static_fenwick_unchecked,50000,4.52832,4.96834,0.993597366978,1586969,1586969
50000,16,alternating,fast_checked,50000,15.55916,4.56668,3.26424976009,1586969,1586969
50000,16,alternating,fast_unchecked,50000,13.23916,5.17584,2.57532626873,1586969,1586969
50000,16,alternating,fast_detached_data_plane,50000,9.37666,5.73582,1.55394977311,1586969,1586969
50000,16,short_phases,frozen_fenwick_checked,50000,6.3725,5.715,1.09858007898,-24448,-24448
50000,16,short_phases,frozen_fenwick_unchecked,50000,6.28334,6.64584,1.03836517596,-24448,-24448
50000,16,short_phases,static_fenwick_checked,50000,7.32334,6.26834,0.967993079585,-24448,-24448
50000,16,short_phases,static_fenwick_unchecked,50000,6.60834,5.73584,1.01344902386,-24448,-24448
50000,16,short_phases,fast_checked,50000,17.755,6.0025,2.89605770832,-24448,-24448
50000,16,short_phases,fast_unchecked,50000,14.19084,6.64082,2.45740360142,-24448,-24448
50000,16,short_phases,fast_detached_data_plane,50000,8.92918,6.0675,1.46284990866,-24448,-24448
50000,16,read_mostly,frozen_fenwick_checked,50000,5.645,3.07666,1.72547162891,2575004,2575004
50000,16,read_mostly,frozen_fenwick_unchecked,50000,5.75082,3.06084,1.64554137732,2575004,2575004
50000,16,read_mostly,static_fenwick_checked,50000,2.31168,2.44666,0.978782798002,2575004,2575004
50000,16,read_mostly,static_fenwick_unchecked,50000,2.23332,2.47916,0.887397344262,2575004,2575004
50000,16,read_mostly,fast_checked,50000,17.70584,2.25418,7.66520175439,2575004,2575004
50000,16,read_mostly,fast_unchecked,50000,13.75584,2.75918,4.95918134191,2575004,2575004
50000,16,read_mostly,fast_detached_data_plane,50000,8.56,3.18584,2.72325038294,2575004,2575004
50000,64,stable_points,frozen_fenwick_checked,50000,3.52416,2.38668,1.60683459869,1625000,1625000
50000,64,stable_points,frozen_fenwick_unchecked,50000,2.90082,1.95918,1.54562294662,1625000,1625000
50000,64,stable_points,static_fenwick_checked,50000,2.2175,1.96584,1.10186335404,1625000,1625000
50000,64,stable_points,static_fenwick_unchecked,50000,1.6675,1.50668,1.03538906735,1625000,1625000
50000,64,stable_points,fast_checked,50000,14.7175,1.98834,7.95842126789,1625000,1625000
50000,64,stable_points,fast_unchecked,50000,14.38582,2.58918,6.39950278293,1625000,1625000
50000,64,stable_points,fast_detached_data_plane,50000,5.67418,1.865,2.98556116765,1625000,1625000
50000,64,stable_ranges,frozen_fenwick_checked,50000,6.6675,3.74418,1.89538964473,101875000,101875000
50000,64,stable_ranges,frozen_fenwick_unchecked,50000,5.27666,3.8075,1.38585948785,101875000,101875000
50000,64,stable_ranges,static_fenwick_checked,50000,3.25332,3.79334,0.951299730544,101875000,101875000
50000,64,stable_ranges,static_fenwick_unchecked,50000,3.13166,2.94832,1.06218456613,101875000,101875000
50000,64,stable_ranges,fast_checked,50000,12.7425,2.87832,4.30380350877,101875000,101875000
50000,64,stable_ranges,fast_unchecked,50000,13.2725,3.115,4.19183216135,101875000,101875000
50000,64,stable_ranges,fast_detached_data_plane,50000,8.96668,3.39334,2.78855051365,101875000,101875000
50000,64,stable_updates,frozen_fenwick_checked,50000,9.05,9.49084,0.961026139818,0,0
50000,64,stable_updates,frozen_fenwick_unchecked,50000,11.02834,11.615,1.0861054339,0,0
50000,64,stable_updates,static_fenwick_checked,50000,8.985,9.03,1.01020721236,0,0
50000,64,stable_updates,static_fenwick_unchecked,50000,9.31916,9.0825,0.996258349226,0,0
50000,64,stable_updates,fast_checked,50000,18.02,9.40168,1.9465271491,0,0
50000,64,stable_updates,fast_unchecked,50000,16.87666,9.6,1.74519113094,0,0
50000,64,stable_updates,fast_detached_data_plane,50000,10.8925,11.7225,1.10616123512,0,0
50000,64,range_to_update,frozen_fenwick_checked,50000,8.26334,7.30834,1.18066778372,50937552,50937552
50000,64,range_to_update,frozen_fenwick_unchecked,50000,7.01666,6.42582,1.20972469437,50937552,50937552
50000,64,range_to_update,static_fenwick_checked,50000,7.425,7.555,0.982792852416,50937552,50937552
50000,64,range_to_update,static_fenwick_unchecked,50000,7.455,7.5225,0.996881652564,50937552,50937552
50000,64,range_to_update,fast_checked,50000,18.98082,7.34582,2.54690290944,50937552,50937552
50000,64,range_to_update,fast_unchecked,50000,14.1725,6.65832,2.20125275825,50937552,50937552
50000,64,range_to_update,fast_detached_data_plane,50000,9.8175,6.99166,1.4041729718,50937552,50937552
50000,64,update_to_range,frozen_fenwick_checked,50000,8.5775,7.78834,1.17352746417,-17118700,-17118700
50000,64,update_to_range,frozen_fenwick_unchecked,50000,6.97082,5.7325,1.13315656345,-17118700,-17118700
50000,64,update_to_range,static_fenwick_checked,50000,8.37668,6.8825,1.02837266064,-17118700,-17118700
50000,64,update_to_range,static_fenwick_unchecked,50000,7.735,8.92582,0.904319881417,-17118700,-17118700
50000,64,update_to_range,fast_checked,50000,16.78832,6.39084,2.56896293363,-17118700,-17118700
50000,64,update_to_range,fast_unchecked,50000,16.0375,7.32,2.44030492004,-17118700,-17118700
50000,64,update_to_range,fast_detached_data_plane,50000,9.76918,5.95168,1.63528,-17118700,-17118700
50000,64,alternating,frozen_fenwick_checked,50000,6.38584,4.36666,1.43149226182,25168205,25168205
50000,64,alternating,frozen_fenwick_unchecked,50000,5.60918,4.71,1.24732859415,25168205,25168205
50000,64,alternating,static_fenwick_checked,50000,4.8025,5.3375,0.918072271244,25168205,25168205
50000,64,alternating,static_fenwick_unchecked,50000,4.335,4.3525,0.995979322229,25168205,25168205
50000,64,alternating,fast_checked,50000,15.87082,4.67,3.3077480837,25168205,25168205
50000,64,alternating,fast_unchecked,50000,14.6,4.6425,2.89576387841,25168205,25168205
50000,64,alternating,fast_detached_data_plane,50000,10.84584,5.1525,2.11882397296,25168205,25168205
50000,64,short_phases,frozen_fenwick_checked,50000,7.06,5.97332,1.17632839611,135324,135324
50000,64,short_phases,frozen_fenwick_unchecked,50000,6.42666,5.8725,1.09436526181,135324,135324
50000,64,short_phases,static_fenwick_checked,50000,5.98834,5.9775,0.995118360519,135324,135324
50000,64,short_phases,static_fenwick_unchecked,50000,6.36,6.46,0.947460494812,135324,135324
50000,64,short_phases,fast_checked,50000,15.79834,5.8525,2.70944495133,135324,135324
50000,64,short_phases,fast_unchecked,50000,14.62416,5.99332,2.3810343949,135324,135324
50000,64,short_phases,fast_detached_data_plane,50000,9.8125,5.83334,1.66202340287,135324,135324
50000,64,read_mostly,frozen_fenwick_checked,50000,5.27416,3.03916,1.73540057121,36688768,36688768
50000,64,read_mostly,frozen_fenwick_unchecked,50000,4.53084,3.17334,1.43163097199,36688768,36688768
50000,64,read_mostly,static_fenwick_checked,50000,4.33082,3.30832,1.18113487479,36688768,36688768
50000,64,read_mostly,static_fenwick_unchecked,50000,3.23834,3.2975,0.982059135709,36688768,36688768
50000,64,read_mostly,fast_checked,50000,14.78834,3.0175,4.98153850346,36688768,36688768
50000,64,read_mostly,fast_unchecked,50000,12.32,2.93084,4.22715023349,36688768,36688768
50000,64,read_mostly,fast_detached_data_plane,50000,8.64166,2.93416,2.94491097963,36688768,36688768
50000,256,stable_points,frozen_fenwick_checked,50000,2.66916,1.82834,1.46793146604,6425000,6425000
50000,256,stable_points,frozen_fenwick_unchecked,50000,2.19,1.9025,1.15379399142,6425000,6425000
50000,256,stable_points,static_fenwick_checked,50000,1.7775,1.85418,0.947337458602,6425000,6425000
50000,256,stable_points,static_fenwick_unchecked,50000,1.85666,1.84916,1.00755936071,6425000,6425000
50000,256,stable_points,fast_checked,50000,10.03918,1.65,5.63628650761,6425000,6425000
50000,256,stable_points,fast_unchecked,50000,9.55084,1.6275,6.05764083569,6425000,6425000
50000,256,stable_points,fast_detached_data_plane,50000,4.66416,1.60666,2.89264685746,6425000,6425000
50000,256,stable_ranges,frozen_fenwick_checked,50000,5.33084,3.94334,1.35186594038,1610676624,1610676624
50000,256,stable_ranges,frozen_fenwick_unchecked,50000,4.65334,3.69416,1.25258142665,1610676624,1610676624
50000,256,stable_ranges,static_fenwick_checked,50000,3.97666,3.755,1.04946947554,1610676624,1610676624
50000,256,stable_ranges,static_fenwick_unchecked,50000,3.73832,3.87832,0.959981099903,1610676624,1610676624
50000,256,stable_ranges,fast_checked,50000,11.59082,3.98416,2.97438902859,1610676624,1610676624
50000,256,stable_ranges,fast_unchecked,50000,10.15666,3.9825,2.63467185473,1610676624,1610676624
50000,256,stable_ranges,fast_detached_data_plane,50000,7.9675,3.9325,2.02585154438,1610676624,1610676624
50000,256,stable_updates,frozen_fenwick_checked,50000,7.8075,7.95916,0.978542126854,0,0
50000,256,stable_updates,frozen_fenwick_unchecked,50000,7.68582,7.9175,0.969208070618,0,0
50000,256,stable_updates,static_fenwick_checked,50000,7.39084,7.78916,0.946507710716,0,0
50000,256,stable_updates,static_fenwick_unchecked,50000,7.90334,8.58,1.00351955965,0,0
50000,256,stable_updates,fast_checked,50000,15.43668,7.88,1.96719202316,0,0
50000,256,stable_updates,fast_unchecked,50000,14.2,7.97166,1.78380659291,0,0
50000,256,stable_updates,fast_detached_data_plane,50000,10.02332,7.85,1.2722392283,0,0
50000,256,range_to_update,frozen_fenwick_checked,50000,6.46834,5.94666,1.092625,805337880,805337880
50000,256,range_to_update,frozen_fenwick_unchecked,50000,6.31332,5.96,1.04707631658,805337880,805337880
50000,256,range_to_update,static_fenwick_checked,50000,5.6275,5.79418,0.966341466812,805337880,805337880
50000,256,range_to_update,static_fenwick_unchecked,50000,5.89082,5.90418,0.989963844061,805337880,805337880
50000,256,range_to_update,fast_checked,50000,13.315,5.97,2.21986381823,805337880,805337880
50000,256,range_to_update,fast_unchecked,50000,12.7775,6.10334,1.95228631501,805337880,805337880
50000,256,range_to_update,fast_detached_data_plane,50000,9.0975,5.96584,1.51546045562,805337880,805337880
50000,256,update_to_range,frozen_fenwick_checked,50000,6.55,6.06,1.08380241905,-27523911,-27523911
50000,256,update_to_range,frozen_fenwick_unchecked,50000,7.22416,6.40666,1.13285744653,-27523911,-27523911
50000,256,update_to_range,static_fenwick_checked,50000,5.71418,5.85,0.976211965812,-27523911,-27523911
50000,256,update_to_range,static_fenwick_unchecked,50000,5.91082,5.8825,1.00014322251,-27523911,-27523911
50000,256,update_to_range,fast_checked,50000,13.27416,5.94418,2.17075189513,-27523911,-27523911
50000,256,update_to_range,fast_unchecked,50000,11.88918,5.89082,2.02549759112,-27523911,-27523911
50000,256,update_to_range,fast_detached_data_plane,50000,9.17,5.82168,1.55376600405,-27523911,-27523911
50000,256,alternating,frozen_fenwick_checked,50000,6.10082,4.01666,1.50474165637,402461877,402461877
50000,256,alternating,frozen_fenwick_unchecked,50000,5.58916,4.06084,1.36102987386,402461877,402461877
50000,256,alternating,static_fenwick_checked,50000,4.45916,4.00916,1.09727723513,402461877,402461877
50000,256,alternating,static_fenwick_unchecked,50000,4.00666,3.98166,1.0080491389,402461877,402461877
50000,256,alternating,fast_checked,50000,13.13834,4.10166,3.19342412584,402461877,402461877
50000,256,alternating,fast_unchecked,50000,11.50916,4.11832,2.83021223471,402461877,402461877
50000,256,alternating,fast_detached_data_plane,50000,8.61416,3.8875,2.21650418006,402461877,402461877
50000,256,short_phases,frozen_fenwick_checked,50000,6.41916,5.43084,1.15688210818,404114224,404114224
50000,256,short_phases,frozen_fenwick_unchecked,50000,6.05166,5.58,1.08274559059,404114224,404114224
50000,256,short_phases,static_fenwick_checked,50000,5.3525,5.3375,1.00249827447,404114224,404114224
50000,256,short_phases,static_fenwick_unchecked,50000,5.3825,5.40168,1.00906234534,404114224,404114224
50000,256,short_phases,fast_checked,50000,14.0475,5.79666,2.42337829026,404114224,404114224
50000,256,short_phases,fast_unchecked,50000,12.8625,5.43,2.35840725158,404114224,404114224
50000,256,short_phases,fast_detached_data_plane,50000,9.09416,5.51334,1.63222019363,404114224,404114224
50000,256,read_mostly,frozen_fenwick_checked,50000,5.32584,3.4125,1.52214738301,575047960,575047960
50000,256,read_mostly,frozen_fenwick_unchecked,50000,4.6625,3.42082,1.35225472255,575047960,575047960
50000,256,read_mostly,static_fenwick_checked,50000,3.58416,3.44332,1.03905676856,575047960,575047960
50000,256,read_mostly,static_fenwick_unchecked,50000,3.8575,3.70332,1.03547543054,575047960,575047960
50000,256,read_mostly,fast_checked,50000,13.24,4.22918,2.99980437345,575047960,575047960
50000,256,read_mostly,fast_unchecked,50000,10.89334,3.41832,3.21313251267,575047960,575047960
50000,256,read_mostly,fast_detached_data_plane,50000,7.63,3.35666,2.27036399278,575047960,575047960
50000,4096,stable_points,frozen_fenwick_checked,50000,2.2875,1.64,1.38059756098,102296488,102296488
50000,4096,stable_points,frozen_fenwick_unchecked,50000,2.04166,1.85,1.21047514022,102296488,102296488
50000,4096,stable_points,static_fenwick_checked,50000,1.52,1.605,0.939555766778,102296488,102296488
50000,4096,stable_points,static_fenwick_unchecked,50000,1.67418,1.64166,1.01194788274,102296488,102296488
50000,4096,stable_points,fast_checked,50000,9.0625,2.15916,4.5916745401,102296488,102296488
50000,4096,stable_points,fast_unchecked,50000,9.61666,1.64918,6.08010571172,102296488,102296488
50000,4096,stable_points,fast_detached_data_plane,50000,7.38082,1.58834,4.63712555287,102296488,102296488
50000,4096,stable_ranges,frozen_fenwick_checked,50000,7.31666,5.685,1.30402221414,410801953648,410801953648
50000,4096,stable_ranges,frozen_fenwick_unchecked,50000,6.56168,5.53418,1.17855362327,410801953648,410801953648
50000,4096,stable_ranges,static_fenwick_checked,50000,5.77334,5.70084,1.01139039157,410801953648,410801953648
50000,4096,stable_ranges,static_fenwick_unchecked,50000,5.785,5.70582,0.996271353835,410801953648,410801953648
50000,4096,stable_ranges,fast_checked,50000,14.825,5.51334,2.64310270891,410801953648,410801953648
50000,4096,stable_ranges,fast_unchecked,50000,13.38832,5.53916,2.46462580055,410801953648,410801953648
50000,4096,stable_ranges,fast_detached_data_plane,50000,10.27,5.47082,1.85670110701,410801953648,410801953648
50000,4096,stable_updates,frozen_fenwick_checked,50000,9.665,8.97916,1.08442146233,0,0
50000,4096,stable_updates,frozen_fenwick_unchecked,50000,9.76084,9.07832,1.10171662823,0,0
50000,4096,stable_updates,static_fenwick_checked,50000,8.68916,8.56834,0.966522213532,0,0
50000,4096,stable_updates,static_fenwick_unchecked,50000,8.77416,8.5925,0.999709048589,0,0
50000,4096,stable_updates,fast_checked,50000,22.46166,10.11332,2.12787821199,0,0
50000,4096,stable_updates,fast_unchecked,50000,21.79666,10.74584,2.00444964871,0,0
50000,4096,stable_updates,fast_detached_data_plane,50000,16.37666,10.46082,1.57397173309,0,0
50000,4096,range_to_update,frozen_fenwick_checked,50000,11.13166,8.71916,1.20653476263,205401797656,205401797656
50000,4096,range_to_update,frozen_fenwick_unchecked,50000,13.90418,11.38,1.12437476099,205401797656,205401797656
50000,4096,range_to_update,static_fenwick_checked,50000,11.70168,10.95666,1.20316970493,205401797656,205401797656
50000,4096,range_to_update,static_fenwick_unchecked,50000,9.99166,12.0575,1.08634175692,205401797656,205401797656
50000,4096,range_to_update,fast_checked,50000,37.56084,10.65,3.63153239437,205401797656,205401797656
50000,4096,range_to_update,fast_unchecked,50000,31.01916,8.95666,3.50949349423,205401797656,205401797656
50000,4096,range_to_update,fast_detached_data_plane,50000,15.675,11.32416,1.57221664995,205401797656,205401797656
50000,4096,update_to_range,frozen_fenwick_checked,50000,14.97834,13.16334,1.13095652209,-42436664,-42436664
50000,4096,update_to_range,frozen_fenwick_unchecked,50000,13.7625,10.875,1.22559460707,-42436664,-42436664
50000,4096,update_to_range,static_fenwick_checked,50000,10.0875,12.49082,1.01304912176,-42436664,-42436664
50000,4096,update_to_range,static_fenwick_unchecked,50000,9.98916,9.80832,0.960154236403,-42436664,-42436664
50000,4096,update_to_range,fast_checked,50000,25.81,9.34668,2.4679886334,-42436664,-42436664
50000,4096,update_to_range,fast_unchecked,50000,22.02666,8.855,2.46475305092,-42436664,-42436664
50000,4096,update_to_range,fast_detached_data_plane,50000,13.56332,8.80334,1.62703473909,-42436664,-42436664
50000,4096,alternating,frozen_fenwick_checked,50000,13.275,7.61166,1.57088859143,106986251467,106986251467
50000,4096,alternating,frozen_fenwick_unchecked,50000,11.4675,6.96668,1.2884014652,106986251467,106986251467
50000,4096,alternating,static_fenwick_checked,50000,8.95832,6.795,1.04553166421,106986251467,106986251467
50000,4096,alternating,static_fenwick_unchecked,50000,12.79832,8.385,1.52633512224,106986251467,106986251467
50000,4096,alternating,fast_checked,50000,20.955,7.45084,2.86312911159,106986251467,106986251467
50000,4096,alternating,fast_unchecked,50000,27.84334,8.9225,2.4597369764,106986251467,106986251467
50000,4096,alternating,fast_detached_data_plane,50000,14.0125,10.69666,1.38822348583,106986251467,106986251467
50000,4096,short_phases,frozen_fenwick_checked,50000,10.26668,8.195,1.32319785605,107249708071,107249708071
50000,4096,short_phases,frozen_fenwick_unchecked,50000,12.31916,11.02082,1.24377019392,107249708071,107249708071
50000,4096,short_phases,static_fenwick_checked,50000,11.43416,9.0175,1.11181901274,107249708071,107249708071
50000,4096,short_phases,static_fenwick_unchecked,50000,8.4375,9.29416,1.00917441194,107249708071,107249708071
50000,4096,short_phases,fast_checked,50000,23.355,9.72918,2.60067163694,107249708071,107249708071
50000,4096,short_phases,fast_unchecked,50000,20.82582,8.86166,2.44752515818,107249708071,107249708071
50000,4096,short_phases,fast_detached_data_plane,50000,17.07832,10.62834,1.51958399305,107249708071,107249708071
50000,4096,read_mostly,frozen_fenwick_checked,50000,19.21,8.83416,1.9530289676,173422018724,173422018724
50000,4096,read_mostly,frozen_fenwick_unchecked,50000,10.65,6.31582,1.43347327393,173422018724,173422018724
50000,4096,read_mostly,static_fenwick_checked,50000,10.685,6.97,1.23181956524,173422018724,173422018724
50000,4096,read_mostly,static_fenwick_unchecked,50000,11.18834,8.4525,1.20791794872,173422018724,173422018724
50000,4096,read_mostly,fast_checked,50000,24.925,9.05666,2.6338281683,173422018724,173422018724
50000,4096,read_mostly,fast_unchecked,50000,19.52668,10.1675,1.85380108076,173422018724,173422018724
50000,4096,read_mostly,fast_detached_data_plane,50000,18.5875,8.105,2.03393128573,173422018724,173422018724
