n,scenario,migration_cost_units,candidate,fixed_total_cost,ratio_to_tracking_wfa,memory_slots,height
16,stable_points,2.0,sorted_array,96.000000000000,1.000000000000,16,0
16,stable_points,2.0,prefix_sum,98.000000000000,1.020833333333,33,1
16,stable_points,2.0,fenwick,98.000000000000,1.020833333333,33,4
16,stable_points,2.0,sqrt_decomposition,98.000000000000,1.020833333333,20,1
16,stable_points,2.0,segment_tree,98.000000000000,1.020833333333,32,4
16,stable_points,2.0,certirange_point,482.000000000000,5.020833333333,47,4
16,stable_points,2.0,certirange_range,482.000000000000,5.020833333333,47,4
16,stable_points,8.0,sorted_array,96.000000000000,1.000000000000,16,0
16,stable_points,8.0,prefix_sum,104.000000000000,1.083333333333,33,1
16,stable_points,8.0,fenwick,104.000000000000,1.083333333333,33,4
16,stable_points,8.0,sqrt_decomposition,104.000000000000,1.083333333333,20,1
16,stable_points,8.0,segment_tree,104.000000000000,1.083333333333,32,4
16,stable_points,8.0,certirange_point,488.000000000000,5.083333333333,47,4
16,stable_points,8.0,certirange_range,488.000000000000,5.083333333333,47,4
16,stable_points,32.0,sorted_array,96.000000000000,1.000000000000,16,0
16,stable_points,32.0,prefix_sum,128.000000000000,1.333333333333,33,1
16,stable_points,32.0,fenwick,128.000000000000,1.333333333333,33,4
16,stable_points,32.0,sqrt_decomposition,128.000000000000,1.333333333333,20,1
16,stable_points,32.0,segment_tree,128.000000000000,1.333333333333,32,4
16,stable_points,32.0,certirange_point,512.000000000000,5.333333333333,47,4
16,stable_points,32.0,certirange_range,512.000000000000,5.333333333333,47,4
16,stable_ranges,2.0,sorted_array,1202.000000000000,6.908045977011,16,0
16,stable_ranges,2.0,prefix_sum,174.000000000000,1.000000000000,33,1
16,stable_ranges,2.0,fenwick,361.000000000000,2.074712643678,33,4
16,stable_ranges,2.0,sqrt_decomposition,496.000000000000,2.850574712644,20,1
16,stable_ranges,2.0,segment_tree,361.000000000000,2.074712643678,32,4
16,stable_ranges,2.0,certirange_point,1006.000000000000,5.781609195402,47,4
16,stable_ranges,2.0,certirange_range,1006.000000000000,5.781609195402,47,4
16,stable_ranges,8.0,sorted_array,1202.000000000000,6.164102564103,16,0
16,stable_ranges,8.0,prefix_sum,180.000000000000,0.923076923077,33,1
16,stable_ranges,8.0,fenwick,367.000000000000,1.882051282051,33,4
16,stable_ranges,8.0,sqrt_decomposition,502.000000000000,2.574358974359,20,1
16,stable_ranges,8.0,segment_tree,367.000000000000,1.882051282051,32,4
16,stable_ranges,8.0,certirange_point,1012.000000000000,5.189743589744,47,4
16,stable_ranges,8.0,certirange_range,1012.000000000000,5.189743589744,47,4
16,stable_ranges,32.0,sorted_array,1202.000000000000,4.640926640927,16,0
16,stable_ranges,32.0,prefix_sum,204.000000000000,0.787644787645,33,1
16,stable_ranges,32.0,fenwick,391.000000000000,1.509652509653,33,4
16,stable_ranges,32.0,sqrt_decomposition,526.000000000000,2.030888030888,20,1
16,stable_ranges,32.0,segment_tree,391.000000000000,1.509652509653,32,4
16,stable_ranges,32.0,certirange_point,1036.000000000000,4.000000000000,47,4
16,stable_ranges,32.0,certirange_range,1036.000000000000,4.000000000000,47,4
16,stable_updates,2.0,sorted_array,96.000000000000,1.000000000000,16,0
16,stable_updates,2.0,prefix_sum,914.000000000000,9.520833333333,33,1
16,stable_updates,2.0,fenwick,290.000000000000,3.020833333333,33,4
16,stable_updates,2.0,sqrt_decomposition,482.000000000000,5.020833333333,20,1
16,stable_updates,2.0,segment_tree,482.000000000000,5.020833333333,32,4
16,stable_updates,2.0,certirange_point,482.000000000000,5.020833333333,47,4
16,stable_updates,2.0,certirange_range,482.000000000000,5.020833333333,47,4
16,stable_updates,8.0,sorted_array,96.000000000000,1.000000000000,16,0
16,stable_updates,8.0,prefix_sum,920.000000000000,9.583333333333,33,1
16,stable_updates,8.0,fenwick,296.000000000000,3.083333333333,33,4
16,stable_updates,8.0,sqrt_decomposition,488.000000000000,5.083333333333,20,1
16,stable_updates,8.0,segment_tree,488.000000000000,5.083333333333,32,4
16,stable_updates,8.0,certirange_point,488.000000000000,5.083333333333,47,4
16,stable_updates,8.0,certirange_range,488.000000000000,5.083333333333,47,4
16,stable_updates,32.0,sorted_array,96.000000000000,1.000000000000,16,0
16,stable_updates,32.0,prefix_sum,944.000000000000,9.833333333333,33,1
16,stable_updates,32.0,fenwick,320.000000000000,3.333333333333,33,4
16,stable_updates,32.0,sqrt_decomposition,512.000000000000,5.333333333333,20,1
16,stable_updates,32.0,segment_tree,512.000000000000,5.333333333333,32,4
16,stable_updates,32.0,certirange_point,512.000000000000,5.333333333333,47,4
16,stable_updates,32.0,certirange_range,512.000000000000,5.333333333333,47,4
16,mixed_read_heavy,2.0,sorted_array,412.000000000000,2.624203821656,16,0
16,mixed_read_heavy,2.0,prefix_sum,201.000000000000,1.280254777070,33,1
16,mixed_read_heavy,2.0,fenwick,197.000000000000,1.254777070064,33,4
16,mixed_read_heavy,2.0,sqrt_decomposition,261.000000000000,1.662420382166,20,1
16,mixed_read_heavy,2.0,segment_tree,220.000000000000,1.401273885350,32,4
16,mixed_read_heavy,2.0,certirange_point,662.000000000000,4.216560509554,47,4
16,mixed_read_heavy,2.0,certirange_range,662.000000000000,4.216560509554,47,4
16,mixed_read_heavy,8.0,sorted_array,412.000000000000,1.881278538813,16,0
16,mixed_read_heavy,8.0,prefix_sum,207.000000000000,0.945205479452,33,1
16,mixed_read_heavy,8.0,fenwick,203.000000000000,0.926940639269,33,4
16,mixed_read_heavy,8.0,sqrt_decomposition,267.000000000000,1.219178082192,20,1
16,mixed_read_heavy,8.0,segment_tree,226.000000000000,1.031963470320,32,4
16,mixed_read_heavy,8.0,certirange_point,668.000000000000,3.050228310502,47,4
16,mixed_read_heavy,8.0,certirange_range,668.000000000000,3.050228310502,47,4
16,mixed_read_heavy,32.0,sorted_array,412.000000000000,1.410958904110,16,0
16,mixed_read_heavy,32.0,prefix_sum,231.000000000000,0.791095890411,33,1
16,mixed_read_heavy,32.0,fenwick,227.000000000000,0.777397260274,33,4
16,mixed_read_heavy,32.0,sqrt_decomposition,291.000000000000,0.996575342466,20,1
16,mixed_read_heavy,32.0,segment_tree,250.000000000000,0.856164383562,32,4
16,mixed_read_heavy,32.0,certirange_point,692.000000000000,2.369863013699,47,4
16,mixed_read_heavy,32.0,certirange_range,692.000000000000,2.369863013699,47,4
16,mixed_write_heavy,2.0,sorted_array,350.000000000000,2.160493827160,16,0
16,mixed_write_heavy,2.0,prefix_sum,661.000000000000,4.080246913580,33,1
16,mixed_write_heavy,2.0,fenwick,289.000000000000,1.783950617284,33,4
16,mixed_write_heavy,2.0,sqrt_decomposition,445.000000000000,2.746913580247,20,1
16,mixed_write_heavy,2.0,segment_tree,413.000000000000,2.549382716049,32,4
16,mixed_write_heavy,2.0,certirange_point,608.000000000000,3.753086419753,47,4
16,mixed_write_heavy,2.0,certirange_range,608.000000000000,3.753086419753,47,4
16,mixed_write_heavy,8.0,sorted_array,350.000000000000,0.821596244131,16,0
16,mixed_write_heavy,8.0,prefix_sum,667.000000000000,1.565727699531,33,1
16,mixed_write_heavy,8.0,fenwick,295.000000000000,0.692488262911,33,4
16,mixed_write_heavy,8.0,sqrt_decomposition,451.000000000000,1.058685446009,20,1
16,mixed_write_heavy,8.0,segment_tree,419.000000000000,0.983568075117,32,4
16,mixed_write_heavy,8.0,certirange_point,614.000000000000,1.441314553991,47,4
16,mixed_write_heavy,8.0,certirange_range,614.000000000000,1.441314553991,47,4
16,mixed_write_heavy,32.0,sorted_array,350.000000000000,0.921052631579,16,0
16,mixed_write_heavy,32.0,prefix_sum,691.000000000000,1.818421052632,33,1
16,mixed_write_heavy,32.0,fenwick,319.000000000000,0.839473684211,33,4
16,mixed_write_heavy,32.0,sqrt_decomposition,475.000000000000,1.250000000000,20,1
16,mixed_write_heavy,32.0,segment_tree,443.000000000000,1.165789473684,32,4
16,mixed_write_heavy,32.0,certirange_point,638.000000000000,1.678947368421,47,4
16,mixed_write_heavy,32.0,certirange_range,638.000000000000,1.678947368421,47,4
16,point_to_range,2.0,sorted_array,647.000000000000,4.757352941176,16,0
16,point_to_range,2.0,prefix_sum,136.000000000000,1.000000000000,33,1
16,point_to_range,2.0,fenwick,230.000000000000,1.691176470588,33,4
16,point_to_range,2.0,sqrt_decomposition,295.000000000000,2.169117647059,20,1
16,point_to_range,2.0,segment_tree,229.000000000000,1.683823529412,32,4
16,point_to_range,2.0,certirange_point,744.000000000000,5.470588235294,47,4
16,point_to_range,2.0,certirange_range,744.000000000000,5.470588235294,47,4
16,point_to_range,8.0,sorted_array,647.000000000000,4.228758169935,16,0
16,point_to_range,8.0,prefix_sum,142.000000000000,0.928104575163,33,1
16,point_to_range,8.0,fenwick,236.000000000000,1.542483660131,33,4
16,point_to_range,8.0,sqrt_decomposition,301.000000000000,1.967320261438,20,1
16,point_to_range,8.0,segment_tree,235.000000000000,1.535947712418,32,4
16,point_to_range,8.0,certirange_point,750.000000000000,4.901960784314,47,4
16,point_to_range,8.0,certirange_range,750.000000000000,4.901960784314,47,4
16,point_to_range,32.0,sorted_array,647.000000000000,2.825327510917,16,0
16,point_to_range,32.0,prefix_sum,166.000000000000,0.724890829694,33,1
16,point_to_range,32.0,fenwick,260.000000000000,1.135371179039,33,4
16,point_to_range,32.0,sqrt_decomposition,325.000000000000,1.419213973799,20,1
16,point_to_range,32.0,segment_tree,259.000000000000,1.131004366812,32,4
16,point_to_range,32.0,certirange_point,774.000000000000,3.379912663755,47,4
16,point_to_range,32.0,certirange_range,774.000000000000,3.379912663755,47,4
16,range_to_update,2.0,sorted_array,651.000000000000,4.717391304348,16,0
16,range_to_update,2.0,prefix_sum,544.000000000000,3.942028985507,33,1
16,range_to_update,2.0,fenwick,325.000000000000,2.355072463768,33,4
16,range_to_update,2.0,sqrt_decomposition,491.000000000000,3.557971014493,20,1
16,range_to_update,2.0,segment_tree,422.000000000000,3.057971014493,32,4
16,range_to_update,2.0,certirange_point,744.000000000000,5.391304347826,47,4
16,range_to_update,2.0,certirange_range,744.000000000000,5.391304347826,47,4
16,range_to_update,8.0,sorted_array,651.000000000000,3.657303370787,16,0
16,range_to_update,8.0,prefix_sum,550.000000000000,3.089887640449,33,1
16,range_to_update,8.0,fenwick,331.000000000000,1.859550561798,33,4
16,range_to_update,8.0,sqrt_decomposition,497.000000000000,2.792134831461,20,1
16,range_to_update,8.0,segment_tree,428.000000000000,2.404494382022,32,4
16,range_to_update,8.0,certirange_point,750.000000000000,4.213483146067,47,4
16,range_to_update,8.0,certirange_range,750.000000000000,4.213483146067,47,4
16,range_to_update,32.0,sorted_array,651.000000000000,2.060126582278,16,0
16,range_to_update,32.0,prefix_sum,574.000000000000,1.816455696203,33,1
16,range_to_update,32.0,fenwick,355.000000000000,1.123417721519,33,4
16,range_to_update,32.0,sqrt_decomposition,521.000000000000,1.648734177215,20,1
16,range_to_update,32.0,segment_tree,452.000000000000,1.430379746835,32,4
16,range_to_update,32.0,certirange_point,774.000000000000,2.449367088608,47,4
16,range_to_update,32.0,certirange_range,774.000000000000,2.449367088608,47,4
16,update_to_range,2.0,sorted_array,647.000000000000,4.757352941176,16,0
16,update_to_range,2.0,prefix_sum,544.000000000000,4.000000000000,33,1
16,update_to_range,2.0,fenwick,326.000000000000,2.397058823529,33,4
16,update_to_range,2.0,sqrt_decomposition,487.000000000000,3.580882352941,20,1
16,update_to_range,2.0,segment_tree,421.000000000000,3.095588235294,32,4
16,update_to_range,2.0,certirange_point,744.000000000000,5.470588235294,47,4
16,update_to_range,2.0,certirange_range,744.000000000000,5.470588235294,47,4
16,update_to_range,8.0,sorted_array,647.000000000000,4.228758169935,16,0
16,update_to_range,8.0,prefix_sum,550.000000000000,3.594771241830,33,1
16,update_to_range,8.0,fenwick,332.000000000000,2.169934640523,33,4
16,update_to_range,8.0,sqrt_decomposition,493.000000000000,3.222222222222,20,1
16,update_to_range,8.0,segment_tree,427.000000000000,2.790849673203,32,4
16,update_to_range,8.0,certirange_point,750.000000000000,4.901960784314,47,4
16,update_to_range,8.0,certirange_range,750.000000000000,4.901960784314,47,4
16,update_to_range,32.0,sorted_array,647.000000000000,2.825327510917,16,0
16,update_to_range,32.0,prefix_sum,574.000000000000,2.506550218341,33,1
16,update_to_range,32.0,fenwick,356.000000000000,1.554585152838,33,4
16,update_to_range,32.0,sqrt_decomposition,517.000000000000,2.257641921397,20,1
16,update_to_range,32.0,segment_tree,451.000000000000,1.969432314410,32,4
16,update_to_range,32.0,certirange_point,774.000000000000,3.379912663755,47,4
16,update_to_range,32.0,certirange_range,774.000000000000,3.379912663755,47,4
16,three_phase,2.0,sorted_array,463.000000000000,3.674603174603,16,0
16,three_phase,2.0,prefix_sum,396.000000000000,3.142857142857,33,1
16,three_phase,2.0,fenwick,251.000000000000,1.992063492063,33,4
16,three_phase,2.0,sqrt_decomposition,359.000000000000,2.849206349206,20,1
16,three_phase,2.0,segment_tree,314.000000000000,2.492063492063,32,4
16,three_phase,2.0,certirange_point,660.000000000000,5.238095238095,47,4
16,three_phase,2.0,certirange_range,660.000000000000,5.238095238095,47,4
16,three_phase,8.0,sorted_array,463.000000000000,2.840490797546,16,0
16,three_phase,8.0,prefix_sum,402.000000000000,2.466257668712,33,1
16,three_phase,8.0,fenwick,257.000000000000,1.576687116564,33,4
16,three_phase,8.0,sqrt_decomposition,365.000000000000,2.239263803681,20,1
16,three_phase,8.0,segment_tree,320.000000000000,1.963190184049,32,4
16,three_phase,8.0,certirange_point,666.000000000000,4.085889570552,47,4
16,three_phase,8.0,certirange_range,666.000000000000,4.085889570552,47,4
16,three_phase,32.0,sorted_array,463.000000000000,1.479233226837,16,0
16,three_phase,32.0,prefix_sum,426.000000000000,1.361022364217,33,1
16,three_phase,32.0,fenwick,281.000000000000,0.897763578275,33,4
16,three_phase,32.0,sqrt_decomposition,389.000000000000,1.242811501597,20,1
16,three_phase,32.0,segment_tree,344.000000000000,1.099041533546,32,4
16,three_phase,32.0,certirange_point,690.000000000000,2.204472843450,47,4
16,three_phase,32.0,certirange_range,690.000000000000,2.204472843450,47,4
16,alternating_range_update,2.0,sorted_array,672.000000000000,2.153846153846,16,0
16,alternating_range_update,2.0,prefix_sum,568.000000000000,1.820512820513,33,1
16,alternating_range_update,2.0,fenwick,313.000000000000,1.003205128205,33,4
16,alternating_range_update,2.0,sqrt_decomposition,476.000000000000,1.525641025641,20,1
16,alternating_range_update,2.0,segment_tree,394.000000000000,1.262820512821,32,4
16,alternating_range_update,2.0,certirange_point,640.000000000000,2.051282051282,47,4
16,alternating_range_update,2.0,certirange_range,640.000000000000,2.051282051282,47,4
16,alternating_range_update,8.0,sorted_array,672.000000000000,2.030211480363,16,0
16,alternating_range_update,8.0,prefix_sum,574.000000000000,1.734138972810,33,1
16,alternating_range_update,8.0,fenwick,319.000000000000,0.963746223565,33,4
16,alternating_range_update,8.0,sqrt_decomposition,482.000000000000,1.456193353474,20,1
16,alternating_range_update,8.0,segment_tree,400.000000000000,1.208459214502,32,4
16,alternating_range_update,8.0,certirange_point,646.000000000000,1.951661631420,47,4
16,alternating_range_update,8.0,certirange_range,646.000000000000,1.951661631420,47,4
16,alternating_range_update,32.0,sorted_array,672.000000000000,1.663366336634,16,0
16,alternating_range_update,32.0,prefix_sum,598.000000000000,1.480198019802,33,1
16,alternating_range_update,32.0,fenwick,343.000000000000,0.849009900990,33,4
16,alternating_range_update,32.0,sqrt_decomposition,506.000000000000,1.252475247525,20,1
16,alternating_range_update,32.0,segment_tree,424.000000000000,1.049504950495,32,4
16,alternating_range_update,32.0,certirange_point,670.000000000000,1.658415841584,47,4
16,alternating_range_update,32.0,certirange_range,670.000000000000,1.658415841584,47,4
16,short_bursts,2.0,sorted_array,647.000000000000,4.371621621622,16,0
16,short_bursts,2.0,prefix_sum,364.000000000000,2.459459459459,33,1
16,short_bursts,2.0,fenwick,281.000000000000,1.898648648649,33,4
16,short_bursts,2.0,sqrt_decomposition,391.000000000000,2.641891891892,20,1
16,short_bursts,2.0,segment_tree,325.000000000000,2.195945945946,32,4
16,short_bursts,2.0,certirange_point,744.000000000000,5.027027027027,47,4
16,short_bursts,2.0,certirange_range,744.000000000000,5.027027027027,47,4
16,short_bursts,8.0,sorted_array,647.000000000000,2.361313868613,16,0
16,short_bursts,8.0,prefix_sum,370.000000000000,1.350364963504,33,1
16,short_bursts,8.0,fenwick,287.000000000000,1.047445255474,33,4
16,short_bursts,8.0,sqrt_decomposition,397.000000000000,1.448905109489,20,1
16,short_bursts,8.0,segment_tree,331.000000000000,1.208029197080,32,4
16,short_bursts,8.0,certirange_point,750.000000000000,2.737226277372,47,4
16,short_bursts,8.0,certirange_range,750.000000000000,2.737226277372,47,4
16,short_bursts,32.0,sorted_array,647.000000000000,1.487356321839,16,0
16,short_bursts,32.0,prefix_sum,394.000000000000,0.905747126437,33,1
16,short_bursts,32.0,fenwick,311.000000000000,0.714942528736,33,4
16,short_bursts,32.0,sqrt_decomposition,421.000000000000,0.967816091954,20,1
16,short_bursts,32.0,segment_tree,355.000000000000,0.816091954023,32,4
16,short_bursts,32.0,certirange_point,774.000000000000,1.779310344828,47,4
16,short_bursts,32.0,certirange_range,774.000000000000,1.779310344828,47,4
16,random_iid,2.0,sorted_array,505.000000000000,2.715053763441,16,0
16,random_iid,2.0,prefix_sum,365.000000000000,1.962365591398,33,1
16,random_iid,2.0,fenwick,240.000000000000,1.290322580645,33,4
16,random_iid,2.0,sqrt_decomposition,351.000000000000,1.887096774194,20,1
16,random_iid,2.0,segment_tree,299.000000000000,1.607526881720,32,4
16,random_iid,2.0,certirange_point,660.000000000000,3.548387096774,47,4
16,random_iid,2.0,certirange_range,660.000000000000,3.548387096774,47,4
16,random_iid,8.0,sorted_array,505.000000000000,1.816546762590,16,0
16,random_iid,8.0,prefix_sum,371.000000000000,1.334532374101,33,1
16,random_iid,8.0,fenwick,246.000000000000,0.884892086331,33,4
16,random_iid,8.0,sqrt_decomposition,357.000000000000,1.284172661871,20,1
16,random_iid,8.0,segment_tree,305.000000000000,1.097122302158,32,4
16,random_iid,8.0,certirange_point,666.000000000000,2.395683453237,47,4
16,random_iid,8.0,certirange_range,666.000000000000,2.395683453237,47,4
16,random_iid,32.0,sorted_array,505.000000000000,1.516516516517,16,0
16,random_iid,32.0,prefix_sum,395.000000000000,1.186186186186,33,1
16,random_iid,32.0,fenwick,270.000000000000,0.810810810811,33,4
16,random_iid,32.0,sqrt_decomposition,381.000000000000,1.144144144144,20,1
16,random_iid,32.0,segment_tree,329.000000000000,0.987987987988,32,4
16,random_iid,32.0,certirange_point,690.000000000000,2.072072072072,47,4
16,random_iid,32.0,certirange_range,690.000000000000,2.072072072072,47,4
16,markov_bursty,2.0,sorted_array,353.000000000000,2.674242424242,16,0
16,markov_bursty,2.0,prefix_sum,388.000000000000,2.939393939394,33,1
16,markov_bursty,2.0,fenwick,219.000000000000,1.659090909091,33,4
16,markov_bursty,2.0,sqrt_decomposition,313.000000000000,2.371212121212,20,1
16,markov_bursty,2.0,segment_tree,280.000000000000,2.121212121212,32,4
16,markov_bursty,2.0,certirange_point,602.000000000000,4.560606060606,47,4
16,markov_bursty,2.0,certirange_range,602.000000000000,4.560606060606,47,4
16,markov_bursty,8.0,sorted_array,353.000000000000,1.234265734266,16,0
16,markov_bursty,8.0,prefix_sum,394.000000000000,1.377622377622,33,1
16,markov_bursty,8.0,fenwick,225.000000000000,0.786713286713,33,4
16,markov_bursty,8.0,sqrt_decomposition,319.000000000000,1.115384615385,20,1
16,markov_bursty,8.0,segment_tree,286.000000000000,1.000000000000,32,4
16,markov_bursty,8.0,certirange_point,608.000000000000,2.125874125874,47,4
16,markov_bursty,8.0,certirange_range,608.000000000000,2.125874125874,47,4
16,markov_bursty,32.0,sorted_array,353.000000000000,1.023188405797,16,0
16,markov_bursty,32.0,prefix_sum,418.000000000000,1.211594202899,33,1
16,markov_bursty,32.0,fenwick,249.000000000000,0.721739130435,33,4
16,markov_bursty,32.0,sqrt_decomposition,343.000000000000,0.994202898551,20,1
16,markov_bursty,32.0,segment_tree,310.000000000000,0.898550724638,32,4
16,markov_bursty,32.0,certirange_point,632.000000000000,1.831884057971,47,4
16,markov_bursty,32.0,certirange_range,632.000000000000,1.831884057971,47,4
16,varying_ranges,2.0,sorted_array,520.000000000000,2.857142857143,16,0
16,varying_ranges,2.0,prefix_sum,182.000000000000,1.000000000000,33,1
16,varying_ranges,2.0,fenwick,357.000000000000,1.961538461538,33,4
16,varying_ranges,2.0,sqrt_decomposition,321.000000000000,1.763736263736,20,1
16,varying_ranges,2.0,segment_tree,242.000000000000,1.329670329670,32,4
16,varying_ranges,2.0,certirange_point,1086.000000000000,5.967032967033,47,4
16,varying_ranges,2.0,certirange_range,1086.000000000000,5.967032967033,47,4
16,varying_ranges,8.0,sorted_array,520.000000000000,2.600000000000,16,0
16,varying_ranges,8.0,prefix_sum,188.000000000000,0.940000000000,33,1
16,varying_ranges,8.0,fenwick,363.000000000000,1.815000000000,33,4
16,varying_ranges,8.0,sqrt_decomposition,327.000000000000,1.635000000000,20,1
16,varying_ranges,8.0,segment_tree,248.000000000000,1.240000000000,32,4
16,varying_ranges,8.0,certirange_point,1092.000000000000,5.460000000000,47,4
16,varying_ranges,8.0,certirange_range,1092.000000000000,5.460000000000,47,4
16,varying_ranges,32.0,sorted_array,520.000000000000,1.884057971014,16,0
16,varying_ranges,32.0,prefix_sum,212.000000000000,0.768115942029,33,1
16,varying_ranges,32.0,fenwick,387.000000000000,1.402173913043,33,4
16,varying_ranges,32.0,sqrt_decomposition,351.000000000000,1.271739130435,20,1
16,varying_ranges,32.0,segment_tree,272.000000000000,0.985507246377,32,4
16,varying_ranges,32.0,certirange_point,1116.000000000000,4.043478260870,47,4
16,varying_ranges,32.0,certirange_range,1116.000000000000,4.043478260870,47,4
64,stable_points,2.0,sorted_array,96.000000000000,1.000000000000,64,0
64,stable_points,2.0,prefix_sum,98.000000000000,1.020833333333,129,1
64,stable_points,2.0,fenwick,98.000000000000,1.020833333333,129,6
64,stable_points,2.0,sqrt_decomposition,98.000000000000,1.020833333333,72,1
64,stable_points,2.0,segment_tree,98.000000000000,1.020833333333,128,6
64,stable_points,2.0,certirange_point,674.000000000000,7.020833333333,191,6
64,stable_points,2.0,certirange_range,674.000000000000,7.020833333333,191,6
64,stable_points,8.0,sorted_array,96.000000000000,1.000000000000,64,0
64,stable_points,8.0,prefix_sum,104.000000000000,1.083333333333,129,1
64,stable_points,8.0,fenwick,104.000000000000,1.083333333333,129,6
64,stable_points,8.0,sqrt_decomposition,104.000000000000,1.083333333333,72,1
64,stable_points,8.0,segment_tree,104.000000000000,1.083333333333,128,6
64,stable_points,8.0,certirange_point,680.000000000000,7.083333333333,191,6
64,stable_points,8.0,certirange_range,680.000000000000,7.083333333333,191,6
64,stable_points,32.0,sorted_array,96.000000000000,1.000000000000,64,0
64,stable_points,32.0,prefix_sum,128.000000000000,1.333333333333,129,1
64,stable_points,32.0,fenwick,128.000000000000,1.333333333333,129,6
64,stable_points,32.0,sqrt_decomposition,128.000000000000,1.333333333333,72,1
64,stable_points,32.0,segment_tree,128.000000000000,1.333333333333,128,6
64,stable_points,32.0,certirange_point,704.000000000000,7.333333333333,191,6
64,stable_points,32.0,certirange_range,704.000000000000,7.333333333333,191,6
64,stable_ranges,2.0,sorted_array,4488.000000000000,23.746031746032,64,0
64,stable_ranges,2.0,prefix_sum,189.000000000000,1.000000000000,129,1
64,stable_ranges,2.0,fenwick,571.000000000000,3.021164021164,129,6
64,stable_ranges,2.0,sqrt_decomposition,1165.000000000000,6.164021164021,72,1
64,stable_ranges,2.0,segment_tree,567.000000000000,3.000000000000,128,6
64,stable_ranges,2.0,certirange_point,1802.000000000000,9.534391534392,191,6
64,stable_ranges,2.0,certirange_range,1802.000000000000,9.534391534392,191,6
64,stable_ranges,8.0,sorted_array,4488.000000000000,23.015384615385,64,0
64,stable_ranges,8.0,prefix_sum,195.000000000000,1.000000000000,129,1
64,stable_ranges,8.0,fenwick,577.000000000000,2.958974358974,129,6
64,stable_ranges,8.0,sqrt_decomposition,1171.000000000000,6.005128205128,72,1
64,stable_ranges,8.0,segment_tree,573.000000000000,2.938461538462,128,6
64,stable_ranges,8.0,certirange_point,1808.000000000000,9.271794871795,191,6
64,stable_ranges,8.0,certirange_range,1808.000000000000,9.271794871795,191,6
64,stable_ranges,32.0,sorted_array,4488.000000000000,15.914893617021,64,0
64,stable_ranges,32.0,prefix_sum,219.000000000000,0.776595744681,129,1
64,stable_ranges,32.0,fenwick,601.000000000000,2.131205673759,129,6
64,stable_ranges,32.0,sqrt_decomposition,1195.000000000000,4.237588652482,72,1
64,stable_ranges,32.0,segment_tree,597.000000000000,2.117021276596,128,6
64,stable_ranges,32.0,certirange_point,1832.000000000000,6.496453900709,191,6
64,stable_ranges,32.0,certirange_range,1832.000000000000,6.496453900709,191,6
64,stable_updates,2.0,sorted_array,96.000000000000,1.000000000000,64,0
64,stable_updates,2.0,prefix_sum,3250.000000000000,33.854166666667,129,1
64,stable_updates,2.0,fenwick,387.000000000000,4.031250000000,129,6
64,stable_updates,2.0,sqrt_decomposition,866.000000000000,9.020833333333,72,1
64,stable_updates,2.0,segment_tree,674.000000000000,7.020833333333,128,6
64,stable_updates,2.0,certirange_point,674.000000000000,7.020833333333,191,6
64,stable_updates,2.0,certirange_range,674.000000000000,7.020833333333,191,6
64,stable_updates,8.0,sorted_array,96.000000000000,1.000000000000,64,0
64,stable_updates,8.0,prefix_sum,3256.000000000000,33.916666666667,129,1
64,stable_updates,8.0,fenwick,393.000000000000,4.093750000000,129,6
64,stable_updates,8.0,sqrt_decomposition,872.000000000000,9.083333333333,72,1
64,stable_updates,8.0,segment_tree,680.000000000000,7.083333333333,128,6
64,stable_updates,8.0,certirange_point,680.000000000000,7.083333333333,191,6
64,stable_updates,8.0,certirange_range,680.000000000000,7.083333333333,191,6
64,stable_updates,32.0,sorted_array,96.000000000000,1.000000000000,64,0
64,stable_updates,32.0,prefix_sum,3280.000000000000,34.166666666667,129,1
64,stable_updates,32.0,fenwick,417.000000000000,4.343750000000,129,6
64,stable_updates,32.0,sqrt_decomposition,896.000000000000,9.333333333333,72,1
64,stable_updates,32.0,segment_tree,704.000000000000,7.333333333333,128,6
64,stable_updates,32.0,certirange_point,704.000000000000,7.333333333333,191,6
64,stable_updates,32.0,certirange_range,704.000000000000,7.333333333333,191,6
64,mixed_read_heavy,2.0,sorted_array,1335.000000000000,8.396226415094,64,0
64,mixed_read_heavy,2.0,prefix_sum,473.000000000000,2.974842767296,129,1
64,mixed_read_heavy,2.0,fenwick,262.000000000000,1.647798742138,129,6
64,mixed_read_heavy,2.0,sqrt_decomposition,478.000000000000,3.006289308176,72,1
64,mixed_read_heavy,2.0,segment_tree,287.000000000000,1.805031446541,128,6
64,mixed_read_heavy,2.0,certirange_point,988.000000000000,6.213836477987,191,6
64,mixed_read_heavy,2.0,certirange_range,988.000000000000,6.213836477987,191,6
64,mixed_read_heavy,8.0,sorted_array,1335.000000000000,4.981343283582,64,0
64,mixed_read_heavy,8.0,prefix_sum,479.000000000000,1.787313432836,129,1
64,mixed_read_heavy,8.0,fenwick,268.000000000000,1.000000000000,129,6
64,mixed_read_heavy,8.0,sqrt_decomposition,484.000000000000,1.805970149254,72,1
64,mixed_read_heavy,8.0,segment_tree,293.000000000000,1.093283582090,128,6
64,mixed_read_heavy,8.0,certirange_point,994.000000000000,3.708955223881,191,6
64,mixed_read_heavy,8.0,certirange_range,994.000000000000,3.708955223881,191,6
64,mixed_read_heavy,32.0,sorted_array,1335.000000000000,3.467532467532,64,0
64,mixed_read_heavy,32.0,prefix_sum,503.000000000000,1.306493506494,129,1
64,mixed_read_heavy,32.0,fenwick,292.000000000000,0.758441558442,129,6
64,mixed_read_heavy,32.0,sqrt_decomposition,508.000000000000,1.319480519481,72,1
64,mixed_read_heavy,32.0,segment_tree,317.000000000000,0.823376623377,128,6
64,mixed_read_heavy,32.0,certirange_point,1018.000000000000,2.644155844156,191,6
64,mixed_read_heavy,32.0,certirange_range,1018.000000000000,2.644155844156,191,6
64,mixed_write_heavy,2.0,sorted_array,1085.000000000000,6.615853658537,64,0
64,mixed_write_heavy,2.0,prefix_sum,2169.000000000000,13.225609756098,129,1
64,mixed_write_heavy,2.0,fenwick,398.000000000000,2.426829268293,129,6
64,mixed_write_heavy,2.0,sqrt_decomposition,842.000000000000,5.134146341463,72,1
64,mixed_write_heavy,2.0,segment_tree,585.000000000000,3.567073170732,128,6
64,mixed_write_heavy,2.0,certirange_point,938.000000000000,5.719512195122,191,6
64,mixed_write_heavy,2.0,certirange_range,938.000000000000,5.719512195122,191,6
64,mixed_write_heavy,8.0,sorted_array,1085.000000000000,3.401253918495,64,0
64,mixed_write_heavy,8.0,prefix_sum,2175.000000000000,6.818181818182,129,1
64,mixed_write_heavy,8.0,fenwick,404.000000000000,1.266457680251,129,6
64,mixed_write_heavy,8.0,sqrt_decomposition,848.000000000000,2.658307210031,72,1
64,mixed_write_heavy,8.0,segment_tree,591.000000000000,1.852664576803,128,6
64,mixed_write_heavy,8.0,certirange_point,944.000000000000,2.959247648903,191,6
64,mixed_write_heavy,8.0,certirange_range,944.000000000000,2.959247648903,191,6
64,mixed_write_heavy,32.0,sorted_array,1085.000000000000,2.148514851485,64,0
64,mixed_write_heavy,32.0,prefix_sum,2199.000000000000,4.354455445545,129,1
64,mixed_write_heavy,32.0,fenwick,428.000000000000,0.847524752475,129,6
64,mixed_write_heavy,32.0,sqrt_decomposition,872.000000000000,1.726732673267,72,1
64,mixed_write_heavy,32.0,segment_tree,615.000000000000,1.217821782178,128,6
64,mixed_write_heavy,32.0,certirange_point,968.000000000000,1.916831683168,191,6
64,mixed_write_heavy,32.0,certirange_range,968.000000000000,1.916831683168,191,6
64,point_to_range,2.0,sorted_array,2283.000000000000,15.854166666667,64,0
64,point_to_range,2.0,prefix_sum,144.000000000000,1.000000000000,129,1
64,point_to_range,2.0,fenwick,336.000000000000,2.333333333333,129,6
64,point_to_range,2.0,sqrt_decomposition,626.000000000000,4.347222222222,72,1
64,point_to_range,2.0,segment_tree,332.000000000000,2.305555555556,128,6
64,point_to_range,2.0,certirange_point,1240.000000000000,8.611111111111,191,6
64,point_to_range,2.0,certirange_range,1240.000000000000,8.611111111111,191,6
64,point_to_range,8.0,sorted_array,2283.000000000000,15.220000000000,64,0
64,point_to_range,8.0,prefix_sum,150.000000000000,1.000000000000,129,1
64,point_to_range,8.0,fenwick,342.000000000000,2.280000000000,129,6
64,point_to_range,8.0,sqrt_decomposition,632.000000000000,4.213333333333,72,1
64,point_to_range,8.0,segment_tree,338.000000000000,2.253333333333,128,6
64,point_to_range,8.0,certirange_point,1246.000000000000,8.306666666667,191,6
64,point_to_range,8.0,certirange_range,1246.000000000000,8.306666666667,191,6
64,point_to_range,32.0,sorted_array,2283.000000000000,9.798283261803,64,0
64,point_to_range,32.0,prefix_sum,174.000000000000,0.746781115880,129,1
64,point_to_range,32.0,fenwick,366.000000000000,1.570815450644,129,6
64,point_to_range,32.0,sqrt_decomposition,656.000000000000,2.815450643777,72,1
64,point_to_range,32.0,segment_tree,362.000000000000,1.553648068670,128,6
64,point_to_range,32.0,certirange_point,1270.000000000000,5.450643776824,191,6
64,point_to_range,32.0,certirange_range,1270.000000000000,5.450643776824,191,6
64,range_to_update,2.0,sorted_array,2301.000000000000,15.868965517241,64,0
64,range_to_update,2.0,prefix_sum,1687.000000000000,11.634482758621,129,1
64,range_to_update,2.0,fenwick,476.000000000000,3.282758620690,129,6
64,range_to_update,2.0,sqrt_decomposition,1021.000000000000,7.041379310345,72,1
64,range_to_update,2.0,segment_tree,621.000000000000,4.282758620690,128,6
64,range_to_update,2.0,certirange_point,1236.000000000000,8.524137931034,191,6
64,range_to_update,2.0,certirange_range,1236.000000000000,8.524137931034,191,6
64,range_to_update,8.0,sorted_array,2301.000000000000,13.535294117647,64,0
64,range_to_update,8.0,prefix_sum,1693.000000000000,9.958823529412,129,1
64,range_to_update,8.0,fenwick,482.000000000000,2.835294117647,129,6
64,range_to_update,8.0,sqrt_decomposition,1027.000000000000,6.041176470588,72,1
64,range_to_update,8.0,segment_tree,627.000000000000,3.688235294118,128,6
64,range_to_update,8.0,certirange_point,1242.000000000000,7.305882352941,191,6
64,range_to_update,8.0,certirange_range,1242.000000000000,7.305882352941,191,6
64,range_to_update,32.0,sorted_array,2301.000000000000,8.188612099644,64,0
64,range_to_update,32.0,prefix_sum,1717.000000000000,6.110320284698,129,1
64,range_to_update,32.0,fenwick,506.000000000000,1.800711743772,129,6
64,range_to_update,32.0,sqrt_decomposition,1051.000000000000,3.740213523132,72,1
64,range_to_update,32.0,segment_tree,651.000000000000,2.316725978648,128,6
64,range_to_update,32.0,certirange_point,1266.000000000000,4.505338078292,191,6
64,range_to_update,32.0,certirange_range,1266.000000000000,4.505338078292,191,6
64,update_to_range,2.0,sorted_array,2283.000000000000,15.854166666667,64,0
64,update_to_range,2.0,prefix_sum,1752.000000000000,12.166666666667,129,1
64,update_to_range,2.0,fenwick,482.000000000000,3.347222222222,129,6
64,update_to_range,2.0,sqrt_decomposition,1010.000000000000,7.013888888889,72,1
64,update_to_range,2.0,segment_tree,620.000000000000,4.305555555556,128,6
64,update_to_range,2.0,certirange_point,1240.000000000000,8.611111111111,191,6
64,update_to_range,2.0,certirange_range,1240.000000000000,8.611111111111,191,6
64,update_to_range,8.0,sorted_array,2283.000000000000,15.220000000000,64,0
64,update_to_range,8.0,prefix_sum,1758.000000000000,11.720000000000,129,1
64,update_to_range,8.0,fenwick,488.000000000000,3.253333333333,129,6
64,update_to_range,8.0,sqrt_decomposition,1016.000000000000,6.773333333333,72,1
64,update_to_range,8.0,segment_tree,626.000000000000,4.173333333333,128,6
64,update_to_range,8.0,certirange_point,1246.000000000000,8.306666666667,191,6
64,update_to_range,8.0,certirange_range,1246.000000000000,8.306666666667,191,6
64,update_to_range,32.0,sorted_array,2283.000000000000,9.798283261803,64,0
64,update_to_range,32.0,prefix_sum,1782.000000000000,7.648068669528,129,1
64,update_to_range,32.0,fenwick,512.000000000000,2.197424892704,129,6
64,update_to_range,32.0,sqrt_decomposition,1040.000000000000,4.463519313305,72,1
64,update_to_range,32.0,segment_tree,650.000000000000,2.789699570815,128,6
64,update_to_range,32.0,certirange_point,1270.000000000000,5.450643776824,191,6
64,update_to_range,32.0,certirange_range,1270.000000000000,5.450643776824,191,6
64,three_phase,2.0,sorted_array,1532.000000000000,11.784615384615,64,0
64,three_phase,2.0,prefix_sum,1200.000000000000,9.230769230769,129,1
64,three_phase,2.0,fenwick,351.000000000000,2.700000000000,129,6
64,three_phase,2.0,sqrt_decomposition,705.000000000000,5.423076923077,72,1
64,three_phase,2.0,segment_tree,444.000000000000,3.415384615385,128,6
64,three_phase,2.0,certirange_point,1042.000000000000,8.015384615385,191,6
64,three_phase,2.0,certirange_range,1042.000000000000,8.015384615385,191,6
64,three_phase,8.0,sorted_array,1532.000000000000,10.788732394366,64,0
64,three_phase,8.0,prefix_sum,1206.000000000000,8.492957746479,129,1
64,three_phase,8.0,fenwick,357.000000000000,2.514084507042,129,6
64,three_phase,8.0,sqrt_decomposition,711.000000000000,5.007042253521,72,1
64,three_phase,8.0,segment_tree,450.000000000000,3.169014084507,128,6
64,three_phase,8.0,certirange_point,1048.000000000000,7.380281690141,191,6
64,three_phase,8.0,certirange_range,1048.000000000000,7.380281690141,191,6
64,three_phase,32.0,sorted_array,1532.000000000000,5.158249158249,64,0
64,three_phase,32.0,prefix_sum,1230.000000000000,4.141414141414,129,1
64,three_phase,32.0,fenwick,381.000000000000,1.282828282828,129,6
64,three_phase,32.0,sqrt_decomposition,735.000000000000,2.474747474747,72,1
64,three_phase,32.0,segment_tree,474.000000000000,1.595959595960,128,6
64,three_phase,32.0,certirange_point,1072.000000000000,3.609427609428,191,6
64,three_phase,32.0,certirange_range,1072.000000000000,3.609427609428,191,6
64,alternating_range_update,2.0,sorted_array,2349.000000000000,7.139817629179,64,0
64,alternating_range_update,2.0,prefix_sum,1727.000000000000,5.249240121581,129,1
64,alternating_range_update,2.0,fenwick,471.000000000000,1.431610942249,129,6
64,alternating_range_update,2.0,sqrt_decomposition,1006.000000000000,3.057750759878,72,1
64,alternating_range_update,2.0,segment_tree,600.000000000000,1.823708206687,128,6
64,alternating_range_update,2.0,certirange_point,1140.000000000000,3.465045592705,191,6
64,alternating_range_update,2.0,certirange_range,1140.000000000000,3.465045592705,191,6
64,alternating_range_update,8.0,sorted_array,2349.000000000000,4.843298969072,64,0
64,alternating_range_update,8.0,prefix_sum,1733.000000000000,3.573195876289,129,1
64,alternating_range_update,8.0,fenwick,477.000000000000,0.983505154639,129,6
64,alternating_range_update,8.0,sqrt_decomposition,1012.000000000000,2.086597938144,72,1
64,alternating_range_update,8.0,segment_tree,606.000000000000,1.249484536082,128,6
64,alternating_range_update,8.0,certirange_point,1146.000000000000,2.362886597938,191,6
64,alternating_range_update,8.0,certirange_range,1146.000000000000,2.362886597938,191,6
64,alternating_range_update,32.0,sorted_array,2349.000000000000,4.194642857143,64,0
64,alternating_range_update,32.0,prefix_sum,1757.000000000000,3.137500000000,129,1
64,alternating_range_update,32.0,fenwick,501.000000000000,0.894642857143,129,6
64,alternating_range_update,32.0,sqrt_decomposition,1036.000000000000,1.850000000000,72,1
64,alternating_range_update,32.0,segment_tree,630.000000000000,1.125000000000,128,6
64,alternating_range_update,32.0,certirange_point,1170.000000000000,2.089285714286,191,6
64,alternating_range_update,32.0,certirange_range,1170.000000000000,2.089285714286,191,6
64,short_bursts,2.0,sorted_array,2232.000000000000,14.307692307692,64,0
64,short_bursts,2.0,prefix_sum,948.000000000000,6.076923076923,129,1
64,short_bursts,2.0,fenwick,415.000000000000,2.660256410256,129,6
64,short_bursts,2.0,sqrt_decomposition,802.000000000000,5.141025641026,72,1
64,short_bursts,2.0,segment_tree,474.000000000000,3.038461538462,128,6
64,short_bursts,2.0,certirange_point,1250.000000000000,8.012820512821,191,6
64,short_bursts,2.0,certirange_range,1250.000000000000,8.012820512821,191,6
64,short_bursts,8.0,sorted_array,2232.000000000000,10.578199052133,64,0
64,short_bursts,8.0,prefix_sum,954.000000000000,4.521327014218,129,1
64,short_bursts,8.0,fenwick,421.000000000000,1.995260663507,129,6
64,short_bursts,8.0,sqrt_decomposition,808.000000000000,3.829383886256,72,1
64,short_bursts,8.0,segment_tree,480.000000000000,2.274881516588,128,6
64,short_bursts,8.0,certirange_point,1256.000000000000,5.952606635071,191,6
64,short_bursts,8.0,certirange_range,1256.000000000000,5.952606635071,191,6
64,short_bursts,32.0,sorted_array,2232.000000000000,2.948480845443,64,0
64,short_bursts,32.0,prefix_sum,978.000000000000,1.291941875826,129,1
64,short_bursts,32.0,fenwick,445.000000000000,0.587846763540,129,6
64,short_bursts,32.0,sqrt_decomposition,832.000000000000,1.099075297226,72,1
64,short_bursts,32.0,segment_tree,504.000000000000,0.665785997358,128,6
64,short_bursts,32.0,certirange_point,1280.000000000000,1.690885072655,191,6
64,short_bursts,32.0,certirange_range,1280.000000000000,1.690885072655,191,6
64,random_iid,2.0,sorted_array,1457.000000000000,7.177339901478,64,0
64,random_iid,2.0,prefix_sum,1160.000000000000,5.714285714286,129,1
64,random_iid,2.0,fenwick,345.000000000000,1.699507389163,129,6
64,random_iid,2.0,sqrt_decomposition,692.000000000000,3.408866995074,72,1
64,random_iid,2.0,segment_tree,438.000000000000,2.157635467980,128,6
64,random_iid,2.0,certirange_point,1050.000000000000,5.172413793103,191,6
64,random_iid,2.0,certirange_range,1050.000000000000,5.172413793103,191,6
64,random_iid,8.0,sorted_array,1457.000000000000,3.764857881137,64,0
64,random_iid,8.0,prefix_sum,1166.000000000000,3.012919896641,129,1
64,random_iid,8.0,fenwick,351.000000000000,0.906976744186,129,6
64,random_iid,8.0,sqrt_decomposition,698.000000000000,1.803617571059,72,1
64,random_iid,8.0,segment_tree,444.000000000000,1.147286821705,128,6
64,random_iid,8.0,certirange_point,1056.000000000000,2.728682170543,191,6
64,random_iid,8.0,certirange_range,1056.000000000000,2.728682170543,191,6
64,random_iid,32.0,sorted_array,1457.000000000000,3.606435643564,64,0
64,random_iid,32.0,prefix_sum,1190.000000000000,2.945544554455,129,1
64,random_iid,32.0,fenwick,375.000000000000,0.928217821782,129,6
64,random_iid,32.0,sqrt_decomposition,722.000000000000,1.787128712871,72,1
64,random_iid,32.0,segment_tree,468.000000000000,1.158415841584,128,6
64,random_iid,32.0,certirange_point,1080.000000000000,2.673267326733,191,6
64,random_iid,32.0,certirange_range,1080.000000000000,2.673267326733,191,6
64,markov_bursty,2.0,sorted_array,1735.000000000000,12.218309859155,64,0
64,markov_bursty,2.0,prefix_sum,874.000000000000,6.154929577465,129,1
64,markov_bursty,2.0,fenwick,346.000000000000,2.436619718310,129,6
64,markov_bursty,2.0,sqrt_decomposition,704.000000000000,4.957746478873,72,1
64,markov_bursty,2.0,segment_tree,422.000000000000,2.971830985915,128,6
64,markov_bursty,2.0,certirange_point,1098.000000000000,7.732394366197,191,6
64,markov_bursty,2.0,certirange_range,1098.000000000000,7.732394366197,191,6
64,markov_bursty,8.0,sorted_array,1735.000000000000,9.747191011236,64,0
64,markov_bursty,8.0,prefix_sum,880.000000000000,4.943820224719,129,1
64,markov_bursty,8.0,fenwick,352.000000000000,1.977528089888,129,6
64,markov_bursty,8.0,sqrt_decomposition,710.000000000000,3.988764044944,72,1
64,markov_bursty,8.0,segment_tree,428.000000000000,2.404494382022,128,6
64,markov_bursty,8.0,certirange_point,1104.000000000000,6.202247191011,191,6
64,markov_bursty,8.0,certirange_range,1104.000000000000,6.202247191011,191,6
64,markov_bursty,32.0,sorted_array,1735.000000000000,2.727987421384,64,0
64,markov_bursty,32.0,prefix_sum,904.000000000000,1.421383647799,129,1
64,markov_bursty,32.0,fenwick,376.000000000000,0.591194968553,129,6
64,markov_bursty,32.0,sqrt_decomposition,734.000000000000,1.154088050314,72,1
64,markov_bursty,32.0,segment_tree,452.000000000000,0.710691823899,128,6
64,markov_bursty,32.0,certirange_point,1128.000000000000,1.773584905660,191,6
64,markov_bursty,32.0,certirange_range,1128.000000000000,1.773584905660,191,6
64,varying_ranges,2.0,sorted_array,2381.000000000000,12.465968586387,64,0
64,varying_ranges,2.0,prefix_sum,191.000000000000,1.000000000000,129,1
64,varying_ranges,2.0,fenwick,566.000000000000,2.963350785340,129,6
64,varying_ranges,2.0,sqrt_decomposition,843.000000000000,4.413612565445,72,1
64,varying_ranges,2.0,segment_tree,431.000000000000,2.256544502618,128,6
64,varying_ranges,2.0,certirange_point,1828.000000000000,9.570680628272,191,6
64,varying_ranges,2.0,certirange_range,1828.000000000000,9.570680628272,191,6
64,varying_ranges,8.0,sorted_array,2381.000000000000,11.392344497608,64,0
64,varying_ranges,8.0,prefix_sum,197.000000000000,0.942583732057,129,1
64,varying_ranges,8.0,fenwick,572.000000000000,2.736842105263,129,6
64,varying_ranges,8.0,sqrt_decomposition,849.000000000000,4.062200956938,72,1
64,varying_ranges,8.0,segment_tree,437.000000000000,2.090909090909,128,6
64,varying_ranges,8.0,certirange_point,1834.000000000000,8.775119617225,191,6
64,varying_ranges,8.0,certirange_range,1834.000000000000,8.775119617225,191,6
64,varying_ranges,32.0,sorted_array,2381.000000000000,9.228682170543,64,0
64,varying_ranges,32.0,prefix_sum,221.000000000000,0.856589147287,129,1
64,varying_ranges,32.0,fenwick,596.000000000000,2.310077519380,129,6
64,varying_ranges,32.0,sqrt_decomposition,873.000000000000,3.383720930233,72,1
64,varying_ranges,32.0,segment_tree,461.000000000000,1.786821705426,128,6
64,varying_ranges,32.0,certirange_point,1858.000000000000,7.201550387597,191,6
64,varying_ranges,32.0,certirange_range,1858.000000000000,7.201550387597,191,6
128,stable_points,2.0,sorted_array,96.000000000000,1.000000000000,128,0
128,stable_points,2.0,prefix_sum,98.000000000000,1.020833333333,257,1
128,stable_points,2.0,fenwick,98.000000000000,1.020833333333,257,7
128,stable_points,2.0,sqrt_decomposition,98.000000000000,1.020833333333,139,1
128,stable_points,2.0,segment_tree,98.000000000000,1.020833333333,256,7
128,stable_points,2.0,certirange_point,770.000000000000,8.020833333333,383,7
128,stable_points,2.0,certirange_range,770.000000000000,8.020833333333,383,7
128,stable_points,8.0,sorted_array,96.000000000000,1.000000000000,128,0
128,stable_points,8.0,prefix_sum,104.000000000000,1.083333333333,257,1
128,stable_points,8.0,fenwick,104.000000000000,1.083333333333,257,7
128,stable_points,8.0,sqrt_decomposition,104.000000000000,1.083333333333,139,1
128,stable_points,8.0,segment_tree,104.000000000000,1.083333333333,256,7
128,stable_points,8.0,certirange_point,776.000000000000,8.083333333333,383,7
128,stable_points,8.0,certirange_range,776.000000000000,8.083333333333,383,7
128,stable_points,32.0,sorted_array,96.000000000000,1.000000000000,128,0
128,stable_points,32.0,prefix_sum,128.000000000000,1.333333333333,257,1
128,stable_points,32.0,fenwick,128.000000000000,1.333333333333,257,7
128,stable_points,32.0,sqrt_decomposition,128.000000000000,1.333333333333,139,1
128,stable_points,32.0,segment_tree,128.000000000000,1.333333333333,256,7
128,stable_points,32.0,certirange_point,800.000000000000,8.333333333333,383,7
128,stable_points,32.0,certirange_range,800.000000000000,8.333333333333,383,7
128,stable_ranges,2.0,sorted_array,8856.000000000000,46.366492146597,128,0
128,stable_ranges,2.0,prefix_sum,191.000000000000,1.000000000000,257,1
128,stable_ranges,2.0,fenwick,669.000000000000,3.502617801047,257,7
128,stable_ranges,2.0,sqrt_decomposition,1708.000000000000,8.942408376963,139,1
128,stable_ranges,2.0,segment_tree,669.000000000000,3.502617801047,256,7
128,stable_ranges,2.0,certirange_point,2196.000000000000,11.497382198953,383,7
128,stable_ranges,2.0,certirange_range,2196.000000000000,11.497382198953,383,7
128,stable_ranges,8.0,sorted_array,8856.000000000000,44.954314720812,128,0
128,stable_ranges,8.0,prefix_sum,197.000000000000,1.000000000000,257,1
128,stable_ranges,8.0,fenwick,675.000000000000,3.426395939086,257,7
128,stable_ranges,8.0,sqrt_decomposition,1714.000000000000,8.700507614213,139,1
128,stable_ranges,8.0,segment_tree,675.000000000000,3.426395939086,256,7
128,stable_ranges,8.0,certirange_point,2202.000000000000,11.177664974619,383,7
128,stable_ranges,8.0,certirange_range,2202.000000000000,11.177664974619,383,7
128,stable_ranges,32.0,sorted_array,8856.000000000000,40.072398190045,128,0
128,stable_ranges,32.0,prefix_sum,221.000000000000,1.000000000000,257,1
128,stable_ranges,32.0,fenwick,699.000000000000,3.162895927602,257,7
128,stable_ranges,32.0,sqrt_decomposition,1738.000000000000,7.864253393665,139,1
128,stable_ranges,32.0,segment_tree,699.000000000000,3.162895927602,256,7
128,stable_ranges,32.0,certirange_point,2226.000000000000,10.072398190045,383,7
128,stable_ranges,32.0,certirange_range,2226.000000000000,10.072398190045,383,7
128,stable_updates,2.0,sorted_array,96.000000000000,1.000000000000,128,0
128,stable_updates,2.0,prefix_sum,6386.000000000000,66.520833333333,257,1
128,stable_updates,2.0,fenwick,436.000000000000,4.541666666667,257,7
128,stable_updates,2.0,sqrt_decomposition,1226.000000000000,12.770833333333,139,1
128,stable_updates,2.0,segment_tree,770.000000000000,8.020833333333,256,7
128,stable_updates,2.0,certirange_point,770.000000000000,8.020833333333,383,7
128,stable_updates,2.0,certirange_range,770.000000000000,8.020833333333,383,7
128,stable_updates,8.0,sorted_array,96.000000000000,1.000000000000,128,0
128,stable_updates,8.0,prefix_sum,6392.000000000000,66.583333333333,257,1
128,stable_updates,8.0,fenwick,442.000000000000,4.604166666667,257,7
128,stable_updates,8.0,sqrt_decomposition,1232.000000000000,12.833333333333,139,1
128,stable_updates,8.0,segment_tree,776.000000000000,8.083333333333,256,7
128,stable_updates,8.0,certirange_point,776.000000000000,8.083333333333,383,7
128,stable_updates,8.0,certirange_range,776.000000000000,8.083333333333,383,7
128,stable_updates,32.0,sorted_array,96.000000000000,1.000000000000,128,0
128,stable_updates,32.0,prefix_sum,6416.000000000000,66.833333333333,257,1
128,stable_updates,32.0,fenwick,466.000000000000,4.854166666667,257,7
128,stable_updates,32.0,sqrt_decomposition,1256.000000000000,13.083333333333,139,1
128,stable_updates,32.0,segment_tree,800.000000000000,8.333333333333,256,7
128,stable_updates,32.0,certirange_point,800.000000000000,8.333333333333,383,7
128,stable_updates,32.0,certirange_range,800.000000000000,8.333333333333,383,7
128,mixed_read_heavy,2.0,sorted_array,2529.000000000000,15.905660377358,128,0
128,mixed_read_heavy,2.0,prefix_sum,665.000000000000,4.182389937107,257,1
128,mixed_read_heavy,2.0,fenwick,291.000000000000,1.830188679245,257,7
128,mixed_read_heavy,2.0,sqrt_decomposition,659.000000000000,4.144654088050,139,1
128,mixed_read_heavy,2.0,segment_tree,319.000000000000,2.006289308176,256,7
128,mixed_read_heavy,2.0,certirange_point,1153.000000000000,7.251572327044,383,7
128,mixed_read_heavy,2.0,certirange_range,1153.000000000000,7.251572327044,383,7
128,mixed_read_heavy,8.0,sorted_array,2529.000000000000,7.903125000000,128,0
128,mixed_read_heavy,8.0,prefix_sum,671.000000000000,2.096875000000,257,1
128,mixed_read_heavy,8.0,fenwick,297.000000000000,0.928125000000,257,7
128,mixed_read_heavy,8.0,sqrt_decomposition,665.000000000000,2.078125000000,139,1
128,mixed_read_heavy,8.0,segment_tree,325.000000000000,1.015625000000,256,7
128,mixed_read_heavy,8.0,certirange_point,1159.000000000000,3.621875000000,383,7
128,mixed_read_heavy,8.0,certirange_range,1159.000000000000,3.621875000000,383,7
128,mixed_read_heavy,32.0,sorted_array,2529.000000000000,7.460176991150,128,0
128,mixed_read_heavy,32.0,prefix_sum,695.000000000000,2.050147492625,257,1
128,mixed_read_heavy,32.0,fenwick,321.000000000000,0.946902654867,257,7
128,mixed_read_heavy,32.0,sqrt_decomposition,689.000000000000,2.032448377581,139,1
128,mixed_read_heavy,32.0,segment_tree,349.000000000000,1.029498525074,256,7
128,mixed_read_heavy,32.0,certirange_point,1183.000000000000,3.489675516224,383,7
128,mixed_read_heavy,32.0,certirange_range,1183.000000000000,3.489675516224,383,7
128,mixed_write_heavy,2.0,sorted_array,2214.000000000000,13.500000000000,128,0
128,mixed_write_heavy,2.0,prefix_sum,4153.000000000000,25.323170731707,257,1
128,mixed_write_heavy,2.0,fenwick,458.000000000000,2.792682926829,257,7
128,mixed_write_heavy,2.0,sqrt_decomposition,1229.000000000000,7.493902439024,139,1
128,mixed_write_heavy,2.0,segment_tree,678.000000000000,4.134146341463,256,7
128,mixed_write_heavy,2.0,certirange_point,1100.000000000000,6.707317073171,383,7
128,mixed_write_heavy,2.0,certirange_range,1100.000000000000,6.707317073171,383,7
128,mixed_write_heavy,8.0,sorted_array,2214.000000000000,7.073482428115,128,0
128,mixed_write_heavy,8.0,prefix_sum,4159.000000000000,13.287539936102,257,1
128,mixed_write_heavy,8.0,fenwick,464.000000000000,1.482428115016,257,7
128,mixed_write_heavy,8.0,sqrt_decomposition,1235.000000000000,3.945686900958,139,1
128,mixed_write_heavy,8.0,segment_tree,684.000000000000,2.185303514377,256,7
128,mixed_write_heavy,8.0,certirange_point,1106.000000000000,3.533546325879,383,7
128,mixed_write_heavy,8.0,certirange_range,1106.000000000000,3.533546325879,383,7
128,mixed_write_heavy,32.0,sorted_array,2214.000000000000,4.349705304519,128,0
128,mixed_write_heavy,32.0,prefix_sum,4183.000000000000,8.218074656189,257,1
128,mixed_write_heavy,32.0,fenwick,488.000000000000,0.958742632613,257,7
128,mixed_write_heavy,32.0,sqrt_decomposition,1259.000000000000,2.473477406680,139,1
128,mixed_write_heavy,32.0,segment_tree,708.000000000000,1.390962671906,256,7
128,mixed_write_heavy,32.0,certirange_point,1130.000000000000,2.220039292731,383,7
128,mixed_write_heavy,32.0,certirange_range,1130.000000000000,2.220039292731,383,7
128,point_to_range,2.0,sorted_array,4430.000000000000,30.551724137931,128,0
128,point_to_range,2.0,prefix_sum,145.000000000000,1.000000000000,257,1
128,point_to_range,2.0,fenwick,386.000000000000,2.662068965517,257,7
128,point_to_range,2.0,sqrt_decomposition,901.000000000000,6.213793103448,139,1
128,point_to_range,2.0,segment_tree,383.000000000000,2.641379310345,256,7
128,point_to_range,2.0,certirange_point,1488.000000000000,10.262068965517,383,7
128,point_to_range,2.0,certirange_range,1488.000000000000,10.262068965517,383,7
128,point_to_range,8.0,sorted_array,4430.000000000000,29.337748344371,128,0
128,point_to_range,8.0,prefix_sum,151.000000000000,1.000000000000,257,1
128,point_to_range,8.0,fenwick,392.000000000000,2.596026490066,257,7
128,point_to_range,8.0,sqrt_decomposition,907.000000000000,6.006622516556,139,1
128,point_to_range,8.0,segment_tree,389.000000000000,2.576158940397,256,7
128,point_to_range,8.0,certirange_point,1494.000000000000,9.894039735099,383,7
128,point_to_range,8.0,certirange_range,1494.000000000000,9.894039735099,383,7
128,point_to_range,32.0,sorted_array,4430.000000000000,25.314285714286,128,0
128,point_to_range,32.0,prefix_sum,175.000000000000,1.000000000000,257,1
128,point_to_range,32.0,fenwick,416.000000000000,2.377142857143,257,7
128,point_to_range,32.0,sqrt_decomposition,931.000000000000,5.320000000000,139,1
128,point_to_range,32.0,segment_tree,413.000000000000,2.360000000000,256,7
128,point_to_range,32.0,certirange_point,1518.000000000000,8.674285714286,383,7
128,point_to_range,32.0,certirange_range,1518.000000000000,8.674285714286,383,7
128,range_to_update,2.0,sorted_array,4522.000000000000,30.972602739726,128,0
128,range_to_update,2.0,prefix_sum,3096.000000000000,21.205479452055,257,1
128,range_to_update,2.0,fenwick,546.000000000000,3.739726027397,257,7
128,range_to_update,2.0,sqrt_decomposition,1469.000000000000,10.061643835616,139,1
128,range_to_update,2.0,segment_tree,720.000000000000,4.931506849315,256,7
128,range_to_update,2.0,certirange_point,1478.000000000000,10.123287671233,383,7
128,range_to_update,2.0,certirange_range,1478.000000000000,10.123287671233,383,7
128,range_to_update,8.0,sorted_array,4522.000000000000,28.620253164557,128,0
128,range_to_update,8.0,prefix_sum,3102.000000000000,19.632911392405,257,1
128,range_to_update,8.0,fenwick,552.000000000000,3.493670886076,257,7
128,range_to_update,8.0,sqrt_decomposition,1475.000000000000,9.335443037975,139,1
128,range_to_update,8.0,segment_tree,726.000000000000,4.594936708861,256,7
128,range_to_update,8.0,certirange_point,1484.000000000000,9.392405063291,383,7
128,range_to_update,8.0,certirange_range,1484.000000000000,9.392405063291,383,7
128,range_to_update,32.0,sorted_array,4522.000000000000,21.951456310680,128,0
128,range_to_update,32.0,prefix_sum,3126.000000000000,15.174757281553,257,1
128,range_to_update,32.0,fenwick,576.000000000000,2.796116504854,257,7
128,range_to_update,32.0,sqrt_decomposition,1499.000000000000,7.276699029126,139,1
128,range_to_update,32.0,segment_tree,750.000000000000,3.640776699029,256,7
128,range_to_update,32.0,certirange_point,1508.000000000000,7.320388349515,383,7
128,range_to_update,32.0,certirange_range,1508.000000000000,7.320388349515,383,7
128,update_to_range,2.0,sorted_array,4430.000000000000,30.551724137931,128,0
128,update_to_range,2.0,prefix_sum,3481.000000000000,24.006896551724,257,1
128,update_to_range,2.0,fenwick,559.000000000000,3.855172413793,257,7
128,update_to_range,2.0,sqrt_decomposition,1465.000000000000,10.103448275862,139,1
128,update_to_range,2.0,segment_tree,719.000000000000,4.958620689655,256,7
128,update_to_range,2.0,certirange_point,1488.000000000000,10.262068965517,383,7
128,update_to_range,2.0,certirange_range,1488.000000000000,10.262068965517,383,7
128,update_to_range,8.0,sorted_array,4430.000000000000,29.337748344371,128,0
128,update_to_range,8.0,prefix_sum,3487.000000000000,23.092715231788,257,1
128,update_to_range,8.0,fenwick,565.000000000000,3.741721854305,257,7
128,update_to_range,8.0,sqrt_decomposition,1471.000000000000,9.741721854305,139,1
128,update_to_range,8.0,segment_tree,725.000000000000,4.801324503311,256,7
128,update_to_range,8.0,certirange_point,1494.000000000000,9.894039735099,383,7
128,update_to_range,8.0,certirange_range,1494.000000000000,9.894039735099,383,7
128,update_to_range,32.0,sorted_array,4430.000000000000,25.314285714286,128,0
128,update_to_range,32.0,prefix_sum,3511.000000000000,20.062857142857,257,1
128,update_to_range,32.0,fenwick,589.000000000000,3.365714285714,257,7
128,update_to_range,32.0,sqrt_decomposition,1495.000000000000,8.542857142857,139,1
128,update_to_range,32.0,segment_tree,749.000000000000,4.280000000000,256,7
128,update_to_range,32.0,certirange_point,1518.000000000000,8.674285714286,383,7
128,update_to_range,32.0,certirange_range,1518.000000000000,8.674285714286,383,7
128,three_phase,2.0,sorted_array,2988.000000000000,22.809160305344,128,0
128,three_phase,2.0,prefix_sum,2097.000000000000,16.007633587786,257,1
128,three_phase,2.0,fenwick,403.000000000000,3.076335877863,257,7
128,three_phase,2.0,sqrt_decomposition,1012.000000000000,7.725190839695,139,1
128,three_phase,2.0,segment_tree,510.000000000000,3.893129770992,256,7
128,three_phase,2.0,certirange_point,1248.000000000000,9.526717557252,383,7
128,three_phase,2.0,certirange_range,1248.000000000000,9.526717557252,383,7
128,three_phase,8.0,sorted_array,2988.000000000000,20.895104895105,128,0
128,three_phase,8.0,prefix_sum,2103.000000000000,14.706293706294,257,1
128,three_phase,8.0,fenwick,409.000000000000,2.860139860140,257,7
128,three_phase,8.0,sqrt_decomposition,1018.000000000000,7.118881118881,139,1
128,three_phase,8.0,segment_tree,516.000000000000,3.608391608392,256,7
128,three_phase,8.0,certirange_point,1254.000000000000,8.769230769231,383,7
128,three_phase,8.0,certirange_range,1254.000000000000,8.769230769231,383,7
128,three_phase,32.0,sorted_array,2988.000000000000,11.857142857143,128,0
128,three_phase,32.0,prefix_sum,2127.000000000000,8.440476190476,257,1
128,three_phase,32.0,fenwick,433.000000000000,1.718253968254,257,7
128,three_phase,32.0,sqrt_decomposition,1042.000000000000,4.134920634921,139,1
128,three_phase,32.0,segment_tree,540.000000000000,2.142857142857,256,7
128,three_phase,32.0,certirange_point,1278.000000000000,5.071428571429,383,7
128,three_phase,32.0,certirange_range,1278.000000000000,5.071428571429,383,7
128,alternating_range_update,2.0,sorted_array,4554.000000000000,13.758308157100,128,0
128,alternating_range_update,2.0,prefix_sum,3327.000000000000,10.051359516616,257,1
128,alternating_range_update,2.0,fenwick,526.000000000000,1.589123867069,257,7
128,alternating_range_update,2.0,sqrt_decomposition,1435.000000000000,4.335347432024,139,1
128,alternating_range_update,2.0,segment_tree,669.000000000000,2.021148036254,256,7
128,alternating_range_update,2.0,certirange_point,1284.000000000000,3.879154078550,383,7
128,alternating_range_update,2.0,certirange_range,1284.000000000000,3.879154078550,383,7
128,alternating_range_update,8.0,sorted_array,4554.000000000000,8.433333333333,128,0
128,alternating_range_update,8.0,prefix_sum,3333.000000000000,6.172222222222,257,1
128,alternating_range_update,8.0,fenwick,532.000000000000,0.985185185185,257,7
128,alternating_range_update,8.0,sqrt_decomposition,1441.000000000000,2.668518518519,139,1
128,alternating_range_update,8.0,segment_tree,675.000000000000,1.250000000000,256,7
128,alternating_range_update,8.0,certirange_point,1290.000000000000,2.388888888889,383,7
128,alternating_range_update,8.0,certirange_range,1290.000000000000,2.388888888889,383,7
128,alternating_range_update,32.0,sorted_array,4554.000000000000,7.744897959184,128,0
128,alternating_range_update,32.0,prefix_sum,3357.000000000000,5.709183673469,257,1
128,alternating_range_update,32.0,fenwick,556.000000000000,0.945578231293,257,7
128,alternating_range_update,32.0,sqrt_decomposition,1465.000000000000,2.491496598639,139,1
128,alternating_range_update,32.0,segment_tree,699.000000000000,1.188775510204,256,7
128,alternating_range_update,32.0,certirange_point,1314.000000000000,2.234693877551,383,7
128,alternating_range_update,32.0,certirange_range,1314.000000000000,2.234693877551,383,7
128,short_bursts,2.0,sorted_array,4416.000000000000,28.127388535032,128,0
128,short_bursts,2.0,prefix_sum,1717.000000000000,10.936305732484,257,1
128,short_bursts,2.0,fenwick,478.000000000000,3.044585987261,257,7
128,short_bursts,2.0,sqrt_decomposition,1193.000000000000,7.598726114650,139,1
128,short_bursts,2.0,segment_tree,553.000000000000,3.522292993631,256,7
128,short_bursts,2.0,certirange_point,1510.000000000000,9.617834394904,383,7
128,short_bursts,2.0,certirange_range,1510.000000000000,9.617834394904,383,7
128,short_bursts,8.0,sorted_array,4416.000000000000,22.190954773869,128,0
128,short_bursts,8.0,prefix_sum,1723.000000000000,8.658291457286,257,1
128,short_bursts,8.0,fenwick,484.000000000000,2.432160804020,257,7
128,short_bursts,8.0,sqrt_decomposition,1199.000000000000,6.025125628141,139,1
128,short_bursts,8.0,segment_tree,559.000000000000,2.809045226131,256,7
128,short_bursts,8.0,certirange_point,1516.000000000000,7.618090452261,383,7
128,short_bursts,8.0,certirange_range,1516.000000000000,7.618090452261,383,7
128,short_bursts,32.0,sorted_array,4416.000000000000,10.718446601942,128,0
128,short_bursts,32.0,prefix_sum,1747.000000000000,4.240291262136,257,1
128,short_bursts,32.0,fenwick,508.000000000000,1.233009708738,257,7
128,short_bursts,32.0,sqrt_decomposition,1223.000000000000,2.968446601942,139,1
128,short_bursts,32.0,segment_tree,583.000000000000,1.415048543689,256,7
128,short_bursts,32.0,certirange_point,1540.000000000000,3.737864077670,383,7
128,short_bursts,32.0,certirange_range,1540.000000000000,3.737864077670,383,7
128,random_iid,2.0,sorted_array,3369.000000000000,18.016042780749,128,0
128,random_iid,2.0,prefix_sum,1502.000000000000,8.032085561497,257,1
128,random_iid,2.0,fenwick,389.000000000000,2.080213903743,257,7
128,random_iid,2.0,sqrt_decomposition,995.000000000000,5.320855614973,139,1
128,random_iid,2.0,segment_tree,512.000000000000,2.737967914439,256,7
128,random_iid,2.0,certirange_point,1323.000000000000,7.074866310160,383,7
128,random_iid,2.0,certirange_range,1323.000000000000,7.074866310160,383,7
128,random_iid,8.0,sorted_array,3369.000000000000,9.105405405405,128,0
128,random_iid,8.0,prefix_sum,1508.000000000000,4.075675675676,257,1
128,random_iid,8.0,fenwick,395.000000000000,1.067567567568,257,7
128,random_iid,8.0,sqrt_decomposition,1001.000000000000,2.705405405405,139,1
128,random_iid,8.0,segment_tree,518.000000000000,1.400000000000,256,7
128,random_iid,8.0,certirange_point,1329.000000000000,3.591891891892,383,7
128,random_iid,8.0,certirange_range,1329.000000000000,3.591891891892,383,7
128,random_iid,32.0,sorted_array,3369.000000000000,7.656818181818,128,0
128,random_iid,32.0,prefix_sum,1532.000000000000,3.481818181818,257,1
128,random_iid,32.0,fenwick,419.000000000000,0.952272727273,257,7
128,random_iid,32.0,sqrt_decomposition,1025.000000000000,2.329545454545,139,1
128,random_iid,32.0,segment_tree,542.000000000000,1.231818181818,256,7
128,random_iid,32.0,certirange_point,1353.000000000000,3.075000000000,383,7
128,random_iid,32.0,certirange_range,1353.000000000000,3.075000000000,383,7
128,markov_bursty,2.0,sorted_array,1774.000000000000,13.968503937008,128,0
128,markov_bursty,2.0,prefix_sum,2377.000000000000,18.716535433071,257,1
128,markov_bursty,2.0,fenwick,336.000000000000,2.645669291339,257,7
128,markov_bursty,2.0,sqrt_decomposition,868.000000000000,6.834645669291,139,1
128,markov_bursty,2.0,segment_tree,483.000000000000,3.803149606299,256,7
128,markov_bursty,2.0,certirange_point,1042.000000000000,8.204724409449,383,7
128,markov_bursty,2.0,certirange_range,1042.000000000000,8.204724409449,383,7
128,markov_bursty,8.0,sorted_array,1774.000000000000,10.497041420118,128,0
128,markov_bursty,8.0,prefix_sum,2383.000000000000,14.100591715976,257,1
128,markov_bursty,8.0,fenwick,342.000000000000,2.023668639053,257,7
128,markov_bursty,8.0,sqrt_decomposition,874.000000000000,5.171597633136,139,1
128,markov_bursty,8.0,segment_tree,489.000000000000,2.893491124260,256,7
128,markov_bursty,8.0,certirange_point,1048.000000000000,6.201183431953,383,7
128,markov_bursty,8.0,certirange_range,1048.000000000000,6.201183431953,383,7
128,markov_bursty,32.0,sorted_array,1774.000000000000,3.672877846791,128,0
128,markov_bursty,32.0,prefix_sum,2407.000000000000,4.983436853002,257,1
128,markov_bursty,32.0,fenwick,366.000000000000,0.757763975155,257,7
128,markov_bursty,32.0,sqrt_decomposition,898.000000000000,1.859213250518,139,1
128,markov_bursty,32.0,segment_tree,513.000000000000,1.062111801242,256,7
128,markov_bursty,32.0,certirange_point,1072.000000000000,2.219461697723,383,7
128,markov_bursty,32.0,certirange_range,1072.000000000000,2.219461697723,383,7
128,varying_ranges,2.0,sorted_array,4969.000000000000,25.880208333333,128,0
128,varying_ranges,2.0,prefix_sum,192.000000000000,1.000000000000,257,1
128,varying_ranges,2.0,fenwick,644.000000000000,3.354166666667,257,7
128,varying_ranges,2.0,sqrt_decomposition,1418.000000000000,7.385416666667,139,1
128,varying_ranges,2.0,segment_tree,535.000000000000,2.786458333333,256,7
128,varying_ranges,2.0,certirange_point,2226.000000000000,11.593750000000,383,7
128,varying_ranges,2.0,certirange_range,2226.000000000000,11.593750000000,383,7
128,varying_ranges,8.0,sorted_array,4969.000000000000,23.661904761905,128,0
128,varying_ranges,8.0,prefix_sum,198.000000000000,0.942857142857,257,1
128,varying_ranges,8.0,fenwick,650.000000000000,3.095238095238,257,7
128,varying_ranges,8.0,sqrt_decomposition,1424.000000000000,6.780952380952,139,1
128,varying_ranges,8.0,segment_tree,541.000000000000,2.576190476190,256,7
128,varying_ranges,8.0,certirange_point,2232.000000000000,10.628571428571,383,7
128,varying_ranges,8.0,certirange_range,2232.000000000000,10.628571428571,383,7
128,varying_ranges,32.0,sorted_array,4969.000000000000,19.185328185328,128,0
128,varying_ranges,32.0,prefix_sum,222.000000000000,0.857142857143,257,1
128,varying_ranges,32.0,fenwick,674.000000000000,2.602316602317,257,7
128,varying_ranges,32.0,sqrt_decomposition,1448.000000000000,5.590733590734,139,1
128,varying_ranges,32.0,segment_tree,565.000000000000,2.181467181467,256,7
128,varying_ranges,32.0,certirange_point,2256.000000000000,8.710424710425,383,7
128,varying_ranges,32.0,certirange_range,2256.000000000000,8.710424710425,383,7
