n,scenario,migration_cost_units,policy,cost,switches,ratio_to_unrestricted_oracle,certificate_verified
16,stable_points,2.0,tracking_wfa,96.000000000000,0,1.000000000000,True
16,stable_points,2.0,initial_static,96.000000000000,0,1.000000000000,True
16,stable_points,2.0,best_fixed_hindsight,96.000000000000,0,1.000000000000,True
16,stable_points,2.0,myopic_current_operation,96.000000000000,0,1.000000000000,True
16,stable_points,2.0,cumulative_leader,96.000000000000,0,1.000000000000,True
16,stable_points,2.0,exact_k_switch_oracle,96.000000000000,0,1.000000000000,True
16,stable_points,2.0,exact_unrestricted_oracle,96.000000000000,0,1.000000000000,True
16,stable_points,8.0,tracking_wfa,96.000000000000,0,1.000000000000,True
16,stable_points,8.0,initial_static,96.000000000000,0,1.000000000000,True
16,stable_points,8.0,best_fixed_hindsight,96.000000000000,0,1.000000000000,True
16,stable_points,8.0,myopic_current_operation,96.000000000000,0,1.000000000000,True
16,stable_points,8.0,cumulative_leader,96.000000000000,0,1.000000000000,True
16,stable_points,8.0,exact_k_switch_oracle,96.000000000000,0,1.000000000000,True
16,stable_points,8.0,exact_unrestricted_oracle,96.000000000000,0,1.000000000000,True
16,stable_points,32.0,tracking_wfa,96.000000000000,0,1.000000000000,True
16,stable_points,32.0,initial_static,96.000000000000,0,1.000000000000,True
16,stable_points,32.0,best_fixed_hindsight,96.000000000000,0,1.000000000000,True
16,stable_points,32.0,myopic_current_operation,96.000000000000,0,1.000000000000,True
16,stable_points,32.0,cumulative_leader,96.000000000000,0,1.000000000000,True
16,stable_points,32.0,exact_k_switch_oracle,96.000000000000,0,1.000000000000,True
16,stable_points,32.0,exact_unrestricted_oracle,96.000000000000,0,1.000000000000,True
16,stable_ranges,2.0,tracking_wfa,174.000000000000,1,1.000000000000,True
16,stable_ranges,2.0,initial_static,1202.000000000000,0,6.908045977011,True
16,stable_ranges,2.0,best_fixed_hindsight,174.000000000000,1,1.000000000000,True
16,stable_ranges,2.0,myopic_current_operation,174.000000000000,1,1.000000000000,True
16,stable_ranges,2.0,cumulative_leader,174.000000000000,1,1.000000000000,True
16,stable_ranges,2.0,exact_k_switch_oracle,174.000000000000,1,1.000000000000,True
16,stable_ranges,2.0,exact_unrestricted_oracle,174.000000000000,1,1.000000000000,True
16,stable_ranges,8.0,tracking_wfa,195.000000000000,1,1.083333333333,True
16,stable_ranges,8.0,initial_static,1202.000000000000,0,6.677777777778,True
16,stable_ranges,8.0,best_fixed_hindsight,180.000000000000,1,1.000000000000,True
16,stable_ranges,8.0,myopic_current_operation,180.000000000000,1,1.000000000000,True
16,stable_ranges,8.0,cumulative_leader,180.000000000000,1,1.000000000000,True
16,stable_ranges,8.0,exact_k_switch_oracle,180.000000000000,1,1.000000000000,True
16,stable_ranges,8.0,exact_unrestricted_oracle,180.000000000000,1,1.000000000000,True
16,stable_ranges,32.0,tracking_wfa,259.000000000000,1,1.269607843137,True
16,stable_ranges,32.0,initial_static,1202.000000000000,0,5.892156862745,True
16,stable_ranges,32.0,best_fixed_hindsight,204.000000000000,1,1.000000000000,True
16,stable_ranges,32.0,myopic_current_operation,1202.000000000000,0,5.892156862745,True
16,stable_ranges,32.0,cumulative_leader,229.000000000000,1,1.122549019608,True
16,stable_ranges,32.0,exact_k_switch_oracle,204.000000000000,1,1.000000000000,True
16,stable_ranges,32.0,exact_unrestricted_oracle,204.000000000000,1,1.000000000000,True
16,stable_updates,2.0,tracking_wfa,96.000000000000,0,1.000000000000,True
16,stable_updates,2.0,initial_static,96.000000000000,0,1.000000000000,True
16,stable_updates,2.0,best_fixed_hindsight,96.000000000000,0,1.000000000000,True
16,stable_updates,2.0,myopic_current_operation,96.000000000000,0,1.000000000000,True
16,stable_updates,2.0,cumulative_leader,96.000000000000,0,1.000000000000,True
16,stable_updates,2.0,exact_k_switch_oracle,96.000000000000,0,1.000000000000,True
16,stable_updates,2.0,exact_unrestricted_oracle,96.000000000000,0,1.000000000000,True
16,stable_updates,8.0,tracking_wfa,96.000000000000,0,1.000000000000,True
16,stable_updates,8.0,initial_static,96.000000000000,0,1.000000000000,True
16,stable_updates,8.0,best_fixed_hindsight,96.000000000000,0,1.000000000000,True
16,stable_updates,8.0,myopic_current_operation,96.000000000000,0,1.000000000000,True
16,stable_updates,8.0,cumulative_leader,96.000000000000,0,1.000000000000,True
16,stable_updates,8.0,exact_k_switch_oracle,96.000000000000,0,1.000000000000,True
16,stable_updates,8.0,exact_unrestricted_oracle,96.000000000000,0,1.000000000000,True
16,stable_updates,32.0,tracking_wfa,96.000000000000,0,1.000000000000,True
16,stable_updates,32.0,initial_static,96.000000000000,0,1.000000000000,True
16,stable_updates,32.0,best_fixed_hindsight,96.000000000000,0,1.000000000000,True
16,stable_updates,32.0,myopic_current_operation,96.000000000000,0,1.000000000000,True
16,stable_updates,32.0,cumulative_leader,96.000000000000,0,1.000000000000,True
16,stable_updates,32.0,exact_k_switch_oracle,96.000000000000,0,1.000000000000,True
16,stable_updates,32.0,exact_unrestricted_oracle,96.000000000000,0,1.000000000000,True
16,mixed_read_heavy,2.0,tracking_wfa,157.000000000000,16,1.000000000000,True
16,mixed_read_heavy,2.0,initial_static,412.000000000000,0,2.624203821656,True
16,mixed_read_heavy,2.0,best_fixed_hindsight,197.000000000000,1,1.254777070064,True
16,mixed_read_heavy,2.0,myopic_current_operation,159.000000000000,18,1.012738853503,True
16,mixed_read_heavy,2.0,cumulative_leader,195.000000000000,6,1.242038216561,True
16,mixed_read_heavy,2.0,exact_k_switch_oracle,184.000000000000,4,1.171974522293,True
16,mixed_read_heavy,2.0,exact_unrestricted_oracle,157.000000000000,14,1.000000000000,True
16,mixed_read_heavy,8.0,tracking_wfa,219.000000000000,3,1.084158415842,True
16,mixed_read_heavy,8.0,initial_static,412.000000000000,0,2.039603960396,True
16,mixed_read_heavy,8.0,best_fixed_hindsight,203.000000000000,1,1.004950495050,True
16,mixed_read_heavy,8.0,myopic_current_operation,227.000000000000,11,1.123762376238,True
16,mixed_read_heavy,8.0,cumulative_leader,207.000000000000,1,1.024752475248,True
16,mixed_read_heavy,8.0,exact_k_switch_oracle,202.000000000000,2,1.000000000000,True
16,mixed_read_heavy,8.0,exact_unrestricted_oracle,202.000000000000,2,1.000000000000,True
16,mixed_read_heavy,32.0,tracking_wfa,292.000000000000,1,1.286343612335,True
16,mixed_read_heavy,32.0,initial_static,412.000000000000,0,1.814977973568,True
16,mixed_read_heavy,32.0,best_fixed_hindsight,227.000000000000,1,1.000000000000,True
16,mixed_read_heavy,32.0,myopic_current_operation,412.000000000000,0,1.814977973568,True
16,mixed_read_heavy,32.0,cumulative_leader,253.000000000000,1,1.114537444934,True
16,mixed_read_heavy,32.0,exact_k_switch_oracle,227.000000000000,1,1.000000000000,True
16,mixed_read_heavy,32.0,exact_unrestricted_oracle,227.000000000000,1,1.000000000000,True
16,mixed_write_heavy,2.0,tracking_wfa,162.000000000000,22,1.025316455696,True
16,mixed_write_heavy,2.0,initial_static,350.000000000000,0,2.215189873418,True
16,mixed_write_heavy,2.0,best_fixed_hindsight,289.000000000000,1,1.829113924051,True
16,mixed_write_heavy,2.0,myopic_current_operation,159.000000000000,22,1.006329113924,True
16,mixed_write_heavy,2.0,cumulative_leader,287.000000000000,2,1.816455696203,True
16,mixed_write_heavy,2.0,exact_k_switch_oracle,270.000000000000,4,1.708860759494,True
16,mixed_write_heavy,2.0,exact_unrestricted_oracle,158.000000000000,22,1.000000000000,True
16,mixed_write_heavy,8.0,tracking_wfa,426.000000000000,12,1.479166666667,True
16,mixed_write_heavy,8.0,initial_static,350.000000000000,0,1.215277777778,True
16,mixed_write_heavy,8.0,best_fixed_hindsight,295.000000000000,1,1.024305555556,True
16,mixed_write_heavy,8.0,myopic_current_operation,306.000000000000,18,1.062500000000,True
16,mixed_write_heavy,8.0,cumulative_leader,307.000000000000,2,1.065972222222,True
16,mixed_write_heavy,8.0,exact_k_switch_oracle,293.000000000000,2,1.017361111111,True
16,mixed_write_heavy,8.0,exact_unrestricted_oracle,288.000000000000,10,1.000000000000,True
16,mixed_write_heavy,32.0,tracking_wfa,380.000000000000,1,1.191222570533,True
16,mixed_write_heavy,32.0,initial_static,350.000000000000,0,1.097178683386,True
16,mixed_write_heavy,32.0,best_fixed_hindsight,319.000000000000,1,1.000000000000,True
16,mixed_write_heavy,32.0,myopic_current_operation,350.000000000000,0,1.097178683386,True
16,mixed_write_heavy,32.0,cumulative_leader,349.000000000000,1,1.094043887147,True
16,mixed_write_heavy,32.0,exact_k_switch_oracle,319.000000000000,1,1.000000000000,True
16,mixed_write_heavy,32.0,exact_unrestricted_oracle,319.000000000000,1,1.000000000000,True
16,point_to_range,2.0,tracking_wfa,136.000000000000,1,1.000000000000,True
16,point_to_range,2.0,initial_static,647.000000000000,0,4.757352941176,True
16,point_to_range,2.0,best_fixed_hindsight,136.000000000000,1,1.000000000000,True
16,point_to_range,2.0,myopic_current_operation,136.000000000000,1,1.000000000000,True
16,point_to_range,2.0,cumulative_leader,136.000000000000,1,1.000000000000,True
16,point_to_range,2.0,exact_k_switch_oracle,136.000000000000,1,1.000000000000,True
16,point_to_range,2.0,exact_unrestricted_oracle,136.000000000000,1,1.000000000000,True
16,point_to_range,8.0,tracking_wfa,153.000000000000,1,1.077464788732,True
16,point_to_range,8.0,initial_static,647.000000000000,0,4.556338028169,True
16,point_to_range,8.0,best_fixed_hindsight,142.000000000000,1,1.000000000000,True
16,point_to_range,8.0,myopic_current_operation,142.000000000000,1,1.000000000000,True
16,point_to_range,8.0,cumulative_leader,142.000000000000,1,1.000000000000,True
16,point_to_range,8.0,exact_k_switch_oracle,142.000000000000,1,1.000000000000,True
16,point_to_range,8.0,exact_unrestricted_oracle,142.000000000000,1,1.000000000000,True
16,point_to_range,32.0,tracking_wfa,229.000000000000,1,1.379518072289,True
16,point_to_range,32.0,initial_static,647.000000000000,0,3.897590361446,True
16,point_to_range,32.0,best_fixed_hindsight,166.000000000000,1,1.000000000000,True
16,point_to_range,32.0,myopic_current_operation,647.000000000000,0,3.897590361446,True
16,point_to_range,32.0,cumulative_leader,197.000000000000,1,1.186746987952,True
16,point_to_range,32.0,exact_k_switch_oracle,166.000000000000,1,1.000000000000,True
16,point_to_range,32.0,exact_unrestricted_oracle,166.000000000000,1,1.000000000000,True
16,range_to_update,2.0,tracking_wfa,138.000000000000,2,1.000000000000,True
16,range_to_update,2.0,initial_static,651.000000000000,0,4.717391304348,True
16,range_to_update,2.0,best_fixed_hindsight,325.000000000000,1,2.355072463768,True
16,range_to_update,2.0,myopic_current_operation,138.000000000000,2,1.000000000000,True
16,range_to_update,2.0,cumulative_leader,327.000000000000,2,2.369565217391,True
16,range_to_update,2.0,exact_k_switch_oracle,138.000000000000,2,1.000000000000,True
16,range_to_update,2.0,exact_unrestricted_oracle,138.000000000000,2,1.000000000000,True
16,range_to_update,8.0,tracking_wfa,178.000000000000,2,1.186666666667,True
16,range_to_update,8.0,initial_static,651.000000000000,0,4.340000000000,True
16,range_to_update,8.0,best_fixed_hindsight,331.000000000000,1,2.206666666667,True
16,range_to_update,8.0,myopic_current_operation,150.000000000000,2,1.000000000000,True
16,range_to_update,8.0,cumulative_leader,339.000000000000,2,2.260000000000,True
16,range_to_update,8.0,exact_k_switch_oracle,150.000000000000,2,1.000000000000,True
16,range_to_update,8.0,exact_unrestricted_oracle,150.000000000000,2,1.000000000000,True
16,range_to_update,32.0,tracking_wfa,316.000000000000,2,1.595959595960,True
16,range_to_update,32.0,initial_static,651.000000000000,0,3.287878787879,True
16,range_to_update,32.0,best_fixed_hindsight,355.000000000000,1,1.792929292929,True
16,range_to_update,32.0,myopic_current_operation,651.000000000000,0,3.287878787879,True
16,range_to_update,32.0,cumulative_leader,443.000000000000,2,2.237373737374,True
16,range_to_update,32.0,exact_k_switch_oracle,198.000000000000,2,1.000000000000,True
16,range_to_update,32.0,exact_unrestricted_oracle,198.000000000000,2,1.000000000000,True
16,update_to_range,2.0,tracking_wfa,136.000000000000,1,1.000000000000,True
16,update_to_range,2.0,initial_static,647.000000000000,0,4.757352941176,True
16,update_to_range,2.0,best_fixed_hindsight,326.000000000000,1,2.397058823529,True
16,update_to_range,2.0,myopic_current_operation,136.000000000000,1,1.000000000000,True
16,update_to_range,2.0,cumulative_leader,325.000000000000,1,2.389705882353,True
16,update_to_range,2.0,exact_k_switch_oracle,136.000000000000,1,1.000000000000,True
16,update_to_range,2.0,exact_unrestricted_oracle,136.000000000000,1,1.000000000000,True
16,update_to_range,8.0,tracking_wfa,153.000000000000,1,1.077464788732,True
16,update_to_range,8.0,initial_static,647.000000000000,0,4.556338028169,True
16,update_to_range,8.0,best_fixed_hindsight,332.000000000000,1,2.338028169014,True
16,update_to_range,8.0,myopic_current_operation,142.000000000000,1,1.000000000000,True
16,update_to_range,8.0,cumulative_leader,337.000000000000,1,2.373239436620,True
16,update_to_range,8.0,exact_k_switch_oracle,142.000000000000,1,1.000000000000,True
16,update_to_range,8.0,exact_unrestricted_oracle,142.000000000000,1,1.000000000000,True
16,update_to_range,32.0,tracking_wfa,229.000000000000,1,1.379518072289,True
16,update_to_range,32.0,initial_static,647.000000000000,0,3.897590361446,True
16,update_to_range,32.0,best_fixed_hindsight,356.000000000000,1,2.144578313253,True
16,update_to_range,32.0,myopic_current_operation,647.000000000000,0,3.897590361446,True
16,update_to_range,32.0,cumulative_leader,384.000000000000,1,2.313253012048,True
16,update_to_range,32.0,exact_k_switch_oracle,166.000000000000,1,1.000000000000,True
16,update_to_range,32.0,exact_unrestricted_oracle,166.000000000000,1,1.000000000000,True
16,three_phase,2.0,tracking_wfa,126.000000000000,2,1.000000000000,True
16,three_phase,2.0,initial_static,463.000000000000,0,3.674603174603,True
16,three_phase,2.0,best_fixed_hindsight,251.000000000000,1,1.992063492063,True
16,three_phase,2.0,myopic_current_operation,126.000000000000,2,1.000000000000,True
16,three_phase,2.0,cumulative_leader,255.000000000000,2,2.023809523810,True
16,three_phase,2.0,exact_k_switch_oracle,126.000000000000,2,1.000000000000,True
16,three_phase,2.0,exact_unrestricted_oracle,126.000000000000,2,1.000000000000,True
16,three_phase,8.0,tracking_wfa,163.000000000000,2,1.181159420290,True
16,three_phase,8.0,initial_static,463.000000000000,0,3.355072463768,True
16,three_phase,8.0,best_fixed_hindsight,257.000000000000,1,1.862318840580,True
16,three_phase,8.0,myopic_current_operation,138.000000000000,2,1.000000000000,True
16,three_phase,8.0,cumulative_leader,271.000000000000,2,1.963768115942,True
16,three_phase,8.0,exact_k_switch_oracle,138.000000000000,2,1.000000000000,True
16,three_phase,8.0,exact_unrestricted_oracle,138.000000000000,2,1.000000000000,True
16,three_phase,32.0,tracking_wfa,313.000000000000,2,1.682795698925,True
16,three_phase,32.0,initial_static,463.000000000000,0,2.489247311828,True
16,three_phase,32.0,best_fixed_hindsight,281.000000000000,1,1.510752688172,True
16,three_phase,32.0,myopic_current_operation,463.000000000000,0,2.489247311828,True
16,three_phase,32.0,cumulative_leader,371.000000000000,2,1.994623655914,True
16,three_phase,32.0,exact_k_switch_oracle,186.000000000000,2,1.000000000000,True
16,three_phase,32.0,exact_unrestricted_oracle,186.000000000000,2,1.000000000000,True
16,alternating_range_update,2.0,tracking_wfa,312.000000000000,65,1.026315789474,True
16,alternating_range_update,2.0,initial_static,672.000000000000,0,2.210526315789,True
16,alternating_range_update,2.0,best_fixed_hindsight,313.000000000000,1,1.029605263158,True
16,alternating_range_update,2.0,myopic_current_operation,326.000000000000,96,1.072368421053,True
16,alternating_range_update,2.0,cumulative_leader,315.000000000000,2,1.036184210526,True
16,alternating_range_update,2.0,exact_k_switch_oracle,310.000000000000,4,1.019736842105,True
16,alternating_range_update,2.0,exact_unrestricted_oracle,304.000000000000,24,1.000000000000,True
16,alternating_range_update,8.0,tracking_wfa,331.000000000000,1,1.037617554859,True
16,alternating_range_update,8.0,initial_static,672.000000000000,0,2.106583072100,True
16,alternating_range_update,8.0,best_fixed_hindsight,319.000000000000,1,1.000000000000,True
16,alternating_range_update,8.0,myopic_current_operation,664.000000000000,54,2.081504702194,True
16,alternating_range_update,8.0,cumulative_leader,327.000000000000,2,1.025078369906,True
16,alternating_range_update,8.0,exact_k_switch_oracle,319.000000000000,1,1.000000000000,True
16,alternating_range_update,8.0,exact_unrestricted_oracle,319.000000000000,1,1.000000000000,True
16,alternating_range_update,32.0,tracking_wfa,404.000000000000,1,1.177842565598,True
16,alternating_range_update,32.0,initial_static,672.000000000000,0,1.959183673469,True
16,alternating_range_update,32.0,best_fixed_hindsight,343.000000000000,1,1.000000000000,True
16,alternating_range_update,32.0,myopic_current_operation,672.000000000000,0,1.959183673469,True
16,alternating_range_update,32.0,cumulative_leader,368.000000000000,1,1.072886297376,True
16,alternating_range_update,32.0,exact_k_switch_oracle,343.000000000000,1,1.000000000000,True
16,alternating_range_update,32.0,exact_unrestricted_oracle,343.000000000000,1,1.000000000000,True
16,short_bursts,2.0,tracking_wfa,148.000000000000,7,1.000000000000,True
16,short_bursts,2.0,initial_static,647.000000000000,0,4.371621621622,True
16,short_bursts,2.0,best_fixed_hindsight,281.000000000000,1,1.898648648649,True
16,short_bursts,2.0,myopic_current_operation,148.000000000000,7,1.000000000000,True
16,short_bursts,2.0,cumulative_leader,278.000000000000,2,1.878378378378,True
16,short_bursts,2.0,exact_k_switch_oracle,222.000000000000,4,1.500000000000,True
16,short_bursts,2.0,exact_unrestricted_oracle,148.000000000000,7,1.000000000000,True
16,short_bursts,8.0,tracking_wfa,274.000000000000,7,1.442105263158,True
16,short_bursts,8.0,initial_static,647.000000000000,0,3.405263157895,True
16,short_bursts,8.0,best_fixed_hindsight,287.000000000000,1,1.510526315789,True
16,short_bursts,8.0,myopic_current_operation,190.000000000000,7,1.000000000000,True
16,short_bursts,8.0,cumulative_leader,299.000000000000,2,1.573684210526,True
16,short_bursts,8.0,exact_k_switch_oracle,246.000000000000,4,1.294736842105,True
16,short_bursts,8.0,exact_unrestricted_oracle,190.000000000000,7,1.000000000000,True
16,short_bursts,32.0,tracking_wfa,435.000000000000,2,1.398713826367,True
16,short_bursts,32.0,initial_static,647.000000000000,0,2.080385852090,True
16,short_bursts,32.0,best_fixed_hindsight,311.000000000000,1,1.000000000000,True
16,short_bursts,32.0,myopic_current_operation,647.000000000000,0,2.080385852090,True
16,short_bursts,32.0,cumulative_leader,403.000000000000,2,1.295819935691,True
16,short_bursts,32.0,exact_k_switch_oracle,311.000000000000,1,1.000000000000,True
16,short_bursts,32.0,exact_unrestricted_oracle,311.000000000000,1,1.000000000000,True
16,random_iid,2.0,tracking_wfa,186.000000000000,28,1.016393442623,True
16,random_iid,2.0,initial_static,505.000000000000,0,2.759562841530,True
16,random_iid,2.0,best_fixed_hindsight,240.000000000000,1,1.311475409836,True
16,random_iid,2.0,myopic_current_operation,185.000000000000,30,1.010928961749,True
16,random_iid,2.0,cumulative_leader,244.000000000000,2,1.333333333333,True
16,random_iid,2.0,exact_k_switch_oracle,222.000000000000,4,1.213114754098,True
16,random_iid,2.0,exact_unrestricted_oracle,183.000000000000,24,1.000000000000,True
16,random_iid,8.0,tracking_wfa,278.000000000000,3,1.139344262295,True
16,random_iid,8.0,initial_static,505.000000000000,0,2.069672131148,True
16,random_iid,8.0,best_fixed_hindsight,246.000000000000,1,1.008196721311,True
16,random_iid,8.0,myopic_current_operation,305.000000000000,18,1.250000000000,True
16,random_iid,8.0,cumulative_leader,256.000000000000,2,1.049180327869,True
16,random_iid,8.0,exact_k_switch_oracle,244.000000000000,2,1.000000000000,True
16,random_iid,8.0,exact_unrestricted_oracle,244.000000000000,2,1.000000000000,True
16,random_iid,32.0,tracking_wfa,333.000000000000,1,1.233333333333,True
16,random_iid,32.0,initial_static,505.000000000000,0,1.870370370370,True
16,random_iid,32.0,best_fixed_hindsight,270.000000000000,1,1.000000000000,True
16,random_iid,32.0,myopic_current_operation,505.000000000000,0,1.870370370370,True
16,random_iid,32.0,cumulative_leader,363.000000000000,2,1.344444444444,True
16,random_iid,32.0,exact_k_switch_oracle,270.000000000000,1,1.000000000000,True
16,random_iid,32.0,exact_unrestricted_oracle,270.000000000000,1,1.000000000000,True
16,markov_bursty,2.0,tracking_wfa,132.000000000000,9,1.007633587786,True
16,markov_bursty,2.0,initial_static,353.000000000000,0,2.694656488550,True
16,markov_bursty,2.0,best_fixed_hindsight,219.000000000000,1,1.671755725191,True
16,markov_bursty,2.0,myopic_current_operation,132.000000000000,9,1.007633587786,True
16,markov_bursty,2.0,cumulative_leader,219.000000000000,1,1.671755725191,True
16,markov_bursty,2.0,exact_k_switch_oracle,168.000000000000,4,1.282442748092,True
16,markov_bursty,2.0,exact_unrestricted_oracle,131.000000000000,9,1.000000000000,True
16,markov_bursty,8.0,tracking_wfa,286.000000000000,10,1.545945945946,True
16,markov_bursty,8.0,initial_static,353.000000000000,0,1.908108108108,True
16,markov_bursty,8.0,best_fixed_hindsight,225.000000000000,1,1.216216216216,True
16,markov_bursty,8.0,myopic_current_operation,207.000000000000,7,1.118918918919,True
16,markov_bursty,8.0,cumulative_leader,230.000000000000,1,1.243243243243,True
16,markov_bursty,8.0,exact_k_switch_oracle,192.000000000000,4,1.037837837838,True
16,markov_bursty,8.0,exact_unrestricted_oracle,185.000000000000,7,1.000000000000,True
16,markov_bursty,32.0,tracking_wfa,345.000000000000,2,1.513157894737,True
16,markov_bursty,32.0,initial_static,353.000000000000,0,1.548245614035,True
16,markov_bursty,32.0,best_fixed_hindsight,249.000000000000,1,1.092105263158,True
16,markov_bursty,32.0,myopic_current_operation,353.000000000000,0,1.548245614035,True
16,markov_bursty,32.0,cumulative_leader,271.000000000000,1,1.188596491228,True
16,markov_bursty,32.0,exact_k_switch_oracle,228.000000000000,1,1.000000000000,True
16,markov_bursty,32.0,exact_unrestricted_oracle,228.000000000000,1,1.000000000000,True
16,varying_ranges,2.0,tracking_wfa,182.000000000000,1,1.000000000000,True
16,varying_ranges,2.0,initial_static,520.000000000000,0,2.857142857143,True
16,varying_ranges,2.0,best_fixed_hindsight,182.000000000000,1,1.000000000000,True
16,varying_ranges,2.0,myopic_current_operation,182.000000000000,1,1.000000000000,True
16,varying_ranges,2.0,cumulative_leader,182.000000000000,1,1.000000000000,True
16,varying_ranges,2.0,exact_k_switch_oracle,182.000000000000,1,1.000000000000,True
16,varying_ranges,2.0,exact_unrestricted_oracle,182.000000000000,1,1.000000000000,True
16,varying_ranges,8.0,tracking_wfa,200.000000000000,1,1.063829787234,True
16,varying_ranges,8.0,initial_static,520.000000000000,0,2.765957446809,True
16,varying_ranges,8.0,best_fixed_hindsight,188.000000000000,1,1.000000000000,True
16,varying_ranges,8.0,myopic_current_operation,188.000000000000,1,1.000000000000,True
16,varying_ranges,8.0,cumulative_leader,188.000000000000,1,1.000000000000,True
16,varying_ranges,8.0,exact_k_switch_oracle,188.000000000000,1,1.000000000000,True
16,varying_ranges,8.0,exact_unrestricted_oracle,188.000000000000,1,1.000000000000,True
16,varying_ranges,32.0,tracking_wfa,276.000000000000,1,1.301886792453,True
16,varying_ranges,32.0,initial_static,520.000000000000,0,2.452830188679,True
16,varying_ranges,32.0,best_fixed_hindsight,212.000000000000,1,1.000000000000,True
16,varying_ranges,32.0,myopic_current_operation,520.000000000000,0,2.452830188679,True
16,varying_ranges,32.0,cumulative_leader,237.000000000000,1,1.117924528302,True
16,varying_ranges,32.0,exact_k_switch_oracle,212.000000000000,1,1.000000000000,True
16,varying_ranges,32.0,exact_unrestricted_oracle,212.000000000000,1,1.000000000000,True
64,stable_points,2.0,tracking_wfa,96.000000000000,0,1.000000000000,True
64,stable_points,2.0,initial_static,96.000000000000,0,1.000000000000,True
64,stable_points,2.0,best_fixed_hindsight,96.000000000000,0,1.000000000000,True
64,stable_points,2.0,myopic_current_operation,96.000000000000,0,1.000000000000,True
64,stable_points,2.0,cumulative_leader,96.000000000000,0,1.000000000000,True
64,stable_points,2.0,exact_k_switch_oracle,96.000000000000,0,1.000000000000,True
64,stable_points,2.0,exact_unrestricted_oracle,96.000000000000,0,1.000000000000,True
64,stable_points,8.0,tracking_wfa,96.000000000000,0,1.000000000000,True
64,stable_points,8.0,initial_static,96.000000000000,0,1.000000000000,True
64,stable_points,8.0,best_fixed_hindsight,96.000000000000,0,1.000000000000,True
64,stable_points,8.0,myopic_current_operation,96.000000000000,0,1.000000000000,True
64,stable_points,8.0,cumulative_leader,96.000000000000,0,1.000000000000,True
64,stable_points,8.0,exact_k_switch_oracle,96.000000000000,0,1.000000000000,True
64,stable_points,8.0,exact_unrestricted_oracle,96.000000000000,0,1.000000000000,True
64,stable_points,32.0,tracking_wfa,96.000000000000,0,1.000000000000,True
64,stable_points,32.0,initial_static,96.000000000000,0,1.000000000000,True
64,stable_points,32.0,best_fixed_hindsight,96.000000000000,0,1.000000000000,True
64,stable_points,32.0,myopic_current_operation,96.000000000000,0,1.000000000000,True
64,stable_points,32.0,cumulative_leader,96.000000000000,0,1.000000000000,True
64,stable_points,32.0,exact_k_switch_oracle,96.000000000000,0,1.000000000000,True
64,stable_points,32.0,exact_unrestricted_oracle,96.000000000000,0,1.000000000000,True
64,stable_ranges,2.0,tracking_wfa,189.000000000000,1,1.000000000000,True
64,stable_ranges,2.0,initial_static,4488.000000000000,0,23.746031746032,True
64,stable_ranges,2.0,best_fixed_hindsight,189.000000000000,1,1.000000000000,True
64,stable_ranges,2.0,myopic_current_operation,189.000000000000,1,1.000000000000,True
64,stable_ranges,2.0,cumulative_leader,189.000000000000,1,1.000000000000,True
64,stable_ranges,2.0,exact_k_switch_oracle,189.000000000000,1,1.000000000000,True
64,stable_ranges,2.0,exact_unrestricted_oracle,189.000000000000,1,1.000000000000,True
64,stable_ranges,8.0,tracking_wfa,195.000000000000,1,1.000000000000,True
64,stable_ranges,8.0,initial_static,4488.000000000000,0,23.015384615385,True
64,stable_ranges,8.0,best_fixed_hindsight,195.000000000000,1,1.000000000000,True
64,stable_ranges,8.0,myopic_current_operation,195.000000000000,1,1.000000000000,True
64,stable_ranges,8.0,cumulative_leader,195.000000000000,1,1.000000000000,True
64,stable_ranges,8.0,exact_k_switch_oracle,195.000000000000,1,1.000000000000,True
64,stable_ranges,8.0,exact_unrestricted_oracle,195.000000000000,1,1.000000000000,True
64,stable_ranges,32.0,tracking_wfa,282.000000000000,1,1.287671232877,True
64,stable_ranges,32.0,initial_static,4488.000000000000,0,20.493150684932,True
64,stable_ranges,32.0,best_fixed_hindsight,219.000000000000,1,1.000000000000,True
64,stable_ranges,32.0,myopic_current_operation,219.000000000000,1,1.000000000000,True
64,stable_ranges,32.0,cumulative_leader,219.000000000000,1,1.000000000000,True
64,stable_ranges,32.0,exact_k_switch_oracle,219.000000000000,1,1.000000000000,True
64,stable_ranges,32.0,exact_unrestricted_oracle,219.000000000000,1,1.000000000000,True
64,stable_updates,2.0,tracking_wfa,96.000000000000,0,1.000000000000,True
64,stable_updates,2.0,initial_static,96.000000000000,0,1.000000000000,True
64,stable_updates,2.0,best_fixed_hindsight,96.000000000000,0,1.000000000000,True
64,stable_updates,2.0,myopic_current_operation,96.000000000000,0,1.000000000000,True
64,stable_updates,2.0,cumulative_leader,96.000000000000,0,1.000000000000,True
64,stable_updates,2.0,exact_k_switch_oracle,96.000000000000,0,1.000000000000,True
64,stable_updates,2.0,exact_unrestricted_oracle,96.000000000000,0,1.000000000000,True
64,stable_updates,8.0,tracking_wfa,96.000000000000,0,1.000000000000,True
64,stable_updates,8.0,initial_static,96.000000000000,0,1.000000000000,True
64,stable_updates,8.0,best_fixed_hindsight,96.000000000000,0,1.000000000000,True
64,stable_updates,8.0,myopic_current_operation,96.000000000000,0,1.000000000000,True
64,stable_updates,8.0,cumulative_leader,96.000000000000,0,1.000000000000,True
64,stable_updates,8.0,exact_k_switch_oracle,96.000000000000,0,1.000000000000,True
64,stable_updates,8.0,exact_unrestricted_oracle,96.000000000000,0,1.000000000000,True
64,stable_updates,32.0,tracking_wfa,96.000000000000,0,1.000000000000,True
64,stable_updates,32.0,initial_static,96.000000000000,0,1.000000000000,True
64,stable_updates,32.0,best_fixed_hindsight,96.000000000000,0,1.000000000000,True
64,stable_updates,32.0,myopic_current_operation,96.000000000000,0,1.000000000000,True
64,stable_updates,32.0,cumulative_leader,96.000000000000,0,1.000000000000,True
64,stable_updates,32.0,exact_k_switch_oracle,96.000000000000,0,1.000000000000,True
64,stable_updates,32.0,exact_unrestricted_oracle,96.000000000000,0,1.000000000000,True
64,mixed_read_heavy,2.0,tracking_wfa,159.000000000000,18,1.000000000000,True
64,mixed_read_heavy,2.0,initial_static,1335.000000000000,0,8.396226415094,True
64,mixed_read_heavy,2.0,best_fixed_hindsight,262.000000000000,1,1.647798742138,True
64,mixed_read_heavy,2.0,myopic_current_operation,159.000000000000,18,1.000000000000,True
64,mixed_read_heavy,2.0,cumulative_leader,251.000000000000,2,1.578616352201,True
64,mixed_read_heavy,2.0,exact_k_switch_oracle,241.000000000000,4,1.515723270440,True
64,mixed_read_heavy,2.0,exact_unrestricted_oracle,159.000000000000,18,1.000000000000,True
64,mixed_read_heavy,8.0,tracking_wfa,268.000000000000,3,1.022900763359,True
64,mixed_read_heavy,8.0,initial_static,1335.000000000000,0,5.095419847328,True
64,mixed_read_heavy,8.0,best_fixed_hindsight,268.000000000000,1,1.022900763359,True
64,mixed_read_heavy,8.0,myopic_current_operation,267.000000000000,18,1.019083969466,True
64,mixed_read_heavy,8.0,cumulative_leader,263.000000000000,2,1.003816793893,True
64,mixed_read_heavy,8.0,exact_k_switch_oracle,263.000000000000,2,1.003816793893,True
64,mixed_read_heavy,8.0,exact_unrestricted_oracle,262.000000000000,6,1.000000000000,True
64,mixed_read_heavy,32.0,tracking_wfa,385.000000000000,2,1.318493150685,True
64,mixed_read_heavy,32.0,initial_static,1335.000000000000,0,4.571917808219,True
64,mixed_read_heavy,32.0,best_fixed_hindsight,292.000000000000,1,1.000000000000,True
64,mixed_read_heavy,32.0,myopic_current_operation,593.000000000000,13,2.030821917808,True
64,mixed_read_heavy,32.0,cumulative_leader,336.000000000000,2,1.150684931507,True
64,mixed_read_heavy,32.0,exact_k_switch_oracle,292.000000000000,1,1.000000000000,True
64,mixed_read_heavy,32.0,exact_unrestricted_oracle,292.000000000000,1,1.000000000000,True
64,mixed_write_heavy,2.0,tracking_wfa,164.000000000000,22,1.012345679012,True
64,mixed_write_heavy,2.0,initial_static,1085.000000000000,0,6.697530864198,True
64,mixed_write_heavy,2.0,best_fixed_hindsight,398.000000000000,1,2.456790123457,True
64,mixed_write_heavy,2.0,myopic_current_operation,162.000000000000,22,1.000000000000,True
64,mixed_write_heavy,2.0,cumulative_leader,401.000000000000,2,2.475308641975,True
64,mixed_write_heavy,2.0,exact_k_switch_oracle,366.000000000000,4,2.259259259259,True
64,mixed_write_heavy,2.0,exact_unrestricted_oracle,162.000000000000,22,1.000000000000,True
64,mixed_write_heavy,8.0,tracking_wfa,319.000000000000,22,1.085034013605,True
64,mixed_write_heavy,8.0,initial_static,1085.000000000000,0,3.690476190476,True
64,mixed_write_heavy,8.0,best_fixed_hindsight,404.000000000000,1,1.374149659864,True
64,mixed_write_heavy,8.0,myopic_current_operation,296.000000000000,22,1.006802721088,True
64,mixed_write_heavy,8.0,cumulative_leader,413.000000000000,2,1.404761904762,True
64,mixed_write_heavy,8.0,exact_k_switch_oracle,390.000000000000,4,1.326530612245,True
64,mixed_write_heavy,8.0,exact_unrestricted_oracle,294.000000000000,22,1.000000000000,True
64,mixed_write_heavy,32.0,tracking_wfa,505.000000000000,2,1.179906542056,True
64,mixed_write_heavy,32.0,initial_static,1085.000000000000,0,2.535046728972,True
64,mixed_write_heavy,32.0,best_fixed_hindsight,428.000000000000,1,1.000000000000,True
64,mixed_write_heavy,32.0,myopic_current_operation,959.000000000000,22,2.240654205607,True
64,mixed_write_heavy,32.0,cumulative_leader,461.000000000000,2,1.077102803738,True
64,mixed_write_heavy,32.0,exact_k_switch_oracle,428.000000000000,1,1.000000000000,True
64,mixed_write_heavy,32.0,exact_unrestricted_oracle,428.000000000000,1,1.000000000000,True
64,point_to_range,2.0,tracking_wfa,144.000000000000,1,1.000000000000,True
64,point_to_range,2.0,initial_static,2283.000000000000,0,15.854166666667,True
64,point_to_range,2.0,best_fixed_hindsight,144.000000000000,1,1.000000000000,True
64,point_to_range,2.0,myopic_current_operation,144.000000000000,1,1.000000000000,True
64,point_to_range,2.0,cumulative_leader,144.000000000000,1,1.000000000000,True
64,point_to_range,2.0,exact_k_switch_oracle,144.000000000000,1,1.000000000000,True
64,point_to_range,2.0,exact_unrestricted_oracle,144.000000000000,1,1.000000000000,True
64,point_to_range,8.0,tracking_wfa,150.000000000000,1,1.000000000000,True
64,point_to_range,8.0,initial_static,2283.000000000000,0,15.220000000000,True
64,point_to_range,8.0,best_fixed_hindsight,150.000000000000,1,1.000000000000,True
64,point_to_range,8.0,myopic_current_operation,150.000000000000,1,1.000000000000,True
64,point_to_range,8.0,cumulative_leader,150.000000000000,1,1.000000000000,True
64,point_to_range,8.0,exact_k_switch_oracle,150.000000000000,1,1.000000000000,True
64,point_to_range,8.0,exact_unrestricted_oracle,150.000000000000,1,1.000000000000,True
64,point_to_range,32.0,tracking_wfa,233.000000000000,1,1.339080459770,True
64,point_to_range,32.0,initial_static,2283.000000000000,0,13.120689655172,True
64,point_to_range,32.0,best_fixed_hindsight,174.000000000000,1,1.000000000000,True
64,point_to_range,32.0,myopic_current_operation,174.000000000000,1,1.000000000000,True
64,point_to_range,32.0,cumulative_leader,174.000000000000,1,1.000000000000,True
64,point_to_range,32.0,exact_k_switch_oracle,174.000000000000,1,1.000000000000,True
64,point_to_range,32.0,exact_unrestricted_oracle,174.000000000000,1,1.000000000000,True
64,range_to_update,2.0,tracking_wfa,145.000000000000,2,1.000000000000,True
64,range_to_update,2.0,initial_static,2301.000000000000,0,15.868965517241,True
64,range_to_update,2.0,best_fixed_hindsight,476.000000000000,1,3.282758620690,True
64,range_to_update,2.0,myopic_current_operation,145.000000000000,2,1.000000000000,True
64,range_to_update,2.0,cumulative_leader,476.000000000000,2,3.282758620690,True
64,range_to_update,2.0,exact_k_switch_oracle,145.000000000000,2,1.000000000000,True
64,range_to_update,2.0,exact_unrestricted_oracle,145.000000000000,2,1.000000000000,True
64,range_to_update,8.0,tracking_wfa,170.000000000000,2,1.082802547771,True
64,range_to_update,8.0,initial_static,2301.000000000000,0,14.656050955414,True
64,range_to_update,8.0,best_fixed_hindsight,482.000000000000,1,3.070063694268,True
64,range_to_update,8.0,myopic_current_operation,157.000000000000,2,1.000000000000,True
64,range_to_update,8.0,cumulative_leader,488.000000000000,2,3.108280254777,True
64,range_to_update,8.0,exact_k_switch_oracle,157.000000000000,2,1.000000000000,True
64,range_to_update,8.0,exact_unrestricted_oracle,157.000000000000,2,1.000000000000,True
64,range_to_update,32.0,tracking_wfa,281.000000000000,2,1.370731707317,True
64,range_to_update,32.0,initial_static,2301.000000000000,0,11.224390243902,True
64,range_to_update,32.0,best_fixed_hindsight,506.000000000000,1,2.468292682927,True
64,range_to_update,32.0,myopic_current_operation,218.000000000000,2,1.063414634146,True
64,range_to_update,32.0,cumulative_leader,536.000000000000,2,2.614634146341,True
64,range_to_update,32.0,exact_k_switch_oracle,205.000000000000,2,1.000000000000,True
64,range_to_update,32.0,exact_unrestricted_oracle,205.000000000000,2,1.000000000000,True
64,update_to_range,2.0,tracking_wfa,144.000000000000,1,1.000000000000,True
64,update_to_range,2.0,initial_static,2283.000000000000,0,15.854166666667,True
64,update_to_range,2.0,best_fixed_hindsight,482.000000000000,1,3.347222222222,True
64,update_to_range,2.0,myopic_current_operation,144.000000000000,1,1.000000000000,True
64,update_to_range,2.0,cumulative_leader,472.000000000000,1,3.277777777778,True
64,update_to_range,2.0,exact_k_switch_oracle,144.000000000000,1,1.000000000000,True
64,update_to_range,2.0,exact_unrestricted_oracle,144.000000000000,1,1.000000000000,True
64,update_to_range,8.0,tracking_wfa,150.000000000000,1,1.000000000000,True
64,update_to_range,8.0,initial_static,2283.000000000000,0,15.220000000000,True
64,update_to_range,8.0,best_fixed_hindsight,488.000000000000,1,3.253333333333,True
64,update_to_range,8.0,myopic_current_operation,150.000000000000,1,1.000000000000,True
64,update_to_range,8.0,cumulative_leader,478.000000000000,1,3.186666666667,True
64,update_to_range,8.0,exact_k_switch_oracle,150.000000000000,1,1.000000000000,True
64,update_to_range,8.0,exact_unrestricted_oracle,150.000000000000,1,1.000000000000,True
64,update_to_range,32.0,tracking_wfa,233.000000000000,1,1.339080459770,True
64,update_to_range,32.0,initial_static,2283.000000000000,0,13.120689655172,True
64,update_to_range,32.0,best_fixed_hindsight,512.000000000000,1,2.942528735632,True
64,update_to_range,32.0,myopic_current_operation,174.000000000000,1,1.000000000000,True
64,update_to_range,32.0,cumulative_leader,537.000000000000,1,3.086206896552,True
64,update_to_range,32.0,exact_k_switch_oracle,174.000000000000,1,1.000000000000,True
64,update_to_range,32.0,exact_unrestricted_oracle,174.000000000000,1,1.000000000000,True
64,three_phase,2.0,tracking_wfa,130.000000000000,2,1.000000000000,True
64,three_phase,2.0,initial_static,1532.000000000000,0,11.784615384615,True
64,three_phase,2.0,best_fixed_hindsight,351.000000000000,1,2.700000000000,True
64,three_phase,2.0,myopic_current_operation,130.000000000000,2,1.000000000000,True
64,three_phase,2.0,cumulative_leader,348.000000000000,2,2.676923076923,True
64,three_phase,2.0,exact_k_switch_oracle,130.000000000000,2,1.000000000000,True
64,three_phase,2.0,exact_unrestricted_oracle,130.000000000000,2,1.000000000000,True
64,three_phase,8.0,tracking_wfa,142.000000000000,2,1.000000000000,True
64,three_phase,8.0,initial_static,1532.000000000000,0,10.788732394366,True
64,three_phase,8.0,best_fixed_hindsight,357.000000000000,1,2.514084507042,True
64,three_phase,8.0,myopic_current_operation,142.000000000000,2,1.000000000000,True
64,three_phase,8.0,cumulative_leader,368.000000000000,2,2.591549295775,True
64,three_phase,8.0,exact_k_switch_oracle,142.000000000000,2,1.000000000000,True
64,three_phase,8.0,exact_unrestricted_oracle,142.000000000000,2,1.000000000000,True
64,three_phase,32.0,tracking_wfa,297.000000000000,2,1.563157894737,True
64,three_phase,32.0,initial_static,1532.000000000000,0,8.063157894737,True
64,three_phase,32.0,best_fixed_hindsight,381.000000000000,1,2.005263157895,True
64,three_phase,32.0,myopic_current_operation,190.000000000000,2,1.000000000000,True
64,three_phase,32.0,cumulative_leader,416.000000000000,2,2.189473684211,True
64,three_phase,32.0,exact_k_switch_oracle,190.000000000000,2,1.000000000000,True
64,three_phase,32.0,exact_unrestricted_oracle,190.000000000000,2,1.000000000000,True
64,alternating_range_update,2.0,tracking_wfa,329.000000000000,92,1.000000000000,True
64,alternating_range_update,2.0,initial_static,2349.000000000000,0,7.139817629179,True
64,alternating_range_update,2.0,best_fixed_hindsight,471.000000000000,1,1.431610942249,True
64,alternating_range_update,2.0,myopic_current_operation,333.000000000000,96,1.012158054711,True
64,alternating_range_update,2.0,cumulative_leader,473.000000000000,2,1.437689969605,True
64,alternating_range_update,2.0,exact_k_switch_oracle,464.000000000000,4,1.410334346505,True
64,alternating_range_update,2.0,exact_unrestricted_oracle,329.000000000000,90,1.000000000000,True
64,alternating_range_update,8.0,tracking_wfa,485.000000000000,2,1.016771488470,True
64,alternating_range_update,8.0,initial_static,2349.000000000000,0,4.924528301887,True
64,alternating_range_update,8.0,best_fixed_hindsight,477.000000000000,1,1.000000000000,True
64,alternating_range_update,8.0,myopic_current_operation,849.000000000000,86,1.779874213836,True
64,alternating_range_update,8.0,cumulative_leader,485.000000000000,2,1.016771488470,True
64,alternating_range_update,8.0,exact_k_switch_oracle,477.000000000000,1,1.000000000000,True
64,alternating_range_update,8.0,exact_unrestricted_oracle,477.000000000000,1,1.000000000000,True
64,alternating_range_update,32.0,tracking_wfa,560.000000000000,1,1.117764471058,True
64,alternating_range_update,32.0,initial_static,2349.000000000000,0,4.688622754491,True
64,alternating_range_update,32.0,best_fixed_hindsight,501.000000000000,1,1.000000000000,True
64,alternating_range_update,32.0,myopic_current_operation,2175.000000000000,52,4.341317365269,True
64,alternating_range_update,32.0,cumulative_leader,533.000000000000,2,1.063872255489,True
64,alternating_range_update,32.0,exact_k_switch_oracle,501.000000000000,1,1.000000000000,True
64,alternating_range_update,32.0,exact_unrestricted_oracle,501.000000000000,1,1.000000000000,True
64,short_bursts,2.0,tracking_wfa,156.000000000000,7,1.000000000000,True
64,short_bursts,2.0,initial_static,2232.000000000000,0,14.307692307692,True
64,short_bursts,2.0,best_fixed_hindsight,415.000000000000,1,2.660256410256,True
64,short_bursts,2.0,myopic_current_operation,156.000000000000,7,1.000000000000,True
64,short_bursts,2.0,cumulative_leader,384.000000000000,2,2.461538461538,True
64,short_bursts,2.0,exact_k_switch_oracle,298.000000000000,4,1.910256410256,True
64,short_bursts,2.0,exact_unrestricted_oracle,156.000000000000,7,1.000000000000,True
64,short_bursts,8.0,tracking_wfa,211.000000000000,7,1.065656565657,True
64,short_bursts,8.0,initial_static,2232.000000000000,0,11.272727272727,True
64,short_bursts,8.0,best_fixed_hindsight,421.000000000000,1,2.126262626263,True
64,short_bursts,8.0,myopic_current_operation,198.000000000000,7,1.000000000000,True
64,short_bursts,8.0,cumulative_leader,396.000000000000,2,2.000000000000,True
64,short_bursts,8.0,exact_k_switch_oracle,322.000000000000,4,1.626262626263,True
64,short_bursts,8.0,exact_unrestricted_oracle,198.000000000000,7,1.000000000000,True
64,short_bursts,32.0,tracking_wfa,757.000000000000,8,2.068306010929,True
64,short_bursts,32.0,initial_static,2232.000000000000,0,6.098360655738,True
64,short_bursts,32.0,best_fixed_hindsight,445.000000000000,1,1.215846994536,True
64,short_bursts,32.0,myopic_current_operation,379.000000000000,7,1.035519125683,True
64,short_bursts,32.0,cumulative_leader,486.000000000000,2,1.327868852459,True
64,short_bursts,32.0,exact_k_switch_oracle,418.000000000000,4,1.142076502732,True
64,short_bursts,32.0,exact_unrestricted_oracle,366.000000000000,7,1.000000000000,True
64,random_iid,2.0,tracking_wfa,203.000000000000,37,1.015000000000,True
64,random_iid,2.0,initial_static,1457.000000000000,0,7.285000000000,True
64,random_iid,2.0,best_fixed_hindsight,345.000000000000,1,1.725000000000,True
64,random_iid,2.0,myopic_current_operation,200.000000000000,37,1.000000000000,True
64,random_iid,2.0,cumulative_leader,341.000000000000,1,1.705000000000,True
64,random_iid,2.0,exact_k_switch_oracle,316.000000000000,4,1.580000000000,True
64,random_iid,2.0,exact_unrestricted_oracle,200.000000000000,37,1.000000000000,True
64,random_iid,8.0,tracking_wfa,387.000000000000,11,1.144970414201,True
64,random_iid,8.0,initial_static,1457.000000000000,0,4.310650887574,True
64,random_iid,8.0,best_fixed_hindsight,351.000000000000,1,1.038461538462,True
64,random_iid,8.0,myopic_current_operation,411.000000000000,33,1.215976331361,True
64,random_iid,8.0,cumulative_leader,347.000000000000,1,1.026627218935,True
64,random_iid,8.0,exact_k_switch_oracle,340.000000000000,4,1.005917159763,True
64,random_iid,8.0,exact_unrestricted_oracle,338.000000000000,8,1.000000000000,True
64,random_iid,32.0,tracking_wfa,404.000000000000,1,1.088948787062,True
64,random_iid,32.0,initial_static,1457.000000000000,0,3.927223719677,True
64,random_iid,32.0,best_fixed_hindsight,375.000000000000,1,1.010781671159,True
64,random_iid,32.0,myopic_current_operation,1052.000000000000,25,2.835579514825,True
64,random_iid,32.0,cumulative_leader,371.000000000000,1,1.000000000000,True
64,random_iid,32.0,exact_k_switch_oracle,371.000000000000,1,1.000000000000,True
64,random_iid,32.0,exact_unrestricted_oracle,371.000000000000,1,1.000000000000,True
64,markov_bursty,2.0,tracking_wfa,142.000000000000,6,1.000000000000,True
64,markov_bursty,2.0,initial_static,1735.000000000000,0,12.218309859155,True
64,markov_bursty,2.0,best_fixed_hindsight,346.000000000000,1,2.436619718310,True
64,markov_bursty,2.0,myopic_current_operation,142.000000000000,6,1.000000000000,True
64,markov_bursty,2.0,cumulative_leader,338.000000000000,2,2.380281690141,True
64,markov_bursty,2.0,exact_k_switch_oracle,206.000000000000,4,1.450704225352,True
64,markov_bursty,2.0,exact_unrestricted_oracle,142.000000000000,6,1.000000000000,True
64,markov_bursty,8.0,tracking_wfa,178.000000000000,6,1.000000000000,True
64,markov_bursty,8.0,initial_static,1735.000000000000,0,9.747191011236,True
64,markov_bursty,8.0,best_fixed_hindsight,352.000000000000,1,1.977528089888,True
64,markov_bursty,8.0,myopic_current_operation,178.000000000000,6,1.000000000000,True
64,markov_bursty,8.0,cumulative_leader,350.000000000000,2,1.966292134831,True
64,markov_bursty,8.0,exact_k_switch_oracle,230.000000000000,4,1.292134831461,True
64,markov_bursty,8.0,exact_unrestricted_oracle,178.000000000000,6,1.000000000000,True
64,markov_bursty,32.0,tracking_wfa,636.000000000000,6,1.975155279503,True
64,markov_bursty,32.0,initial_static,1735.000000000000,0,5.388198757764,True
64,markov_bursty,32.0,best_fixed_hindsight,376.000000000000,1,1.167701863354,True
64,markov_bursty,32.0,myopic_current_operation,322.000000000000,6,1.000000000000,True
64,markov_bursty,32.0,cumulative_leader,398.000000000000,2,1.236024844720,True
64,markov_bursty,32.0,exact_k_switch_oracle,323.000000000000,3,1.003105590062,True
64,markov_bursty,32.0,exact_unrestricted_oracle,322.000000000000,5,1.000000000000,True
64,varying_ranges,2.0,tracking_wfa,191.000000000000,1,1.000000000000,True
64,varying_ranges,2.0,initial_static,2381.000000000000,0,12.465968586387,True
64,varying_ranges,2.0,best_fixed_hindsight,191.000000000000,1,1.000000000000,True
64,varying_ranges,2.0,myopic_current_operation,191.000000000000,1,1.000000000000,True
64,varying_ranges,2.0,cumulative_leader,191.000000000000,1,1.000000000000,True
64,varying_ranges,2.0,exact_k_switch_oracle,191.000000000000,1,1.000000000000,True
64,varying_ranges,2.0,exact_unrestricted_oracle,191.000000000000,1,1.000000000000,True
64,varying_ranges,8.0,tracking_wfa,209.000000000000,1,1.060913705584,True
64,varying_ranges,8.0,initial_static,2381.000000000000,0,12.086294416244,True
64,varying_ranges,8.0,best_fixed_hindsight,197.000000000000,1,1.000000000000,True
64,varying_ranges,8.0,myopic_current_operation,197.000000000000,1,1.000000000000,True
64,varying_ranges,8.0,cumulative_leader,197.000000000000,1,1.000000000000,True
64,varying_ranges,8.0,exact_k_switch_oracle,197.000000000000,1,1.000000000000,True
64,varying_ranges,8.0,exact_unrestricted_oracle,197.000000000000,1,1.000000000000,True
64,varying_ranges,32.0,tracking_wfa,258.000000000000,1,1.167420814480,True
64,varying_ranges,32.0,initial_static,2381.000000000000,0,10.773755656109,True
64,varying_ranges,32.0,best_fixed_hindsight,221.000000000000,1,1.000000000000,True
64,varying_ranges,32.0,myopic_current_operation,258.000000000000,1,1.167420814480,True
64,varying_ranges,32.0,cumulative_leader,233.000000000000,1,1.054298642534,True
64,varying_ranges,32.0,exact_k_switch_oracle,221.000000000000,1,1.000000000000,True
64,varying_ranges,32.0,exact_unrestricted_oracle,221.000000000000,1,1.000000000000,True
128,stable_points,2.0,tracking_wfa,96.000000000000,0,1.000000000000,True
128,stable_points,2.0,initial_static,96.000000000000,0,1.000000000000,True
128,stable_points,2.0,best_fixed_hindsight,96.000000000000,0,1.000000000000,True
128,stable_points,2.0,myopic_current_operation,96.000000000000,0,1.000000000000,True
128,stable_points,2.0,cumulative_leader,96.000000000000,0,1.000000000000,True
128,stable_points,2.0,exact_k_switch_oracle,96.000000000000,0,1.000000000000,True
128,stable_points,2.0,exact_unrestricted_oracle,96.000000000000,0,1.000000000000,True
128,stable_points,8.0,tracking_wfa,96.000000000000,0,1.000000000000,True
128,stable_points,8.0,initial_static,96.000000000000,0,1.000000000000,True
128,stable_points,8.0,best_fixed_hindsight,96.000000000000,0,1.000000000000,True
128,stable_points,8.0,myopic_current_operation,96.000000000000,0,1.000000000000,True
128,stable_points,8.0,cumulative_leader,96.000000000000,0,1.000000000000,True
128,stable_points,8.0,exact_k_switch_oracle,96.000000000000,0,1.000000000000,True
128,stable_points,8.0,exact_unrestricted_oracle,96.000000000000,0,1.000000000000,True
128,stable_points,32.0,tracking_wfa,96.000000000000,0,1.000000000000,True
128,stable_points,32.0,initial_static,96.000000000000,0,1.000000000000,True
128,stable_points,32.0,best_fixed_hindsight,96.000000000000,0,1.000000000000,True
128,stable_points,32.0,myopic_current_operation,96.000000000000,0,1.000000000000,True
128,stable_points,32.0,cumulative_leader,96.000000000000,0,1.000000000000,True
128,stable_points,32.0,exact_k_switch_oracle,96.000000000000,0,1.000000000000,True
128,stable_points,32.0,exact_unrestricted_oracle,96.000000000000,0,1.000000000000,True
128,stable_ranges,2.0,tracking_wfa,191.000000000000,1,1.000000000000,True
128,stable_ranges,2.0,initial_static,8856.000000000000,0,46.366492146597,True
128,stable_ranges,2.0,best_fixed_hindsight,191.000000000000,1,1.000000000000,True
128,stable_ranges,2.0,myopic_current_operation,191.000000000000,1,1.000000000000,True
128,stable_ranges,2.0,cumulative_leader,191.000000000000,1,1.000000000000,True
128,stable_ranges,2.0,exact_k_switch_oracle,191.000000000000,1,1.000000000000,True
128,stable_ranges,2.0,exact_unrestricted_oracle,191.000000000000,1,1.000000000000,True
128,stable_ranges,8.0,tracking_wfa,197.000000000000,1,1.000000000000,True
128,stable_ranges,8.0,initial_static,8856.000000000000,0,44.954314720812,True
128,stable_ranges,8.0,best_fixed_hindsight,197.000000000000,1,1.000000000000,True
128,stable_ranges,8.0,myopic_current_operation,197.000000000000,1,1.000000000000,True
128,stable_ranges,8.0,cumulative_leader,197.000000000000,1,1.000000000000,True
128,stable_ranges,8.0,exact_k_switch_oracle,197.000000000000,1,1.000000000000,True
128,stable_ranges,8.0,exact_unrestricted_oracle,197.000000000000,1,1.000000000000,True
128,stable_ranges,32.0,tracking_wfa,221.000000000000,1,1.000000000000,True
128,stable_ranges,32.0,initial_static,8856.000000000000,0,40.072398190045,True
128,stable_ranges,32.0,best_fixed_hindsight,221.000000000000,1,1.000000000000,True
128,stable_ranges,32.0,myopic_current_operation,221.000000000000,1,1.000000000000,True
128,stable_ranges,32.0,cumulative_leader,221.000000000000,1,1.000000000000,True
128,stable_ranges,32.0,exact_k_switch_oracle,221.000000000000,1,1.000000000000,True
128,stable_ranges,32.0,exact_unrestricted_oracle,221.000000000000,1,1.000000000000,True
128,stable_updates,2.0,tracking_wfa,96.000000000000,0,1.000000000000,True
128,stable_updates,2.0,initial_static,96.000000000000,0,1.000000000000,True
128,stable_updates,2.0,best_fixed_hindsight,96.000000000000,0,1.000000000000,True
128,stable_updates,2.0,myopic_current_operation,96.000000000000,0,1.000000000000,True
128,stable_updates,2.0,cumulative_leader,96.000000000000,0,1.000000000000,True
128,stable_updates,2.0,exact_k_switch_oracle,96.000000000000,0,1.000000000000,True
128,stable_updates,2.0,exact_unrestricted_oracle,96.000000000000,0,1.000000000000,True
128,stable_updates,8.0,tracking_wfa,96.000000000000,0,1.000000000000,True
128,stable_updates,8.0,initial_static,96.000000000000,0,1.000000000000,True
128,stable_updates,8.0,best_fixed_hindsight,96.000000000000,0,1.000000000000,True
128,stable_updates,8.0,myopic_current_operation,96.000000000000,0,1.000000000000,True
128,stable_updates,8.0,cumulative_leader,96.000000000000,0,1.000000000000,True
128,stable_updates,8.0,exact_k_switch_oracle,96.000000000000,0,1.000000000000,True
128,stable_updates,8.0,exact_unrestricted_oracle,96.000000000000,0,1.000000000000,True
128,stable_updates,32.0,tracking_wfa,96.000000000000,0,1.000000000000,True
128,stable_updates,32.0,initial_static,96.000000000000,0,1.000000000000,True
128,stable_updates,32.0,best_fixed_hindsight,96.000000000000,0,1.000000000000,True
128,stable_updates,32.0,myopic_current_operation,96.000000000000,0,1.000000000000,True
128,stable_updates,32.0,cumulative_leader,96.000000000000,0,1.000000000000,True
128,stable_updates,32.0,exact_k_switch_oracle,96.000000000000,0,1.000000000000,True
128,stable_updates,32.0,exact_unrestricted_oracle,96.000000000000,0,1.000000000000,True
128,mixed_read_heavy,2.0,tracking_wfa,159.000000000000,18,1.000000000000,True
128,mixed_read_heavy,2.0,initial_static,2529.000000000000,0,15.905660377358,True
128,mixed_read_heavy,2.0,best_fixed_hindsight,291.000000000000,1,1.830188679245,True
128,mixed_read_heavy,2.0,myopic_current_operation,159.000000000000,18,1.000000000000,True
128,mixed_read_heavy,2.0,cumulative_leader,279.000000000000,2,1.754716981132,True
128,mixed_read_heavy,2.0,exact_k_switch_oracle,265.000000000000,4,1.666666666667,True
128,mixed_read_heavy,2.0,exact_unrestricted_oracle,159.000000000000,18,1.000000000000,True
128,mixed_read_heavy,8.0,tracking_wfa,320.000000000000,21,1.198501872659,True
128,mixed_read_heavy,8.0,initial_static,2529.000000000000,0,9.471910112360,True
128,mixed_read_heavy,8.0,best_fixed_hindsight,297.000000000000,1,1.112359550562,True
128,mixed_read_heavy,8.0,myopic_current_operation,267.000000000000,18,1.000000000000,True
128,mixed_read_heavy,8.0,cumulative_leader,291.000000000000,2,1.089887640449,True
128,mixed_read_heavy,8.0,exact_k_switch_oracle,289.000000000000,4,1.082397003745,True
128,mixed_read_heavy,8.0,exact_unrestricted_oracle,267.000000000000,16,1.000000000000,True
128,mixed_read_heavy,32.0,tracking_wfa,339.000000000000,2,1.056074766355,True
128,mixed_read_heavy,32.0,initial_static,2529.000000000000,0,7.878504672897,True
128,mixed_read_heavy,32.0,best_fixed_hindsight,321.000000000000,1,1.000000000000,True
128,mixed_read_heavy,32.0,myopic_current_operation,593.000000000000,13,1.847352024922,True
128,mixed_read_heavy,32.0,cumulative_leader,339.000000000000,2,1.056074766355,True
128,mixed_read_heavy,32.0,exact_k_switch_oracle,321.000000000000,1,1.000000000000,True
128,mixed_read_heavy,32.0,exact_unrestricted_oracle,321.000000000000,1,1.000000000000,True
128,mixed_write_heavy,2.0,tracking_wfa,164.000000000000,22,1.012345679012,True
128,mixed_write_heavy,2.0,initial_static,2214.000000000000,0,13.666666666667,True
128,mixed_write_heavy,2.0,best_fixed_hindsight,458.000000000000,1,2.827160493827,True
128,mixed_write_heavy,2.0,myopic_current_operation,162.000000000000,22,1.000000000000,True
128,mixed_write_heavy,2.0,cumulative_leader,449.000000000000,2,2.771604938272,True
128,mixed_write_heavy,2.0,exact_k_switch_oracle,420.000000000000,4,2.592592592593,True
128,mixed_write_heavy,2.0,exact_unrestricted_oracle,162.000000000000,22,1.000000000000,True
128,mixed_write_heavy,8.0,tracking_wfa,313.000000000000,23,1.064625850340,True
128,mixed_write_heavy,8.0,initial_static,2214.000000000000,0,7.530612244898,True
128,mixed_write_heavy,8.0,best_fixed_hindsight,464.000000000000,1,1.578231292517,True
128,mixed_write_heavy,8.0,myopic_current_operation,296.000000000000,22,1.006802721088,True
128,mixed_write_heavy,8.0,cumulative_leader,461.000000000000,2,1.568027210884,True
128,mixed_write_heavy,8.0,exact_k_switch_oracle,444.000000000000,4,1.510204081633,True
128,mixed_write_heavy,8.0,exact_unrestricted_oracle,294.000000000000,22,1.000000000000,True
128,mixed_write_heavy,32.0,tracking_wfa,509.000000000000,2,1.043032786885,True
128,mixed_write_heavy,32.0,initial_static,2214.000000000000,0,4.536885245902,True
128,mixed_write_heavy,32.0,best_fixed_hindsight,488.000000000000,1,1.000000000000,True
128,mixed_write_heavy,32.0,myopic_current_operation,892.000000000000,22,1.827868852459,True
128,mixed_write_heavy,32.0,cumulative_leader,509.000000000000,2,1.043032786885,True
128,mixed_write_heavy,32.0,exact_k_switch_oracle,488.000000000000,1,1.000000000000,True
128,mixed_write_heavy,32.0,exact_unrestricted_oracle,488.000000000000,1,1.000000000000,True
128,point_to_range,2.0,tracking_wfa,145.000000000000,1,1.000000000000,True
128,point_to_range,2.0,initial_static,4430.000000000000,0,30.551724137931,True
128,point_to_range,2.0,best_fixed_hindsight,145.000000000000,1,1.000000000000,True
128,point_to_range,2.0,myopic_current_operation,145.000000000000,1,1.000000000000,True
128,point_to_range,2.0,cumulative_leader,145.000000000000,1,1.000000000000,True
128,point_to_range,2.0,exact_k_switch_oracle,145.000000000000,1,1.000000000000,True
128,point_to_range,2.0,exact_unrestricted_oracle,145.000000000000,1,1.000000000000,True
128,point_to_range,8.0,tracking_wfa,151.000000000000,1,1.000000000000,True
128,point_to_range,8.0,initial_static,4430.000000000000,0,29.337748344371,True
128,point_to_range,8.0,best_fixed_hindsight,151.000000000000,1,1.000000000000,True
128,point_to_range,8.0,myopic_current_operation,151.000000000000,1,1.000000000000,True
128,point_to_range,8.0,cumulative_leader,151.000000000000,1,1.000000000000,True
128,point_to_range,8.0,exact_k_switch_oracle,151.000000000000,1,1.000000000000,True
128,point_to_range,8.0,exact_unrestricted_oracle,151.000000000000,1,1.000000000000,True
128,point_to_range,32.0,tracking_wfa,175.000000000000,1,1.000000000000,True
128,point_to_range,32.0,initial_static,4430.000000000000,0,25.314285714286,True
128,point_to_range,32.0,best_fixed_hindsight,175.000000000000,1,1.000000000000,True
128,point_to_range,32.0,myopic_current_operation,175.000000000000,1,1.000000000000,True
128,point_to_range,32.0,cumulative_leader,175.000000000000,1,1.000000000000,True
128,point_to_range,32.0,exact_k_switch_oracle,175.000000000000,1,1.000000000000,True
128,point_to_range,32.0,exact_unrestricted_oracle,175.000000000000,1,1.000000000000,True
128,range_to_update,2.0,tracking_wfa,146.000000000000,2,1.000000000000,True
128,range_to_update,2.0,initial_static,4522.000000000000,0,30.972602739726,True
128,range_to_update,2.0,best_fixed_hindsight,546.000000000000,1,3.739726027397,True
128,range_to_update,2.0,myopic_current_operation,146.000000000000,2,1.000000000000,True
128,range_to_update,2.0,cumulative_leader,511.000000000000,2,3.500000000000,True
128,range_to_update,2.0,exact_k_switch_oracle,146.000000000000,2,1.000000000000,True
128,range_to_update,2.0,exact_unrestricted_oracle,146.000000000000,2,1.000000000000,True
128,range_to_update,8.0,tracking_wfa,158.000000000000,2,1.000000000000,True
128,range_to_update,8.0,initial_static,4522.000000000000,0,28.620253164557,True
128,range_to_update,8.0,best_fixed_hindsight,552.000000000000,1,3.493670886076,True
128,range_to_update,8.0,myopic_current_operation,158.000000000000,2,1.000000000000,True
128,range_to_update,8.0,cumulative_leader,523.000000000000,2,3.310126582278,True
128,range_to_update,8.0,exact_k_switch_oracle,158.000000000000,2,1.000000000000,True
128,range_to_update,8.0,exact_unrestricted_oracle,158.000000000000,2,1.000000000000,True
128,range_to_update,32.0,tracking_wfa,206.000000000000,2,1.000000000000,True
128,range_to_update,32.0,initial_static,4522.000000000000,0,21.951456310680,True
128,range_to_update,32.0,best_fixed_hindsight,576.000000000000,1,2.796116504854,True
128,range_to_update,32.0,myopic_current_operation,206.000000000000,2,1.000000000000,True
128,range_to_update,32.0,cumulative_leader,571.000000000000,2,2.771844660194,True
128,range_to_update,32.0,exact_k_switch_oracle,206.000000000000,2,1.000000000000,True
128,range_to_update,32.0,exact_unrestricted_oracle,206.000000000000,2,1.000000000000,True
128,update_to_range,2.0,tracking_wfa,145.000000000000,1,1.000000000000,True
128,update_to_range,2.0,initial_static,4430.000000000000,0,30.551724137931,True
128,update_to_range,2.0,best_fixed_hindsight,559.000000000000,1,3.855172413793,True
128,update_to_range,2.0,myopic_current_operation,145.000000000000,1,1.000000000000,True
128,update_to_range,2.0,cumulative_leader,532.000000000000,1,3.668965517241,True
128,update_to_range,2.0,exact_k_switch_oracle,145.000000000000,1,1.000000000000,True
128,update_to_range,2.0,exact_unrestricted_oracle,145.000000000000,1,1.000000000000,True
128,update_to_range,8.0,tracking_wfa,151.000000000000,1,1.000000000000,True
128,update_to_range,8.0,initial_static,4430.000000000000,0,29.337748344371,True
128,update_to_range,8.0,best_fixed_hindsight,565.000000000000,1,3.741721854305,True
128,update_to_range,8.0,myopic_current_operation,151.000000000000,1,1.000000000000,True
128,update_to_range,8.0,cumulative_leader,538.000000000000,1,3.562913907285,True
128,update_to_range,8.0,exact_k_switch_oracle,151.000000000000,1,1.000000000000,True
128,update_to_range,8.0,exact_unrestricted_oracle,151.000000000000,1,1.000000000000,True
128,update_to_range,32.0,tracking_wfa,175.000000000000,1,1.000000000000,True
128,update_to_range,32.0,initial_static,4430.000000000000,0,25.314285714286,True
128,update_to_range,32.0,best_fixed_hindsight,589.000000000000,1,3.365714285714,True
128,update_to_range,32.0,myopic_current_operation,175.000000000000,1,1.000000000000,True
128,update_to_range,32.0,cumulative_leader,562.000000000000,1,3.211428571429,True
128,update_to_range,32.0,exact_k_switch_oracle,175.000000000000,1,1.000000000000,True
128,update_to_range,32.0,exact_unrestricted_oracle,175.000000000000,1,1.000000000000,True
128,three_phase,2.0,tracking_wfa,131.000000000000,2,1.000000000000,True
128,three_phase,2.0,initial_static,2988.000000000000,0,22.809160305344,True
128,three_phase,2.0,best_fixed_hindsight,403.000000000000,1,3.076335877863,True
128,three_phase,2.0,myopic_current_operation,131.000000000000,2,1.000000000000,True
128,three_phase,2.0,cumulative_leader,371.000000000000,2,2.832061068702,True
128,three_phase,2.0,exact_k_switch_oracle,131.000000000000,2,1.000000000000,True
128,three_phase,2.0,exact_unrestricted_oracle,131.000000000000,2,1.000000000000,True
128,three_phase,8.0,tracking_wfa,143.000000000000,2,1.000000000000,True
128,three_phase,8.0,initial_static,2988.000000000000,0,20.895104895105,True
128,three_phase,8.0,best_fixed_hindsight,409.000000000000,1,2.860139860140,True
128,three_phase,8.0,myopic_current_operation,143.000000000000,2,1.000000000000,True
128,three_phase,8.0,cumulative_leader,383.000000000000,2,2.678321678322,True
128,three_phase,8.0,exact_k_switch_oracle,143.000000000000,2,1.000000000000,True
128,three_phase,8.0,exact_unrestricted_oracle,143.000000000000,2,1.000000000000,True
128,three_phase,32.0,tracking_wfa,252.000000000000,2,1.319371727749,True
128,three_phase,32.0,initial_static,2988.000000000000,0,15.643979057592,True
128,three_phase,32.0,best_fixed_hindsight,433.000000000000,1,2.267015706806,True
128,three_phase,32.0,myopic_current_operation,191.000000000000,2,1.000000000000,True
128,three_phase,32.0,cumulative_leader,431.000000000000,2,2.256544502618,True
128,three_phase,32.0,exact_k_switch_oracle,191.000000000000,2,1.000000000000,True
128,three_phase,32.0,exact_unrestricted_oracle,191.000000000000,2,1.000000000000,True
128,alternating_range_update,2.0,tracking_wfa,331.000000000000,94,1.000000000000,True
128,alternating_range_update,2.0,initial_static,4554.000000000000,0,13.758308157100,True
128,alternating_range_update,2.0,best_fixed_hindsight,526.000000000000,1,1.589123867069,True
128,alternating_range_update,2.0,myopic_current_operation,333.000000000000,96,1.006042296073,True
128,alternating_range_update,2.0,cumulative_leader,528.000000000000,2,1.595166163142,True
128,alternating_range_update,2.0,exact_k_switch_oracle,517.000000000000,4,1.561933534743,True
128,alternating_range_update,2.0,exact_unrestricted_oracle,331.000000000000,94,1.000000000000,True
128,alternating_range_update,8.0,tracking_wfa,540.000000000000,2,1.015037593985,True
128,alternating_range_update,8.0,initial_static,4554.000000000000,0,8.560150375940,True
128,alternating_range_update,8.0,best_fixed_hindsight,532.000000000000,1,1.000000000000,True
128,alternating_range_update,8.0,myopic_current_operation,885.000000000000,92,1.663533834586,True
128,alternating_range_update,8.0,cumulative_leader,540.000000000000,2,1.015037593985,True
128,alternating_range_update,8.0,exact_k_switch_oracle,532.000000000000,1,1.000000000000,True
128,alternating_range_update,8.0,exact_unrestricted_oracle,532.000000000000,1,1.000000000000,True
128,alternating_range_update,32.0,tracking_wfa,588.000000000000,2,1.057553956835,True
128,alternating_range_update,32.0,initial_static,4554.000000000000,0,8.190647482014,True
128,alternating_range_update,32.0,best_fixed_hindsight,556.000000000000,1,1.000000000000,True
128,alternating_range_update,32.0,myopic_current_operation,2731.000000000000,76,4.911870503597,True
128,alternating_range_update,32.0,cumulative_leader,588.000000000000,2,1.057553956835,True
128,alternating_range_update,32.0,exact_k_switch_oracle,556.000000000000,1,1.000000000000,True
128,alternating_range_update,32.0,exact_unrestricted_oracle,556.000000000000,1,1.000000000000,True
128,short_bursts,2.0,tracking_wfa,157.000000000000,7,1.000000000000,True
128,short_bursts,2.0,initial_static,4416.000000000000,0,28.127388535032,True
128,short_bursts,2.0,best_fixed_hindsight,478.000000000000,1,3.044585987261,True
128,short_bursts,2.0,myopic_current_operation,157.000000000000,7,1.000000000000,True
128,short_bursts,2.0,cumulative_leader,438.000000000000,2,2.789808917197,True
128,short_bursts,2.0,exact_k_switch_oracle,331.000000000000,4,2.108280254777,True
128,short_bursts,2.0,exact_unrestricted_oracle,157.000000000000,7,1.000000000000,True
128,short_bursts,8.0,tracking_wfa,199.000000000000,7,1.000000000000,True
128,short_bursts,8.0,initial_static,4416.000000000000,0,22.190954773869,True
128,short_bursts,8.0,best_fixed_hindsight,484.000000000000,1,2.432160804020,True
128,short_bursts,8.0,myopic_current_operation,199.000000000000,7,1.000000000000,True
128,short_bursts,8.0,cumulative_leader,450.000000000000,2,2.261306532663,True
128,short_bursts,8.0,exact_k_switch_oracle,355.000000000000,4,1.783919597990,True
128,short_bursts,8.0,exact_unrestricted_oracle,199.000000000000,7,1.000000000000,True
128,short_bursts,32.0,tracking_wfa,412.000000000000,7,1.122615803815,True
128,short_bursts,32.0,initial_static,4416.000000000000,0,12.032697547684,True
128,short_bursts,32.0,best_fixed_hindsight,508.000000000000,1,1.384196185286,True
128,short_bursts,32.0,myopic_current_operation,367.000000000000,7,1.000000000000,True
128,short_bursts,32.0,cumulative_leader,498.000000000000,2,1.356948228883,True
128,short_bursts,32.0,exact_k_switch_oracle,451.000000000000,4,1.228882833787,True
128,short_bursts,32.0,exact_unrestricted_oracle,367.000000000000,7,1.000000000000,True
128,random_iid,2.0,tracking_wfa,187.000000000000,27,1.010810810811,True
128,random_iid,2.0,initial_static,3369.000000000000,0,18.210810810811,True
128,random_iid,2.0,best_fixed_hindsight,389.000000000000,1,2.102702702703,True
128,random_iid,2.0,myopic_current_operation,185.000000000000,27,1.000000000000,True
128,random_iid,2.0,cumulative_leader,380.000000000000,2,2.054054054054,True
128,random_iid,2.0,exact_k_switch_oracle,320.000000000000,4,1.729729729730,True
128,random_iid,2.0,exact_unrestricted_oracle,185.000000000000,27,1.000000000000,True
128,random_iid,8.0,tracking_wfa,370.000000000000,11,1.124620060790,True
128,random_iid,8.0,initial_static,3369.000000000000,0,10.240121580547,True
128,random_iid,8.0,best_fixed_hindsight,395.000000000000,1,1.200607902736,True
128,random_iid,8.0,myopic_current_operation,349.000000000000,27,1.060790273556,True
128,random_iid,8.0,cumulative_leader,392.000000000000,2,1.191489361702,True
128,random_iid,8.0,exact_k_switch_oracle,344.000000000000,4,1.045592705167,True
128,random_iid,8.0,exact_unrestricted_oracle,329.000000000000,12,1.000000000000,True
128,random_iid,32.0,tracking_wfa,440.000000000000,2,1.086419753086,True
128,random_iid,32.0,initial_static,3369.000000000000,0,8.318518518519,True
128,random_iid,32.0,best_fixed_hindsight,419.000000000000,1,1.034567901235,True
128,random_iid,32.0,myopic_current_operation,970.000000000000,23,2.395061728395,True
128,random_iid,32.0,cumulative_leader,440.000000000000,2,1.086419753086,True
128,random_iid,32.0,exact_k_switch_oracle,405.000000000000,2,1.000000000000,True
128,random_iid,32.0,exact_unrestricted_oracle,405.000000000000,2,1.000000000000,True
128,markov_bursty,2.0,tracking_wfa,127.000000000000,7,1.000000000000,True
128,markov_bursty,2.0,initial_static,1774.000000000000,0,13.968503937008,True
128,markov_bursty,2.0,best_fixed_hindsight,336.000000000000,1,2.645669291339,True
128,markov_bursty,2.0,myopic_current_operation,127.000000000000,7,1.000000000000,True
128,markov_bursty,2.0,cumulative_leader,320.000000000000,2,2.519685039370,True
128,markov_bursty,2.0,exact_k_switch_oracle,223.000000000000,4,1.755905511811,True
128,markov_bursty,2.0,exact_unrestricted_oracle,127.000000000000,7,1.000000000000,True
128,markov_bursty,8.0,tracking_wfa,169.000000000000,7,1.000000000000,True
128,markov_bursty,8.0,initial_static,1774.000000000000,0,10.497041420118,True
128,markov_bursty,8.0,best_fixed_hindsight,342.000000000000,1,2.023668639053,True
128,markov_bursty,8.0,myopic_current_operation,169.000000000000,7,1.000000000000,True
128,markov_bursty,8.0,cumulative_leader,332.000000000000,2,1.964497041420,True
128,markov_bursty,8.0,exact_k_switch_oracle,247.000000000000,4,1.461538461538,True
128,markov_bursty,8.0,exact_unrestricted_oracle,169.000000000000,7,1.000000000000,True
128,markov_bursty,32.0,tracking_wfa,483.000000000000,5,1.454819277108,True
128,markov_bursty,32.0,initial_static,1774.000000000000,0,5.343373493976,True
128,markov_bursty,32.0,best_fixed_hindsight,366.000000000000,1,1.102409638554,True
128,markov_bursty,32.0,myopic_current_operation,337.000000000000,7,1.015060240964,True
128,markov_bursty,32.0,cumulative_leader,416.000000000000,2,1.253012048193,True
128,markov_bursty,32.0,exact_k_switch_oracle,343.000000000000,4,1.033132530120,True
128,markov_bursty,32.0,exact_unrestricted_oracle,332.000000000000,6,1.000000000000,True
128,varying_ranges,2.0,tracking_wfa,192.000000000000,1,1.000000000000,True
128,varying_ranges,2.0,initial_static,4969.000000000000,0,25.880208333333,True
128,varying_ranges,2.0,best_fixed_hindsight,192.000000000000,1,1.000000000000,True
128,varying_ranges,2.0,myopic_current_operation,192.000000000000,1,1.000000000000,True
128,varying_ranges,2.0,cumulative_leader,192.000000000000,1,1.000000000000,True
128,varying_ranges,2.0,exact_k_switch_oracle,192.000000000000,1,1.000000000000,True
128,varying_ranges,2.0,exact_unrestricted_oracle,192.000000000000,1,1.000000000000,True
128,varying_ranges,8.0,tracking_wfa,210.000000000000,1,1.060606060606,True
128,varying_ranges,8.0,initial_static,4969.000000000000,0,25.095959595960,True
128,varying_ranges,8.0,best_fixed_hindsight,198.000000000000,1,1.000000000000,True
128,varying_ranges,8.0,myopic_current_operation,198.000000000000,1,1.000000000000,True
128,varying_ranges,8.0,cumulative_leader,198.000000000000,1,1.000000000000,True
128,varying_ranges,8.0,exact_k_switch_oracle,198.000000000000,1,1.000000000000,True
128,varying_ranges,8.0,exact_unrestricted_oracle,198.000000000000,1,1.000000000000,True
128,varying_ranges,32.0,tracking_wfa,259.000000000000,1,1.166666666667,True
128,varying_ranges,32.0,initial_static,4969.000000000000,0,22.382882882883,True
128,varying_ranges,32.0,best_fixed_hindsight,222.000000000000,1,1.000000000000,True
128,varying_ranges,32.0,myopic_current_operation,259.000000000000,1,1.166666666667,True
128,varying_ranges,32.0,cumulative_leader,234.000000000000,1,1.054054054054,True
128,varying_ranges,32.0,exact_k_switch_oracle,222.000000000000,1,1.000000000000,True
128,varying_ranges,32.0,exact_unrestricted_oracle,222.000000000000,1,1.000000000000,True
